# Blender v3.0.0 OBJ File: 'carpenterWorkbench.blend'
# www.blender.org
mtllib carpenterWorkbench.mtl
o Workbench_Cube.013
v 1.805652 0.299887 -3.662428
v 1.805652 0.000000 -3.662428
v 1.805652 0.299887 3.662428
v 1.805652 0.000000 3.662428
v -1.805652 0.299887 -3.662428
v -1.805652 0.000000 -3.662428
v -1.805652 0.299887 3.662428
v -1.805652 0.000000 3.662428
v -2.173957 0.000000 -4.030733
v -2.173957 0.000000 4.030733
v 2.173957 0.000000 -4.030733
v 2.173957 0.299887 4.030733
v -2.173957 0.299887 4.030733
v 2.173957 0.299887 -4.030733
v 2.173957 0.000000 4.030733
v -2.173957 0.299887 -4.030733
v -1.805652 0.410568 3.662428
v -1.821640 0.449167 -3.678416
v -1.805652 0.410568 -3.662428
v -1.805652 -0.110681 3.662428
v 1.821640 -0.149281 3.678416
v 1.805652 -0.110681 3.662428
v -1.860240 0.465156 -3.717016
v 1.860240 -0.165269 3.717016
v -2.119370 -0.165269 3.976145
v 2.157969 -0.149281 4.014745
v 2.119370 -0.165269 3.976145
v 2.173957 -0.110681 4.030733
v -2.173957 0.410568 -4.030733
v -2.119370 0.465156 -3.976145
v -2.157969 0.449167 -4.014745
v -2.119370 0.465156 3.976145
v -2.173957 0.410568 4.030733
v -2.157969 0.449167 4.014745
v 2.173957 0.410568 -4.030733
v 2.119370 0.465156 -3.976145
v 2.157969 0.449167 -4.014745
v 2.119370 0.465156 3.976145
v 2.173957 0.410568 4.030733
v 2.157969 0.449167 4.014745
v -1.860240 0.465156 3.717016
v -1.821640 0.449167 3.678416
v 1.860240 0.465156 -3.717016
v 1.805652 0.410568 -3.662428
v 1.821640 0.449167 -3.678416
v 1.805652 0.410568 3.662428
v 1.860240 0.465156 3.717016
v 1.821640 0.449167 3.678416
v -2.173957 -0.110681 4.030733
v -2.157969 -0.149281 4.014745
v 2.173957 -0.110681 -4.030733
v 2.119370 -0.165269 -3.976145
v 2.157969 -0.149281 -4.014745
v -2.119370 -0.165269 -3.976145
v -2.173957 -0.110681 -4.030733
v -2.157969 -0.149281 -4.014745
v -1.860240 -0.165269 3.717016
v -1.821640 -0.149281 3.678416
v 1.860240 -0.165269 -3.717016
v 1.805652 -0.110681 -3.662428
v 1.821640 -0.149281 -3.678416
v -1.805652 -0.110681 -3.662428
v -1.860240 -0.165269 -3.717016
v -1.821640 -0.149281 -3.678416
v 1.811017 -2.759100 3.595963
v 1.811017 0.375804 3.595963
v 1.811017 -2.759100 3.227320
v 1.811017 0.375804 3.227320
v 2.151232 -2.759100 3.595963
v 2.151232 0.375804 3.595963
v 2.151232 -2.759100 3.227320
v 2.151232 0.375804 3.227320
v 1.811017 -2.212450 3.595963
v 1.811017 -2.212450 3.227320
v 2.151232 -2.212450 3.227320
v 2.151232 -2.212450 3.595963
v 1.811017 -2.086234 3.595963
v 1.811017 -2.086234 3.227320
v 2.151232 -2.086234 3.227320
v 2.151232 -2.086234 3.595963
v -1.811017 -2.759100 -3.595957
v -1.811017 -2.759100 3.595963
v -1.811017 0.375804 3.595963
v -1.811017 -2.759100 3.227320
v -1.811017 0.375804 3.227320
v -2.151232 -2.759100 3.595963
v -2.151232 0.375804 3.595963
v -2.151232 -2.759100 3.227320
v -2.151232 0.375804 3.227320
v -1.811017 -2.212450 3.595963
v -1.811017 -2.212450 3.227320
v -2.151232 -2.212450 3.227320
v -2.151232 -2.212450 3.595963
v -1.811017 -2.086234 3.595963
v -1.811017 -2.086234 3.227320
v -2.151232 -2.086234 3.227320
v -2.151232 -2.086234 3.595963
v 1.811017 -2.759100 -3.595963
v 1.811017 0.375804 -3.595963
v 1.811017 -2.759100 -3.227320
v 1.811017 0.375804 -3.227320
v 2.151232 -2.759100 -3.595963
v 2.151232 0.375804 -3.595963
v 2.151232 -2.759100 -3.227320
v 2.151232 0.375804 -3.227320
v 1.811017 -2.212450 -3.595963
v 1.811017 -2.212450 -3.227320
v 2.151232 -2.212450 -3.227320
v 2.151232 -2.212450 -3.595963
v 1.811017 -2.086234 -3.595963
v 1.811017 -2.086234 -3.227320
v 2.151232 -2.086234 -3.227320
v 2.151232 -2.086234 -3.595963
v -1.811017 0.375804 -3.595963
v -1.811017 -2.759100 -3.227320
v -1.811017 0.375804 -3.227320
v -2.151232 -2.759100 -3.595957
v -2.151232 0.375804 -3.595963
v -2.151232 -2.759100 -3.227320
v -2.151232 0.375804 -3.227320
v -1.811017 -2.212450 -3.595963
v -1.811017 -2.212450 -3.227320
v -2.151232 -2.212450 -3.227320
v -2.151232 -2.212450 -3.595963
v -1.811017 -2.086234 -3.595963
v -1.811017 -2.086234 -3.227320
v -2.151232 -2.086234 -3.227320
v -2.151232 -2.086234 -3.595963
v -0.551569 0.415040 -0.423795
v -0.623850 0.422728 0.078277
v -0.518335 0.379422 -0.418779
v -0.586240 0.382419 0.083952
v -0.519739 0.330470 -0.418991
v -0.587829 0.327022 0.083713
v -0.554958 0.296860 -0.424306
v -0.627686 0.288986 0.077698
v -0.603362 0.298280 -0.431611
v -0.682464 0.290593 0.069431
v -0.636596 0.333898 -0.436627
v -0.720074 0.330901 0.063755
v -0.635192 0.382850 -0.436415
v -0.718485 0.386299 0.063995
v -0.599972 0.416460 -0.431100
v -0.678628 0.424335 0.070010
v -0.623882 0.403305 0.020095
v -0.597329 0.374847 0.024103
v -0.598451 0.335735 0.023933
v -0.626590 0.308881 0.019687
v -0.665264 0.310016 0.013850
v -0.691817 0.338474 0.009843
v -0.690695 0.377585 0.010012
v -0.662556 0.404439 0.014259
v -0.591724 0.374847 -0.013041
v -0.592845 0.335735 -0.013210
v -0.620985 0.308881 -0.017456
v -0.659659 0.310016 -0.023293
v -0.686212 0.338474 -0.027300
v -0.685090 0.377585 -0.027131
v -0.656950 0.404439 -0.022884
v -0.618277 0.403305 -0.017048
v -0.512503 0.384878 -0.361371
v -0.514243 0.324193 -0.361633
v -0.557904 0.282527 -0.368222
v -0.617910 0.284287 -0.377278
v -0.659110 0.328442 -0.383496
v -0.657370 0.389128 -0.383233
v -0.613708 0.430794 -0.376644
v -0.553702 0.429034 -0.367588
v -0.511657 0.383512 -0.391027
v -0.513313 0.325765 -0.391277
v -0.554861 0.286116 -0.397547
v -0.611961 0.287791 -0.406165
v -0.651166 0.329809 -0.412081
v -0.649510 0.387556 -0.411831
v -0.607963 0.427205 -0.405561
v -0.550862 0.425530 -0.396944
v -0.651099 0.421401 -0.104924
v -0.689228 0.385014 -0.110678
v -0.690748 0.332018 -0.110907
v -0.654768 0.293457 -0.105478
v -0.602366 0.291920 -0.097569
v -0.564237 0.328307 -0.091815
v -0.562717 0.381303 -0.091586
v -0.598696 0.419863 -0.097016
v -0.587200 0.424899 -0.158052
v -0.548354 0.383266 -0.152190
v -0.549995 0.326048 -0.152438
v -0.591162 0.286762 -0.158650
v -0.647740 0.288422 -0.167189
v -0.686586 0.330055 -0.173051
v -0.684945 0.387273 -0.172803
v -0.643778 0.426559 -0.166591
v -0.654899 0.415243 -0.064036
v -0.689401 0.382317 -0.069243
v -0.690777 0.334362 -0.069450
v -0.658219 0.299469 -0.064537
v -0.610801 0.298078 -0.057381
v -0.576299 0.331004 -0.052174
v -0.574923 0.378959 -0.051967
v -0.607480 0.413852 -0.056880
v -0.588494 0.382419 0.098884
v -0.626104 0.422728 0.093208
v -0.590083 0.327022 0.098644
v -0.629940 0.288986 0.092629
v -0.684717 0.290593 0.084362
v -0.722327 0.330901 0.078686
v -0.720738 0.386299 0.078926
v -0.680881 0.424335 0.084941
v -0.647508 0.371608 0.081357
v -0.776547 0.356660 0.891475
v -0.638999 0.362488 0.082641
v -0.639358 0.349955 0.082587
v -0.648376 0.341349 0.081226
v -0.660769 0.341713 0.079356
v -0.669278 0.350832 0.078072
v -0.668919 0.363366 0.078126
v -0.659901 0.371971 0.079487
v -0.751631 0.367747 0.759701
v -0.745320 0.360983 0.760653
v -0.745586 0.351687 0.760613
v -0.752275 0.345304 0.759604
v -0.761467 0.345574 0.758217
v -0.767778 0.352338 0.757264
v -0.767511 0.361634 0.757304
v -0.760823 0.368016 0.758314
v -0.726619 0.361947 0.653705
v -0.726945 0.350578 0.653655
v -0.735125 0.342772 0.652421
v -0.746366 0.343102 0.650725
v -0.754085 0.351374 0.649560
v -0.753758 0.362743 0.649609
v -0.745579 0.370549 0.650843
v -0.734337 0.370219 0.652540
v 1.387393 0.372180 2.331447
v -1.312295 0.423948 2.943766
v 1.392296 0.438831 2.347518
v -1.302972 0.482469 2.956732
v 1.406946 0.478105 2.407604
v -1.287314 0.522655 3.020989
v 1.421805 0.466112 2.472455
v -1.261831 0.520453 3.130675
v 1.430508 0.412040 2.513989
v -1.311837 0.409383 2.946838
v 1.425606 0.345389 2.497918
v -1.258030 0.399730 3.156138
v 1.412322 0.307377 2.443615
v -1.281938 0.351927 3.056999
v 1.396097 0.318108 2.372981
v -1.299171 0.361746 2.982195
v -0.552113 0.405331 2.778129
v -0.547202 0.471982 2.794198
v -0.531543 0.512168 2.858455
v -0.512111 0.504380 2.942560
v -0.503398 0.450307 2.984092
v -0.508310 0.383657 2.968024
v -0.526168 0.341440 2.894465
v -0.543401 0.351259 2.819661
v 0.914132 0.439289 2.421067
v 0.937197 0.486343 2.516780
v 0.951132 0.473496 2.577719
v 0.959835 0.419423 2.619253
v 0.954933 0.352773 2.603183
v 0.942572 0.315615 2.552790
v 0.917933 0.318566 2.446530
v 0.909229 0.372639 2.404996
v 0.211473 0.392715 2.604332
v 0.215983 0.454033 2.619118
v 0.230368 0.491004 2.678238
v 0.246202 0.481970 2.747062
v 0.254209 0.432224 2.785273
v 0.249699 0.370906 2.770488
v 0.235314 0.333936 2.711367
v 0.219480 0.342969 2.642544
v -0.767037 0.407496 2.820472
v -0.762125 0.474147 2.836542
v -0.747735 0.513162 2.895439
v -0.725552 0.507913 2.991172
v -0.716840 0.453841 3.032704
v -0.721751 0.387190 3.016635
v -0.742360 0.342434 2.931449
v -0.758325 0.353424 2.862005
v -0.986822 0.410170 2.865958
v -0.981910 0.476821 2.882027
v -0.966252 0.517007 2.946284
v -0.940769 0.514804 3.055969
v -0.932056 0.460732 3.097502
v -0.936968 0.394081 3.081433
v -0.960877 0.346278 2.982294
v -0.978109 0.356098 2.907490
v 1.166483 0.424637 2.313931
v 1.200403 0.481727 2.455608
v 1.214450 0.468983 2.517021
v 1.223153 0.414911 2.558556
v 1.218251 0.348260 2.542485
v 1.205778 0.310999 2.491618
v 1.170283 0.303914 2.339394
v 1.161580 0.357986 2.297860
v 1.129280 0.360026 2.312352
v 1.134182 0.426677 2.328423
v 1.166538 0.482321 2.463478
v 1.180585 0.469577 2.524892
v 1.189289 0.415505 2.566426
v 1.184386 0.348854 2.550355
v 1.171914 0.311593 2.499489
v 1.137983 0.305954 2.353886
v 1.199874 0.426041 2.315604
v 1.231682 0.481179 2.448338
v 1.245729 0.468435 2.509752
v 1.254432 0.414363 2.551286
v 1.249530 0.347712 2.535215
v 1.237057 0.310451 2.484348
v 1.203675 0.305318 2.341068
v 1.194972 0.359391 2.299534
v -1.306832 0.409295 2.945674
v -1.307291 0.423860 2.942601
v -1.277270 0.415280 2.933540
v -1.254169 0.472904 3.167196
v -1.253711 0.458339 3.170268
v -1.222505 0.465842 3.165084
v -1.259174 0.472992 3.168360
v -1.258715 0.458427 3.171432
v -1.031269 0.409112 2.867576
v -1.275174 0.505894 2.904131
v -1.034182 0.501654 2.848057
v -1.251167 0.567504 3.002645
v -1.010176 0.563264 2.946572
v -1.212098 0.564129 3.170809
v -0.971107 0.559889 3.114735
v -1.198741 0.481228 3.234483
v -0.957750 0.476988 3.178409
v -1.206271 0.379043 3.209848
v -0.965280 0.374803 3.153774
v -1.242926 0.305755 3.057854
v -1.001935 0.301516 3.001780
v -1.269346 0.320809 2.943169
v -1.028355 0.316570 2.887095
v -1.272819 0.412836 2.921288
v -1.110901 0.503004 2.865907
v -1.107987 0.410462 2.885427
v -1.105073 0.317919 2.904946
v -1.515267 0.319364 2.514315
v -0.908615 0.307739 2.368648
v -1.117467 0.327111 2.850987
v -1.281740 0.330001 2.889211
v -1.122031 0.472094 2.820407
v -1.119749 0.399602 2.835697
v -1.284022 0.402493 2.873920
v -1.286304 0.474984 2.858630
v -1.126943 0.332211 2.809875
v -1.130660 0.450278 2.784973
v -1.294933 0.453168 2.823196
v -1.291216 0.335101 2.848099
v -1.128802 0.391245 2.797424
v -1.293075 0.394135 2.835647
v -1.100630 0.330374 2.693331
v -1.103027 0.406516 2.677271
v -1.335323 0.410602 2.731322
v -1.332926 0.334461 2.747382
v -1.101828 0.368445 2.685301
v -1.334124 0.372532 2.739352
v -0.976441 0.323795 2.621025
v -0.978551 0.390827 2.606887
v -1.354700 0.398396 2.698920
v -1.352589 0.331365 2.713058
v -0.977496 0.357311 2.613956
v -1.353644 0.364880 2.705989
v -0.959169 0.320286 2.576591
v -0.960959 0.377142 2.564599
v -1.375948 0.385394 2.665669
v -1.374158 0.328539 2.677661
v -0.960064 0.348714 2.570595
v -1.375053 0.356967 2.671665
v -0.942279 0.315586 2.525654
v -0.943737 0.361898 2.515886
v -1.406532 0.370991 2.628080
v -1.405074 0.324680 2.637848
v -0.943008 0.338742 2.520770
v -1.405803 0.347836 2.632964
v -0.927626 0.312561 2.474881
v -0.928650 0.345055 2.468027
v -1.440213 0.355007 2.591569
v -1.439190 0.322513 2.598422
v -0.928138 0.328808 2.471454
v -1.439702 0.338760 2.594995
v -0.918105 0.309661 2.421868
v -0.918648 0.326887 2.418235
v -1.477756 0.337675 2.552839
v -1.477214 0.320449 2.556472
v -0.918377 0.318274 2.420051
v -1.477485 0.329062 2.554655
v -1.302211 0.335384 2.815094
v -1.133375 0.384158 2.764509
v -1.303841 0.387157 2.804174
v -1.131745 0.332385 2.775430
v -1.135005 0.435932 2.753589
v -1.305471 0.438931 2.793254
v -1.129367 0.332441 2.740097
v -1.132179 0.421768 2.721256
v -1.317420 0.425027 2.764358
v -1.314608 0.335700 2.783199
v -1.130773 0.377104 2.730676
v -1.316014 0.380363 2.773779
v -1.115943 0.330673 2.715683
v -1.118577 0.414339 2.698035
v -1.326690 0.418000 2.746460
v -1.324056 0.334335 2.764107
v -1.117260 0.372506 2.706859
v -1.325373 0.376168 2.755283
v -1.341199 0.333196 2.733328
v -1.051520 0.364276 2.658026
v -1.342339 0.369392 2.725694
v -1.050380 0.328080 2.665660
v -1.052660 0.400472 2.650391
v -1.343478 0.405588 2.718059
v -0.990987 0.326457 2.644531
v -0.993208 0.397005 2.629651
v -1.346617 0.403223 2.711883
v -1.344396 0.332675 2.726763
v -0.992098 0.361731 2.637091
v -1.345507 0.367949 2.719323
v -1.204168 0.473539 2.839519
v -1.199603 0.328556 2.870099
v -1.212797 0.451723 2.804084
v -1.209080 0.333656 2.828987
v -1.219175 0.408559 2.704297
v -1.216778 0.332418 2.720356
v -1.166625 0.394611 2.652903
v -1.164515 0.327580 2.667042
v -1.168454 0.381268 2.615134
v -1.166664 0.324413 2.627126
v -1.175134 0.366445 2.571983
v -1.173676 0.320133 2.581751
v -1.184431 0.350031 2.529798
v -1.183408 0.317537 2.536652
v -1.205297 0.325730 2.455539
v -1.204754 0.308504 2.459172
v -1.193037 0.504449 2.885019
v -1.187210 0.319364 2.924057
v -1.216978 0.333884 2.795262
v -1.220238 0.437432 2.773422
v -1.221987 0.334070 2.761648
v -1.224800 0.423397 2.742807
v -1.219999 0.332504 2.739895
v -1.222633 0.416169 2.722248
v -1.195790 0.330638 2.699494
v -1.198069 0.403030 2.684225
v -1.167692 0.329566 2.685647
v -1.169913 0.400114 2.670767
v -1.221194 0.305009 2.402363
v -1.148851 0.318690 2.915132
v -1.163100 0.472816 2.829963
v -1.171728 0.451001 2.794528
v -1.161101 0.407537 2.690784
v -1.072588 0.392719 2.629895
v -1.064707 0.379205 2.589866
v -1.059435 0.364171 2.543934
v -1.056540 0.347543 2.498913
v -1.062785 0.325558 2.433449
v -1.177621 0.436682 2.763505
v -1.178489 0.422582 2.732032
v -1.170605 0.415254 2.710142
v -1.125364 0.401751 2.667308
v -1.081560 0.398560 2.650209
v -1.158535 0.327833 2.860543
v -1.168011 0.332934 2.819431
v -1.158704 0.331396 2.706844
v -1.070478 0.325688 2.644033
v -1.062917 0.322349 2.601858
v -1.057977 0.317860 2.553703
v -1.055517 0.315049 2.505766
v -1.062243 0.308332 2.437082
v -1.151969 0.503727 2.875463
v -1.146142 0.318642 2.914502
v -1.174361 0.333135 2.785346
v -1.175677 0.333256 2.750872
v -1.167971 0.331589 2.727789
v -1.123085 0.329359 2.682577
v -1.079339 0.328011 2.665089
v -1.066315 0.305072 2.379543
v -1.072541 0.502329 2.856982
v -1.069628 0.409787 2.876501
v -1.066714 0.317244 2.896021
v -1.240672 0.329279 2.879655
v -1.250148 0.334379 2.838543
v -1.274852 0.333439 2.733869
v -1.258552 0.329472 2.690050
v -1.270411 0.326476 2.652393
v -1.289375 0.322406 2.609799
v -1.311299 0.320025 2.567537
v -1.341797 0.313726 2.504384
v -1.234105 0.505172 2.894575
v -1.228278 0.320087 2.933613
v -1.259595 0.334634 2.805178
v -1.268298 0.334885 2.772423
v -1.272027 0.333419 2.752001
v -1.268494 0.331917 2.716411
v -1.256044 0.331120 2.706205
v -1.369641 0.310884 2.452376
v -1.245236 0.474261 2.849075
v -1.253865 0.452446 2.813640
v -1.277249 0.409581 2.717809
v -1.260662 0.396504 2.675911
v -1.272201 0.383331 2.640401
v -1.290833 0.368718 2.600031
v -1.312322 0.352519 2.560683
v -1.342340 0.330952 2.500751
v -1.262855 0.438181 2.783338
v -1.271110 0.424212 2.753582
v -1.274661 0.417085 2.734354
v -1.270774 0.404309 2.701142
v -1.258265 0.401668 2.691324
v -1.147496 0.318666 2.914817
v -1.153323 0.503751 2.875779
v 0.549688 -2.077768 1.541489
v 0.256813 -2.120348 2.881184
v 1.139058 -2.120348 2.491608
v -0.486330 -2.120348 1.198239
v 0.597938 -2.077768 1.540373
v 0.395915 -2.120348 0.808664
v 0.285611 -2.079644 2.806841
v 0.632844 -2.077768 1.573701
v 0.869427 -2.079644 2.549043
v 0.633960 -2.077768 1.621950
v 0.447460 -2.079644 1.064957
v 0.256813 -2.079644 2.881184
v -0.486330 -2.079644 1.198239
v 0.600632 -2.077768 1.656857
v 1.139058 -2.079644 2.491608
v 0.395915 -2.079644 0.808664
v 0.552382 -2.077768 1.657973
v -0.331643 -2.079644 1.408988
v 0.614248 -2.079644 1.442670
v 0.517476 -2.077768 1.624644
v 0.418960 -2.079644 1.528903
v 0.285611 -1.629463 2.806841
v 0.516360 -2.077768 1.576395
v 0.869427 -1.629463 2.549043
v 1.064714 -1.629463 2.462810
v 0.635273 -2.077768 1.735307
v 0.447460 -1.629463 1.064957
v 0.367116 -1.629463 0.883007
v 0.683522 -2.077768 1.734191
v 0.256813 -1.629463 2.881184
v -0.411987 -1.629463 1.227038
v 0.718429 -2.077768 1.767519
v -0.486330 -1.629463 1.198239
v 1.139058 -1.629463 2.491608
v 0.719545 -2.077768 1.815768
v 0.395915 -1.629463 0.808664
v -0.331643 -1.629463 1.408988
v 0.686217 -2.077768 1.850675
v 0.614248 -1.629463 1.442670
v 0.418960 -1.629463 1.528903
v 0.637967 -2.077768 1.851791
v 0.418726 -1.629463 0.860323
v -0.463519 -1.629463 1.249899
v 0.603061 -2.077768 1.818462
v 1.116532 -1.629463 2.440596
v 0.234287 -1.629463 2.830171
v 0.601945 -2.077768 1.770213
v 0.528154 -0.889877 2.700407
v 0.720858 -2.077768 1.929125
v 0.112298 -0.889877 0.933901
v 0.135109 -0.889877 0.985561
v 0.390716 -1.115462 2.761096
v 0.769107 -2.077768 1.928009
v 0.413242 -1.115462 2.812109
v 0.272548 -1.115462 0.924872
v 0.804014 -2.077768 1.961337
v 0.249736 -1.115462 0.873212
v 0.805130 -2.077768 2.009587
v 0.855441 -0.889877 2.616846
v 0.550680 -0.889877 2.751420
v 0.992879 -1.115462 2.556157
v 0.771801 -2.077768 2.044493
v -0.329901 -1.115462 1.129164
v 0.723552 -2.077768 2.045609
v -0.307089 -1.115462 1.180824
v 0.970353 -1.115462 2.505144
v -0.437694 -1.368854 1.176763
v 0.688646 -2.077768 2.012281
v 0.347279 -1.368854 0.830140
v 0.370090 -1.368854 0.881800
v 0.687530 -2.077768 1.964031
v -0.414883 -1.368854 1.228423
v 0.806443 -2.077768 2.122943
v 1.067896 -1.368854 2.462072
v 1.090422 -1.368854 2.513085
v 0.854692 -2.077768 2.121827
v 0.305449 -1.368854 2.859708
v 0.282923 -1.368854 2.808695
v -0.192462 -0.889877 1.068475
v 0.889599 -2.077768 2.155156
v -0.169651 -0.889877 1.120135
v 0.832915 -0.889877 2.565833
v 0.890715 -2.077768 2.203405
v 0.857386 -2.077768 2.238311
v 0.809137 -2.077768 2.239427
v 0.774231 -2.077768 2.206099
v 0.773115 -2.077768 2.157850
v 0.892028 -2.077768 2.316761
v 0.940277 -2.077768 2.315645
v 0.975183 -2.077768 2.348974
v 0.976300 -2.077768 2.397223
v 0.942971 -2.077768 2.432129
v 0.894722 -2.077768 2.433245
v 0.859815 -2.077768 2.399917
v 0.858700 -2.077768 2.351668
v -0.322567 -2.077768 1.294540
v -0.323683 -2.077768 1.246291
v -0.290355 -2.077768 1.211384
v -0.242105 -2.077768 1.210268
v -0.207199 -2.077768 1.243596
v -0.206083 -2.077768 1.291846
v -0.239411 -2.077768 1.326752
v -0.287660 -2.077768 1.327868
v -0.128749 -2.077768 1.208955
v -0.129865 -2.077768 1.160706
v -0.096536 -2.077768 1.125799
v -0.048287 -2.077768 1.124683
v -0.013381 -2.077768 1.158011
v -0.012265 -2.077768 1.206261
v -0.045593 -2.077768 1.241167
v -0.093842 -2.077768 1.242283
v 0.065070 -2.077768 1.123370
v 0.063954 -2.077768 1.075121
v 0.097282 -2.077768 1.040214
v 0.145531 -2.077768 1.039098
v 0.180438 -2.077768 1.072427
v 0.181553 -2.077768 1.120676
v 0.148225 -2.077768 1.155582
v 0.099976 -2.077768 1.156698
v 0.258888 -2.077768 1.037785
v 0.257772 -2.077768 0.989536
v 0.291100 -2.077768 0.954629
v 0.339349 -2.077768 0.953514
v 0.374256 -2.077768 0.986842
v 0.375372 -2.077768 1.035091
v 0.342043 -2.077768 1.069998
v 0.293794 -2.077768 1.071113
v 0.976300 -1.629463 2.397223
v 0.769107 -1.629463 1.928009
v -0.045593 -1.629463 1.241167
v 0.942971 -1.629463 2.432129
v 0.804014 -1.629463 1.961337
v -0.093842 -1.629463 1.242283
v 0.894722 -1.629463 2.433245
v 0.805130 -1.629463 2.009587
v -0.128749 -1.629463 1.208955
v 0.781292 -1.629463 2.034553
v 0.859815 -1.629463 2.399917
v 0.065070 -1.629463 1.123370
v 0.063954 -1.629463 1.075121
v 0.809137 -1.629463 2.239427
v 0.858700 -1.629463 2.351668
v 0.892028 -1.629463 2.316761
v 0.857386 -1.629463 2.238311
v 0.882537 -1.629463 2.326702
v 0.866877 -1.629463 2.228371
v 0.771801 -1.629463 2.044493
v 0.806443 -1.629463 2.122943
v 0.796952 -1.629463 2.132884
v 0.854692 -1.629463 2.121827
v 0.719545 -1.629463 1.815768
v 0.718429 -1.629463 1.767519
v 0.889599 -1.629463 2.155156
v 0.975183 -1.629463 2.348974
v 0.097282 -1.629463 1.040214
v 0.723552 -1.629463 2.045609
v 0.940277 -1.629463 2.315645
v 0.890715 -1.629463 2.203405
v -0.322567 -1.629463 1.294540
v 0.683522 -1.629463 1.734191
v 0.145531 -1.629463 1.039098
v -0.323683 -1.629463 1.246291
v 0.688646 -1.629463 2.012281
v 0.726416 -1.629463 1.928996
v 0.180438 -1.629463 1.072427
v -0.290355 -1.629463 1.211384
v 0.687530 -1.629463 1.964031
v 0.181553 -1.629463 1.120676
v -0.242105 -1.629463 1.210268
v 0.720858 -1.629463 1.929125
v 0.148225 -1.629463 1.155582
v -0.207199 -1.629463 1.243596
v 0.099976 -1.629463 1.156698
v -0.206083 -1.629463 1.291846
v 0.774231 -1.629463 2.206099
v -0.239411 -1.629463 1.326752
v 0.603061 -1.629463 1.818462
v 0.517476 -1.629463 1.624644
v 0.258888 -1.629463 1.037785
v 0.773115 -1.629463 2.157850
v 0.637967 -1.629463 1.851791
v 0.601945 -1.629463 1.770213
v 0.552382 -1.629463 1.657973
v 0.257772 -1.629463 0.989536
v -0.287660 -1.629463 1.327868
v 0.516360 -1.629463 1.576395
v 0.686217 -1.629463 1.850675
v 0.635273 -1.629463 1.735307
v 0.600632 -1.629463 1.656857
v 0.625782 -1.629463 1.745247
v 0.632844 -1.629463 1.573701
v 0.597938 -1.629463 1.540373
v 0.633960 -1.629463 1.621950
v 0.610123 -1.629463 1.646916
v 0.291100 -1.629463 0.954629
v 0.695707 -1.629463 1.840734
v 0.549688 -1.629463 1.541489
v 0.339349 -1.629463 0.953514
v 0.374256 -1.629463 0.986842
v -0.129865 -1.629463 1.160706
v 0.375372 -1.629463 1.035091
v -0.096536 -1.629463 1.125799
v 0.342043 -1.629463 1.069998
v -0.012265 -1.629463 1.206261
v -0.013121 -1.629463 1.169225
v -0.048287 -1.629463 1.124683
v 0.293794 -1.629463 1.071113
v -0.013381 -1.629463 1.158011
v -0.062529 -0.991388 0.964226
v 0.715256 -0.991388 2.725622
v -0.021822 -1.009820 0.946251
v 0.755963 -1.009820 2.707647
v -0.004960 -1.054319 0.938805
v 0.772824 -1.054319 2.700201
v -0.021822 -1.098818 0.946251
v 0.755963 -1.098818 2.707647
v -0.062529 -1.117250 0.964226
v 0.715256 -1.117250 2.725622
v -0.103236 -1.098818 0.982201
v 0.674549 -1.098818 2.743597
v -0.120097 -1.054319 0.989646
v 0.657688 -1.054319 2.751042
v -0.103236 -1.009820 0.982201
v 0.674549 -1.009820 2.743597
v 0.189064 -1.007850 1.533991
v 0.463663 -0.985268 2.155857
v 0.497960 -1.000798 2.140712
v 0.223361 -1.023379 1.518846
v 0.512166 -1.038289 2.134439
v 0.237567 -1.060871 1.512573
v 0.497960 -1.075781 2.140712
v 0.223361 -1.098362 1.518846
v 0.463663 -1.091310 2.155857
v 0.189064 -1.113892 1.533991
v 0.429367 -1.075781 2.171001
v 0.154767 -1.098362 1.549135
v 0.415160 -1.038289 2.177274
v 0.140561 -1.060871 1.555408
v 0.429367 -1.000798 2.171001
v 0.154767 -1.023379 1.549135
v 0.697971 -0.998946 2.686477
v 0.732267 -1.014475 2.671333
v 0.746474 -1.051967 2.665060
v 0.732267 -1.089458 2.671333
v 0.697971 -1.104988 2.686477
v 0.663674 -1.089458 2.701622
v 0.649468 -1.051967 2.707895
v 0.663674 -1.014475 2.701622
v -0.011280 -1.017780 0.987472
v 0.002926 -1.055272 0.981198
v -0.011280 -1.092763 0.987472
v -0.045577 -1.108293 1.002616
v -0.079873 -1.092763 1.017760
v -0.094079 -1.055272 1.024034
v -0.079873 -1.017780 1.017760
v -0.045577 -1.002251 1.002616
v -0.074650 -1.042064 0.936775
v -0.066723 -1.045653 0.933274
v 0.735305 -1.045653 2.749573
v 0.727378 -1.042064 2.753073
v -0.063440 -1.054319 0.931824
v 0.738588 -1.054319 2.748123
v -0.066723 -1.062984 0.933274
v 0.735305 -1.062984 2.749573
v -0.074650 -1.066574 0.936775
v 0.727378 -1.066574 2.753073
v -0.082578 -1.062984 0.940275
v 0.719451 -1.062984 2.756573
v -0.085861 -1.054319 0.941725
v 0.716167 -1.054319 2.758024
v -0.082578 -1.045653 0.940275
v 0.719451 -1.045653 2.756573
v -0.076907 -1.007084 0.931665
v -0.046353 -1.020919 0.918173
v 0.760188 -1.020919 2.744691
v 0.729634 -1.007084 2.758183
v -0.033698 -1.054319 0.912584
v 0.772843 -1.054319 2.739103
v -0.046353 -1.087718 0.918173
v 0.760188 -1.087718 2.744691
v -0.076907 -1.101553 0.931665
v 0.729634 -1.101553 2.758183
v -0.107460 -1.087718 0.945156
v 0.699081 -1.087718 2.771675
v -0.120116 -1.054319 0.950745
v 0.686425 -1.054319 2.777263
v -0.107460 -1.020919 0.945156
v 0.699081 -1.020919 2.771675
v -0.076907 -1.022498 0.931665
v -0.056324 -1.031818 0.922576
v 0.750217 -1.031818 2.749094
v 0.729634 -1.022498 2.758183
v -0.047798 -1.054319 0.918811
v 0.758743 -1.054319 2.745330
v -0.056324 -1.076819 0.922576
v 0.750217 -1.076819 2.749094
v -0.076907 -1.086139 0.931665
v 0.729634 -1.086139 2.758183
v -0.097490 -1.076819 0.940753
v 0.709051 -1.076819 2.767272
v -0.106016 -1.054319 0.944518
v 0.700526 -1.054319 2.771037
v -0.097490 -1.031818 0.940753
v 0.709051 -1.031818 2.767272
v -0.074650 -1.023079 0.936775
v -0.054443 -1.032229 0.927852
v 0.747585 -1.032229 2.744150
v 0.727378 -1.023080 2.753073
v -0.046073 -1.054319 0.924156
v 0.755955 -1.054319 2.740454
v -0.054443 -1.076408 0.927852
v 0.747585 -1.076408 2.744150
v -0.074650 -1.085558 0.936775
v 0.727378 -1.085558 2.753073
v -0.094858 -1.076408 0.945697
v 0.707171 -1.076408 2.761996
v -0.103228 -1.054319 0.949393
v 0.698801 -1.054319 2.765692
v -0.094858 -1.032229 0.945697
v 0.707171 -1.032229 2.761996
v -0.076046 -1.042064 0.933615
v -0.068119 -1.045653 0.930115
v 0.736700 -1.045653 2.752732
v 0.728773 -1.042064 2.756233
v -0.064835 -1.054319 0.928665
v 0.739983 -1.054319 2.751282
v -0.068119 -1.062984 0.930115
v 0.736700 -1.062984 2.752732
v -0.076046 -1.066574 0.933615
v 0.728773 -1.066574 2.756233
v -0.083973 -1.062984 0.937115
v 0.720846 -1.062984 2.759733
v -0.087256 -1.054319 0.938565
v 0.717562 -1.054319 2.761183
v -0.083973 -1.045653 0.937115
v 0.720846 -1.045653 2.759733
v -0.077067 -1.045200 0.931301
v -0.071169 -1.047871 0.928697
v 0.735693 -1.047871 2.755941
v 0.729795 -1.045200 2.758546
v -0.068725 -1.054319 0.927618
v 0.738136 -1.054319 2.754863
v -0.071169 -1.060767 0.928697
v 0.735693 -1.060767 2.755941
v -0.077067 -1.063438 0.931301
v 0.729795 -1.063438 2.758546
v -0.082966 -1.060767 0.933906
v 0.723896 -1.060767 2.761151
v -0.085409 -1.054319 0.934985
v 0.721453 -1.054319 2.762230
v -0.082966 -1.047871 0.933906
v 0.723896 -1.047871 2.761151
v -1.489812 0.427010 0.288906
v -1.280778 0.435436 0.751067
v -1.448588 0.408269 0.270260
v -1.234125 0.414227 0.729967
v -1.431513 0.363025 0.262537
v -1.214801 0.363025 0.721226
v -1.448588 0.317780 0.270260
v -1.234125 0.311822 0.729967
v -1.489812 0.299039 0.288906
v -1.280778 0.290614 0.751067
v -1.531036 0.317780 0.307552
v -1.327430 0.311822 0.772168
v -1.548112 0.363025 0.315275
v -1.346754 0.363025 0.780908
v -1.531036 0.408269 0.307552
v -1.327430 0.414227 0.772168
v -1.304484 0.414148 0.698654
v -1.271547 0.399174 0.683757
v -1.257904 0.363025 0.677586
v -1.271547 0.326875 0.683757
v -1.304484 0.311902 0.698654
v -1.337421 0.326875 0.713552
v -1.351064 0.363025 0.719722
v -1.337421 0.399174 0.713552
v -1.287027 0.399174 0.649531
v -1.273384 0.363025 0.643360
v -1.287027 0.326875 0.649531
v -1.319964 0.311902 0.664429
v -1.352901 0.326875 0.679326
v -1.366544 0.363025 0.685497
v -1.352901 0.399174 0.679326
v -1.319964 0.414148 0.664429
v -1.415672 0.419114 0.316720
v -1.394504 0.363025 0.307146
v -1.415672 0.306935 0.316720
v -1.466777 0.283702 0.339835
v -1.517883 0.306935 0.362950
v -1.539051 0.363025 0.372524
v -1.517883 0.419114 0.362950
v -1.466777 0.442347 0.339835
v -1.430284 0.416399 0.291005
v -1.410140 0.363025 0.281894
v -1.430284 0.309651 0.291005
v -1.478914 0.287543 0.313001
v -1.527545 0.309651 0.334996
v -1.547689 0.363025 0.344107
v -1.527545 0.416399 0.334996
v -1.478914 0.438507 0.313001
v -1.398384 0.412007 0.609906
v -1.416871 0.363025 0.618268
v -1.398384 0.314042 0.609906
v -1.353755 0.293753 0.589720
v -1.309125 0.314042 0.569534
v -1.290639 0.363025 0.561173
v -1.309125 0.412007 0.569534
v -1.353755 0.432296 0.589720
v -1.379333 0.437815 0.533167
v -1.331148 0.415910 0.511373
v -1.311189 0.363025 0.502346
v -1.331148 0.310140 0.511373
v -1.379333 0.288234 0.533167
v -1.427519 0.310140 0.554962
v -1.447478 0.363025 0.563989
v -1.427519 0.415910 0.554962
v -1.377244 0.407348 0.645340
v -1.393972 0.363025 0.652906
v -1.377244 0.318701 0.645340
v -1.336860 0.300342 0.627074
v -1.296475 0.318701 0.608809
v -1.279747 0.363025 0.601242
v -1.296475 0.407348 0.608809
v -1.336860 0.425708 0.627074
v -1.227903 0.414227 0.743725
v -1.274555 0.435436 0.764826
v -1.208578 0.363025 0.734985
v -1.227903 0.311822 0.743725
v -1.274555 0.290614 0.764826
v -1.321207 0.311822 0.785927
v -1.340531 0.363025 0.794667
v -1.321207 0.414227 0.785927
v -1.218043 0.355811 0.785289
v -1.296505 0.355811 0.820777
v -1.218043 0.368116 0.785289
v -1.296505 0.368116 0.820777
v -1.238837 0.356921 0.777935
v -1.288296 0.356921 0.800305
v -1.238837 0.367006 0.777935
v -1.288296 0.367006 0.800305
v -1.253136 0.356921 0.769624
v -1.285095 0.356921 0.784080
v -1.253136 0.367006 0.769624
v -1.285095 0.367006 0.784080
v -1.264056 0.356921 0.756151
v -1.288002 0.356921 0.766982
v -1.264056 0.367006 0.756151
v -1.288002 0.367006 0.766982
v -0.856076 0.355811 1.585573
v -0.861120 0.355811 1.598948
v -0.855828 0.355811 1.593305
v -0.921163 0.355811 1.626105
v -0.934538 0.355811 1.621061
v -0.928895 0.355811 1.626353
v -0.861120 0.368116 1.598948
v -0.856076 0.368116 1.585573
v -0.855828 0.368116 1.593305
v -0.934538 0.368116 1.621061
v -0.921163 0.368116 1.626105
v -0.928895 0.368116 1.626353
v -1.304806 0.361963 0.824532
v -1.208995 0.361963 0.781197
v -1.288296 0.361963 0.800305
v -1.238837 0.361963 0.777935
v -1.285095 0.361963 0.784080
v -1.253136 0.361963 0.769624
v -1.288002 0.361963 0.766982
v -1.264056 0.361963 0.756151
v -0.847028 0.361963 1.581480
v -0.849353 0.361963 1.595747
v -0.858025 0.361963 1.605791
v -0.942840 0.361963 1.624816
v -0.930618 0.361963 1.633099
v -0.918068 0.361963 1.632948
v -0.302278 0.414685 -1.141145
v -0.325640 0.453555 -1.117994
v -0.308505 0.441553 -1.134688
v -0.379750 0.456798 -1.065871
v -0.406083 0.420908 -1.041152
v -0.397755 0.446903 -1.048717
v -0.331847 0.297391 -1.114719
v -0.305514 0.333282 -1.139438
v -0.313842 0.307287 -1.131873
v -0.409318 0.339504 -1.039445
v -0.385957 0.300635 -1.062596
v -0.403091 0.312636 -1.045902
v -0.365801 0.415826 -1.207159
v -0.372028 0.442694 -1.200703
v -0.389162 0.454695 -1.184009
v -0.469605 0.422048 -1.107167
v -0.461277 0.448044 -1.114732
v -0.443272 0.457939 -1.131885
v -0.369036 0.334422 -1.205453
v -0.377364 0.308427 -1.197888
v -0.395369 0.298532 -1.180734
v -0.472840 0.340645 -1.105460
v -0.466613 0.313777 -1.111916
v -0.449479 0.301776 -1.128611
v -0.214252 0.439861 -1.036737
v -0.208025 0.412993 -1.043193
v -0.231386 0.451862 -1.020042
v -0.311829 0.419215 -0.943201
v -0.303501 0.445211 -0.950765
v -0.285497 0.455106 -0.967919
v -0.211260 0.331589 -1.041486
v -0.219589 0.305594 -1.033922
v -0.237593 0.295699 -1.016768
v -0.308838 0.310944 -0.947950
v -0.315065 0.337812 -0.941494
v -0.291703 0.298943 -0.964644
v -0.301149 0.323814 -1.066037
v -0.279258 0.323421 -1.043287
v -0.314956 0.325561 -1.008899
v -0.336847 0.325954 -1.031649
v -0.285750 0.418923 -1.079211
v -0.263859 0.418530 -1.056461
v -0.259750 0.400804 -1.060720
v -0.281642 0.401197 -1.083470
v -0.261885 0.347099 -1.059594
v -0.283776 0.347492 -1.082344
v -0.267379 0.329949 -1.054604
v -0.289271 0.330342 -1.077354
v -0.332752 0.428980 -1.033809
v -0.310861 0.428587 -1.011059
v -0.275163 0.426447 -1.045447
v -0.297054 0.426841 -1.068197
v -0.350125 0.405302 -1.017502
v -0.328234 0.404909 -0.994752
v -0.322739 0.422059 -0.999742
v -0.344631 0.422452 -1.022492
v -0.326260 0.333479 -0.997885
v -0.348151 0.333872 -1.020635
v -0.352260 0.351597 -1.016376
v -0.330368 0.351204 -0.993625
v -0.201041 0.439624 -1.023007
v -0.194814 0.412756 -1.029464
v -0.218175 0.451625 -1.006313
v -0.298618 0.418978 -0.929471
v -0.290290 0.444973 -0.937036
v -0.272286 0.454868 -0.954189
v -0.198050 0.331352 -1.027757
v -0.206378 0.305357 -1.020192
v -0.224382 0.295462 -1.003038
v -0.295627 0.310707 -0.934220
v -0.301854 0.337575 -0.927764
v -0.278492 0.298705 -0.950915
v 0.366395 0.299502 -1.868562
v -0.369406 0.349516 -1.168111
v 0.343301 0.286443 -1.891724
v -0.388188 0.338896 -1.186947
v 0.321277 0.300312 -1.915450
v -0.406098 0.350175 -1.206242
v 0.313225 0.332985 -1.925843
v -0.412647 0.376746 -1.214694
v 0.346955 0.378380 -1.893651
v -0.385216 0.413664 -1.188515
v 0.368979 0.364511 -1.869925
v -0.367305 0.402385 -1.169219
v 0.315444 0.277288 -1.865076
v 0.288246 0.294415 -1.894377
v 0.278302 0.334763 -1.907211
v 0.319956 0.390824 -1.867457
v 0.347154 0.373697 -1.838156
v 0.304736 0.298447 -1.802467
v 0.278174 0.283426 -1.829108
v 0.252842 0.299378 -1.856397
v 0.243581 0.336958 -1.868351
v 0.282377 0.389172 -1.831325
v 0.307708 0.373220 -1.804035
v 0.356592 0.294322 -1.850986
v 0.329288 0.278883 -1.878370
v 0.303249 0.295280 -1.906422
v 0.293728 0.333909 -1.918709
v 0.306304 0.372141 -1.908033
v 0.333608 0.387581 -1.880649
v 0.359647 0.371183 -1.852597
v -0.321458 0.345416 -1.212570
v -0.341134 0.334290 -1.232303
v -0.366759 0.373943 -1.261373
v -0.338021 0.412621 -1.233946
v -0.319257 0.400804 -1.213731
v -0.387919 0.330494 -1.187351
v -0.417852 0.376814 -1.221308
v -0.384282 0.421994 -1.189270
v -0.362363 0.408191 -1.165656
v -0.317588 0.339427 -1.208179
v -0.341467 0.325924 -1.232128
v -0.364240 0.340264 -1.256661
v -0.372566 0.374048 -1.267407
v -0.337689 0.420987 -1.234121
v -0.314916 0.406646 -1.209588
v -0.462947 0.369489 -1.098263
v -0.471241 0.364799 -1.106582
v -0.476005 0.365084 -1.101993
v -0.482043 0.381514 -1.118836
v -0.486807 0.381800 -1.114246
v -0.469929 0.397818 -1.107274
v -0.474693 0.398104 -1.102685
v -0.462019 0.392837 -1.098753
v -0.466783 0.393123 -1.094164
v -0.473291 0.373794 -1.093497
v -0.478894 0.370626 -1.099117
v -0.486192 0.381919 -1.107396
v -0.478008 0.392934 -1.099585
v -0.429323 0.416967 -1.273174
v -0.452684 0.455836 -1.250024
v -0.435550 0.443834 -1.266718
v -0.506795 0.459079 -1.197900
v -0.533127 0.423189 -1.173182
v -0.524799 0.449184 -1.180746
v -0.458891 0.299673 -1.246749
v -0.432559 0.335563 -1.271467
v -0.440887 0.309568 -1.263903
v -0.536363 0.341785 -1.171475
v -0.513002 0.302916 -1.194626
v -0.530136 0.314918 -1.177931
v -0.529804 0.445527 -1.364670
v -0.523577 0.418659 -1.371126
v -0.546938 0.457528 -1.347975
v -0.627381 0.424881 -1.271134
v -0.619053 0.450877 -1.278698
v -0.601048 0.460772 -1.295852
v -0.526812 0.337255 -1.369419
v -0.535140 0.311260 -1.361855
v -0.553145 0.301365 -1.344701
v -0.624389 0.316610 -1.275883
v -0.630616 0.343478 -1.269427
v -0.607255 0.304609 -1.292578
v -0.505889 0.327490 -1.278810
v -0.527780 0.327883 -1.301561
v -0.563479 0.330023 -1.267173
v -0.541587 0.329630 -1.244423
v -0.490490 0.422599 -1.291985
v -0.512381 0.422992 -1.314735
v -0.508273 0.405266 -1.318994
v -0.486382 0.404873 -1.296244
v -0.510408 0.351561 -1.317868
v -0.488516 0.351168 -1.295118
v -0.515902 0.334411 -1.312878
v -0.494011 0.334018 -1.290127
v -0.537492 0.432657 -1.246583
v -0.559384 0.433050 -1.269333
v -0.523685 0.430910 -1.303721
v -0.501794 0.430517 -1.280970
v -0.554865 0.408979 -1.230275
v -0.576756 0.409372 -1.253026
v -0.571262 0.426522 -1.258016
v -0.549371 0.426129 -1.235266
v -0.574783 0.337941 -1.256159
v -0.552891 0.337548 -1.233408
v -0.557000 0.355274 -1.229149
v -0.578891 0.355667 -1.251899
v -0.543015 0.445764 -1.378399
v -0.536788 0.418896 -1.384855
v -0.560149 0.457765 -1.361705
v -0.640592 0.425119 -1.284863
v -0.632264 0.451114 -1.292427
v -0.614259 0.461009 -1.309581
v -0.540023 0.337492 -1.383149
v -0.548351 0.311497 -1.375584
v -0.566356 0.301602 -1.358430
v -0.637600 0.316847 -1.289612
v -0.643827 0.343715 -1.283156
v -0.620466 0.304846 -1.306307
v 0.377031 0.331839 -1.859533
v -0.360757 0.375814 -1.160768
v 0.323861 0.365322 -1.916813
v -0.403997 0.403044 -1.207351
v 0.343963 0.293415 -1.836473
v 0.357098 0.333348 -1.825323
v 0.291437 0.374697 -1.896060
v 0.316970 0.335640 -1.792082
v 0.255814 0.374152 -1.857965
v 0.369167 0.332554 -1.840310
v -0.359899 0.346106 -1.252518
v -0.312396 0.372967 -1.204877
v -0.357697 0.401494 -1.253680
v -0.409838 0.344297 -1.210965
v -0.364934 0.343491 -1.164299
v -0.354349 0.375674 -1.155313
v -0.407266 0.408997 -1.212321
v -0.306590 0.372863 -1.198842
v -0.361568 0.407484 -1.258070
v -0.479151 0.369780 -1.115103
v -0.483915 0.370065 -1.110514
v -0.467711 0.369774 -1.093674
v -0.459127 0.381103 -1.095020
v -0.463891 0.381388 -1.090431
v -0.478223 0.393128 -1.115593
v -0.482987 0.393413 -1.111004
v -0.484238 0.373991 -1.104874
v -0.470710 0.381641 -1.091306
v -0.472664 0.389569 -1.093827
v -0.483611 0.389765 -1.105205
v -1.261634 0.722458 -2.183996
v -1.322533 0.928603 -2.414465
v -0.686334 0.722458 -2.336012
v -0.747233 0.928603 -2.566482
v -1.208970 0.960838 -1.984691
v -1.269869 1.166982 -2.215161
v -0.633671 0.960837 -2.136708
v -0.694569 1.166982 -2.367177
v -0.712224 0.745349 -2.330888
v -1.236593 0.745349 -2.192330
v -1.291220 0.930263 -2.399063
v -0.766850 0.930263 -2.537621
v -1.189353 0.959178 -2.013552
v -0.664984 0.959177 -2.152110
v -0.719610 1.144091 -2.358843
v -1.243980 1.144091 -2.220285
v -1.286064 0.722458 -2.177540
v -1.346963 0.928603 -2.408010
v -0.722803 0.928603 -2.572937
v -0.661904 0.722458 -2.342467
v -0.609241 0.960837 -2.143163
v -0.670139 1.166982 -2.373632
v -1.294299 1.166982 -2.208706
v -1.233400 0.960838 -1.978236
v -0.739343 0.319424 -1.590785
v -0.954442 1.047542 -2.404820
v -0.748566 0.349317 -1.561610
v -0.963665 1.077435 -2.375645
v -0.784039 0.361699 -1.541162
v -0.999138 1.089817 -2.355196
v -0.824983 0.349317 -1.541418
v -1.040082 1.077435 -2.355453
v -0.847413 0.319424 -1.562228
v -1.062512 1.047542 -2.376264
v -0.838191 0.289531 -1.591403
v -1.053290 1.017650 -2.405438
v -0.802718 0.277149 -1.611852
v -1.017817 1.005268 -2.425887
v -0.761774 0.289531 -1.611596
v -0.976873 1.017650 -2.425630
v -0.200994 0.304789 -2.005919
v -0.230796 0.317268 -2.029440
v -0.235721 0.314212 -2.023305
v -0.238042 0.306486 -2.020801
v -0.236400 0.298616 -2.023393
v -0.231757 0.295212 -2.029564
v -0.226833 0.298268 -2.035699
v -0.224512 0.305994 -2.038204
v -0.226154 0.313864 -2.035611
v -0.465500 0.325226 -2.202249
v -0.460576 0.328282 -2.208384
v -0.467821 0.317500 -2.199744
v -0.466179 0.309629 -2.202337
v -0.461537 0.306225 -2.208508
v -0.456612 0.309282 -2.214643
v -0.454291 0.317008 -2.217148
v -0.455933 0.324878 -2.214555
v -0.473548 0.325611 -2.208517
v -0.468623 0.328668 -2.214652
v -0.475869 0.317885 -2.206012
v -0.474227 0.310015 -2.208604
v -0.469584 0.306611 -2.214775
v -0.464660 0.309667 -2.220910
v -0.462339 0.317393 -2.223415
v -0.463981 0.325264 -2.220823
v -0.471805 0.334318 -2.196218
v -0.461302 0.340836 -2.209304
v -0.476755 0.317839 -2.190876
v -0.473254 0.301053 -2.196405
v -0.463351 0.293793 -2.209567
v -0.452849 0.300311 -2.222652
v -0.447898 0.316790 -2.227995
v -0.451400 0.333576 -2.222466
v -0.473482 0.334398 -2.197525
v -0.462980 0.340917 -2.210610
v -0.478433 0.317919 -2.192183
v -0.474931 0.301133 -2.197712
v -0.465029 0.293873 -2.210874
v -0.454527 0.300392 -2.223959
v -0.449576 0.316870 -2.229302
v -0.453077 0.333656 -2.223772
v -0.479079 0.308372 -1.916775
v -0.479079 0.321511 -1.879032
v -0.471284 0.318283 -1.878854
v -0.468055 0.310489 -1.878424
v -0.471284 0.302695 -1.877993
v -0.479079 0.299467 -1.877815
v -0.486875 0.302695 -1.877993
v -0.490104 0.310489 -1.878424
v -0.486875 0.318283 -1.878854
v -0.471284 0.334346 -1.587851
v -0.479079 0.337575 -1.588029
v -0.468055 0.326553 -1.587421
v -0.471284 0.318759 -1.586991
v -0.479079 0.315531 -1.586812
v -0.486875 0.318759 -1.586991
v -0.490104 0.326553 -1.587421
v -0.486875 0.334346 -1.587851
v -0.471284 0.334909 -1.577659
v -0.479079 0.338137 -1.577837
v -0.468055 0.327115 -1.577229
v -0.471284 0.319321 -1.576799
v -0.479079 0.316093 -1.576620
v -0.486875 0.319321 -1.576799
v -0.490104 0.327115 -1.577229
v -0.486875 0.334909 -1.577659
v -0.462452 0.343265 -1.586729
v -0.479079 0.350150 -1.587109
v -0.455565 0.326641 -1.585812
v -0.462452 0.310018 -1.584894
v -0.479079 0.303133 -1.584514
v -0.495706 0.310018 -1.584894
v -0.502593 0.326641 -1.585811
v -0.495706 0.343265 -1.586729
v -0.462452 0.343382 -1.584605
v -0.479079 0.350267 -1.584985
v -0.455565 0.326759 -1.583687
v -0.462452 0.310136 -1.582770
v -0.479079 0.303250 -1.582389
v -0.495706 0.310136 -1.582770
v -0.502593 0.326759 -1.583687
v -0.495706 0.343382 -1.584605
v -0.184953 0.301455 -1.703988
v -0.221152 0.318389 -1.703988
v -0.221660 0.315196 -1.696193
v -0.222886 0.307487 -1.692964
v -0.224111 0.299779 -1.696193
v -0.224619 0.296586 -1.703988
v -0.224111 0.299779 -1.711784
v -0.222886 0.307487 -1.715013
v -0.221660 0.315196 -1.711784
v -0.509489 0.360968 -1.696193
v -0.508981 0.364161 -1.703988
v -0.510715 0.353259 -1.692964
v -0.511941 0.345550 -1.696193
v -0.512448 0.342357 -1.703988
v -0.511941 0.345550 -1.711784
v -0.510715 0.353259 -1.715013
v -0.509489 0.360968 -1.711784
v -0.519570 0.362571 -1.696193
v -0.519062 0.365764 -1.703988
v -0.520796 0.354862 -1.692964
v -0.522021 0.347153 -1.696193
v -0.522529 0.343960 -1.703988
v -0.522021 0.347153 -1.711784
v -0.520796 0.354862 -1.715013
v -0.519570 0.362571 -1.711784
v -0.509692 0.369954 -1.687361
v -0.508609 0.376764 -1.703988
v -0.512306 0.353512 -1.680474
v -0.514921 0.337070 -1.687361
v -0.516004 0.330260 -1.703988
v -0.514921 0.337070 -1.720615
v -0.512306 0.353512 -1.727502
v -0.509692 0.369954 -1.720615
v -0.511793 0.370288 -1.687361
v -0.510710 0.377099 -1.703988
v -0.514408 0.353846 -1.680474
v -0.517022 0.337404 -1.687361
v -0.518105 0.330594 -1.703988
v -0.517022 0.337404 -1.720615
v -0.514408 0.353846 -1.727502
v -0.511793 0.370288 -1.720615
v -0.184330 0.304789 -1.962359
v -0.217371 0.317268 -1.981059
v -0.221302 0.314212 -1.974245
v -0.223213 0.306486 -1.971416
v -0.221986 0.298616 -1.974228
v -0.218339 0.295212 -1.981035
v -0.214408 0.298268 -1.987849
v -0.212496 0.305994 -1.990679
v -0.213723 0.313864 -1.987867
v -0.475683 0.325226 -2.116053
v -0.471752 0.328282 -2.122867
v -0.477595 0.317500 -2.113223
v -0.476368 0.309629 -2.116036
v -0.472721 0.306225 -2.122843
v -0.468790 0.309282 -2.129657
v -0.466878 0.317008 -2.132486
v -0.468105 0.324878 -2.129674
v -0.484593 0.325611 -2.121019
v -0.480662 0.328668 -2.127834
v -0.486505 0.317885 -2.118190
v -0.485278 0.310015 -2.121002
v -0.481630 0.306611 -2.127809
v -0.477699 0.309667 -2.134623
v -0.475787 0.317393 -2.137453
v -0.477015 0.325264 -2.134640
v -0.480994 0.334318 -2.109131
v -0.472610 0.340836 -2.123665
v -0.485072 0.317839 -2.103096
v -0.482455 0.301053 -2.109094
v -0.474676 0.293793 -2.123613
v -0.466292 0.300311 -2.138147
v -0.462214 0.316790 -2.144182
v -0.464831 0.333576 -2.138183
v -0.482852 0.334398 -2.110167
v -0.474468 0.340917 -2.124700
v -0.486930 0.317919 -2.104131
v -0.484312 0.301133 -2.110130
v -0.476533 0.293873 -2.124648
v -0.468149 0.300392 -2.139182
v -0.464071 0.316870 -2.145217
v -0.466689 0.333656 -2.139219
v 0.495062 0.301046 0.723220
v 1.563562 0.301046 0.723220
v 0.495062 0.301046 -0.464002
v 1.563562 0.301046 -0.464002
v 1.488208 0.303020 1.556151
v 0.837468 0.303020 -0.170853
v 0.711057 0.303020 1.848984
v 0.060316 0.303020 0.121981
v 0.873584 -2.107820 1.746718
v 1.696054 -2.107820 1.682446
v 0.787888 -2.107820 0.650091
v 1.610358 -2.107820 0.585819
v -0.163046 0.302033 0.140098
v 0.575585 0.302033 0.384785
v 0.271953 0.302033 -1.173023
v 1.010584 0.302033 -0.928337
v -1.245882 0.297756 0.359337
v -1.245882 0.338793 0.359337
v -1.303498 0.297756 -0.221014
v -1.303498 0.338793 -0.221014
v -1.110156 0.297756 0.345862
v -1.110156 0.338793 0.345862
v -1.167772 0.297756 -0.234489
v -1.167772 0.338793 -0.234489
v -1.286192 0.312685 -0.193048
v -1.179242 0.312685 -0.203666
v -1.372717 0.312685 -1.064589
v -1.265767 0.312685 -1.075207
v -1.362680 0.312685 -0.963498
v -1.255731 0.312685 -0.974116
v -0.830363 0.312685 -1.118433
v -0.820327 0.312685 -1.017342
v -1.362680 0.323864 -0.963498
v -1.286192 0.323864 -0.193048
v -1.179242 0.323864 -0.203666
v -1.255731 0.323864 -0.974116
v -1.265767 0.323864 -1.075207
v -1.372717 0.323864 -1.064589
v -0.820327 0.323864 -1.017342
v -0.830363 0.323864 -1.118433
v -1.203319 0.312685 -1.043861
v -1.284068 0.312685 -0.813590
v -1.284068 0.323864 -0.813590
v -1.203319 0.323864 -1.043861
v -1.247065 0.312685 -0.481459
v -1.327821 0.312685 -1.017744
v -1.247065 0.323864 -0.481459
v -1.305522 0.312685 -1.029685
v -1.315551 0.312685 -1.032719
v -1.324787 0.312685 -1.027772
v -1.279122 0.312685 -0.804354
v -1.190107 0.323864 -1.034883
v -1.279122 0.323864 -0.804354
v -1.193290 0.312685 -1.040827
v -1.193290 0.323864 -1.040827
v -1.322875 0.312685 -1.008507
v -1.312846 0.312685 -1.005473
v -1.303609 0.312685 -1.010420
v -1.300575 0.312685 -1.020448
v -1.250099 0.312685 -0.471430
v -1.188344 0.312685 -1.031591
v -1.250099 0.323864 -0.471430
v -1.188344 0.323864 -1.031591
v -1.282156 0.312685 -0.794325
v -1.282156 0.323864 -0.794325
v -1.259336 0.312685 -0.466483
v -1.189448 0.312685 -1.027942
v -1.262684 0.323864 -0.467496
v -1.259336 0.323864 -0.466483
v -1.291392 0.312685 -0.789378
v -1.294740 0.323864 -0.790391
v -1.291392 0.323864 -0.789378
v -1.269365 0.312685 -0.469517
v -1.269365 0.323864 -0.469517
v -1.191378 0.312685 -1.021562
v -1.191378 0.323864 -1.021562
v -1.301421 0.312685 -0.792412
v -1.301421 0.323864 -0.792412
v -1.200614 0.312685 -1.016615
v -1.200614 0.323864 -1.016615
v -1.274311 0.312685 -0.478754
v -1.210643 0.312685 -1.019649
v -1.274311 0.323864 -0.478754
v -1.210643 0.323864 -1.019649
v -1.306368 0.312685 -0.801649
v -1.306368 0.323864 -0.801649
v -1.262041 0.312685 -0.493729
v -1.258693 0.323864 -0.492716
v -1.262041 0.323864 -0.493729
v -1.213827 0.323864 -1.025593
v -1.294097 0.312685 -0.816624
v -1.290749 0.323864 -0.815611
v -1.294097 0.323864 -0.816624
v -1.252012 0.312685 -0.490695
v -1.252012 0.323864 -0.490695
v -1.215590 0.312685 -1.028886
v -1.215590 0.323864 -1.028886
v -1.284997 0.312685 -0.586385
v -1.295682 0.312685 -0.694017
v -1.317053 0.312685 -0.909280
v -1.280050 0.312685 -0.577149
v -1.281963 0.312685 -0.596414
v -1.290736 0.312685 -0.684780
v -1.271277 0.312685 -0.488783
v -1.292648 0.312685 -0.704046
v -1.286772 0.312685 -0.707193
v -1.271277 0.323864 -0.488783
v -1.303334 0.312685 -0.811678
v -1.297457 0.312685 -0.814824
v -1.312107 0.312685 -0.900044
v -1.314019 0.312685 -0.919309
v -1.303334 0.323864 -0.811678
v -1.255976 0.312685 -0.468283
v -1.214486 0.312685 -1.032534
v -1.298717 0.312685 -0.898809
v -1.304783 0.312685 -0.924256
v -1.272726 0.312685 -0.601361
v -1.271315 0.312685 -0.574506
v -1.270296 0.312685 -0.600626
v -1.280707 0.312685 -0.681747
v -1.288032 0.312685 -0.791178
v -1.277346 0.312685 -0.683546
v -1.283412 0.312685 -0.708992
v -1.302078 0.312685 -0.897010
v -1.273383 0.312685 -0.705959
v -1.271470 0.312685 -0.686693
v -1.292841 0.312685 -0.901956
v -1.268436 0.312685 -0.696722
v -1.289807 0.312685 -0.911985
v -1.212556 0.312685 -1.038915
v -1.212556 0.323864 -1.038915
v -1.294754 0.312685 -0.921222
v -1.281963 0.323864 -0.596414
v -1.314019 0.323864 -0.919309
v -1.304783 0.323864 -0.924256
v -1.272726 0.323864 -0.601361
v -1.109524 0.312685 -1.049143
v -1.109524 0.323864 -1.049143
v -1.294754 0.323864 -0.921222
v -1.100287 0.312685 -1.054090
v -1.100287 0.323864 -1.054090
v -1.289807 0.323864 -0.911985
v -1.262697 0.312685 -0.598327
v -1.262697 0.323864 -0.598327
v -1.090258 0.312685 -1.051056
v -1.090258 0.323864 -1.051056
v -1.257751 0.312685 -0.589090
v -1.292841 0.323864 -0.901956
v -1.257751 0.323864 -0.589090
v -1.085312 0.312685 -1.041819
v -1.085312 0.323864 -1.041819
v -1.305425 0.323864 -0.898023
v -1.302078 0.323864 -0.897010
v -1.263626 0.312685 -0.371122
v -1.258679 0.312685 -0.361886
v -1.260592 0.312685 -0.381151
v -1.254716 0.312685 -0.384298
v -1.248650 0.312685 -0.358852
v -1.251355 0.312685 -0.386097
v -1.265401 0.312685 -0.491930
v -1.260785 0.312685 -0.579061
v -1.312107 0.323864 -0.900044
v -1.270021 0.312685 -0.574115
v -1.088346 0.312685 -1.031790
v -1.260785 0.323864 -0.579061
v -1.088346 0.323864 -1.031790
v -1.239414 0.312685 -0.363798
v -1.241326 0.312685 -0.383064
v -1.236380 0.312685 -0.373827
v -1.097582 0.312685 -1.026844
v -1.097582 0.323864 -1.026844
v -1.270021 0.323864 -0.574115
v -1.271315 0.323864 -0.574506
v -1.107611 0.312685 -1.029878
v -1.107611 0.323864 -1.029878
v -1.317053 0.323864 -0.909280
v -1.280050 0.323864 -0.577149
v -1.110795 0.323864 -1.035822
v -1.112558 0.312685 -1.039114
v -1.112558 0.323864 -1.039114
v -1.284997 0.323864 -0.586385
v -1.270296 0.323864 -0.600626
v -1.006492 0.312685 -1.059372
v -1.009526 0.312685 -1.049343
v -0.997256 0.312685 -1.064319
v -0.983384 0.312685 -1.048400
v -0.982280 0.312685 -1.052048
v -0.985314 0.312685 -1.042019
v -0.987227 0.312685 -1.061285
v -1.111454 0.312685 -1.042763
v -0.905390 0.312685 -1.063221
v -0.906494 0.312685 -1.059572
v -0.891519 0.312685 -1.047302
v -0.894223 0.312685 -1.074548
v -0.903460 0.312685 -1.069601
v -0.901547 0.312685 -1.050336
v -0.882282 0.312685 -1.052248
v -0.884195 0.312685 -1.071514
v -0.879248 0.312685 -1.062277
v -0.880352 0.312685 -1.058629
v -1.324787 0.323864 -1.027772
v -1.315551 0.323864 -1.032719
v -1.006492 0.323864 -1.059372
v -1.305522 0.323864 -1.029685
v -1.292648 0.323864 -0.704046
v -0.997256 0.323864 -1.064319
v -1.283412 0.323864 -0.708992
v -0.984044 0.323864 -1.055341
v -1.300575 0.323864 -1.020448
v -0.987227 0.323864 -1.061285
v -1.273383 0.323864 -0.705959
v -0.982280 0.323864 -1.052048
v -1.268436 0.323864 -0.696722
v -1.303609 0.323864 -1.010420
v -0.985314 0.323864 -1.042019
v -1.312846 0.323864 -1.005473
v -1.271470 0.323864 -0.686693
v -0.994551 0.312685 -1.037073
v -1.322875 0.323864 -1.008507
v -0.994551 0.323864 -1.037073
v -1.284055 0.323864 -0.682759
v -1.004580 0.312685 -1.040107
v -1.280707 0.323864 -0.681747
v -1.004580 0.323864 -1.040107
v -1.290736 0.323864 -0.684780
v -1.327821 0.323864 -1.017744
v -1.009526 0.323864 -1.049343
v -1.295682 0.323864 -0.694017
v -1.280064 0.323864 -0.707980
v -1.263626 0.323864 -0.371122
v -1.258679 0.323864 -0.361886
v -1.260592 0.323864 -0.381151
v -1.248650 0.323864 -0.358852
v -1.251355 0.323864 -0.386097
v -1.239414 0.323864 -0.363798
v -1.241326 0.323864 -0.383064
v -1.248008 0.323864 -0.385085
v -1.236380 0.323864 -0.373827
v -0.906494 0.323864 -1.059572
v -0.904730 0.323864 -1.056279
v -0.901547 0.323864 -1.050336
v -0.903460 0.323864 -1.069601
v -0.882282 0.323864 -1.052248
v -0.884195 0.323864 -1.071514
v -0.879248 0.323864 -1.062277
v -0.881012 0.323864 -1.065570
v -0.894223 0.323864 -1.074548
v -0.891519 0.323864 -1.047302
v -1.232293 0.291666 -0.194088
v -1.231014 0.345464 -0.193701
v -1.219012 0.291666 -0.190070
v -1.219012 0.344591 -0.190070
v -1.212462 0.291666 -0.177839
v -1.212462 0.344591 -0.177839
v -1.216479 0.291666 -0.164558
v -1.216479 0.344591 -0.164558
v -1.228711 0.291666 -0.158008
v -1.233471 0.345464 -0.193457
v -1.241992 0.291666 -0.162026
v -1.241992 0.344591 -0.162026
v -1.248542 0.291666 -0.174257
v -1.248542 0.344591 -0.174257
v -1.244524 0.291666 -0.187538
v -1.244524 0.344591 -0.187538
v -1.233471 0.344591 -0.193457
v -1.231014 0.344591 -0.193701
v -1.232293 0.342789 -0.194088
v -1.227533 0.344591 -0.158639
v -1.229990 0.344591 -0.158395
v -1.228711 0.342789 -0.158008
v -1.227533 0.345464 -0.158639
v -1.229990 0.345464 -0.158395
v -1.185107 0.291666 0.281206
v -1.183827 0.345464 0.281593
v -1.171826 0.291666 0.285223
v -1.171826 0.344591 0.285223
v -1.165276 0.291666 0.297455
v -1.165276 0.344591 0.297455
v -1.169293 0.291666 0.310735
v -1.169293 0.344591 0.310735
v -1.181525 0.291666 0.317285
v -1.186285 0.345464 0.281837
v -1.194805 0.291666 0.313268
v -1.194805 0.344591 0.313268
v -1.201355 0.291666 0.301036
v -1.201355 0.344591 0.301036
v -1.197338 0.291666 0.287756
v -1.197338 0.344591 0.287756
v -1.186285 0.344591 0.281837
v -1.183827 0.344591 0.281593
v -1.185107 0.342789 0.281206
v -1.180346 0.344591 0.316654
v -1.182804 0.344591 0.316898
v -1.181525 0.342789 0.317285
v -1.180346 0.345464 0.316654
v -1.182804 0.345464 0.316898
v 0.971026 0.429607 -3.408710
v 0.563811 0.406770 -3.122773
v 0.788522 0.536373 -3.813136
v 0.791880 0.508426 -3.819060
v 0.788522 0.479892 -3.817647
v 0.971026 0.517952 -3.401654
v 0.744605 0.541636 -3.817607
v 0.563811 0.495115 -3.115717
v 0.745534 0.508967 -3.825838
v 0.744605 0.475406 -3.822897
v 0.794489 0.483776 -4.086952
v 0.841588 0.479001 -4.027169
v 0.701680 0.542279 -3.807111
v 0.852975 0.470563 -3.921508
v 0.903343 0.464038 -3.839810
v 0.472395 0.531641 -3.673906
v 0.978915 0.456460 -3.744929
v 0.700164 0.508124 -3.815282
v 0.468421 0.497371 -3.680650
v 0.986334 0.448996 -3.651478
v 0.701680 0.473105 -3.812636
v 0.390934 0.423593 -3.333410
v 0.395467 0.431567 -3.433246
v 0.472395 0.462466 -3.679430
v 0.309370 0.438695 -3.522504
v 0.274592 0.445886 -3.612530
v 0.442178 0.527603 -3.641909
v 0.436845 0.494644 -3.646501
v 0.179428 0.450750 -3.673437
v 0.155841 0.456528 -3.745780
v 0.442178 0.461373 -3.647199
v 0.986334 0.537341 -3.644422
v 0.978915 0.544804 -3.737873
v 0.903343 0.552382 -3.832755
v 0.852975 0.558907 -3.914452
v 0.841588 0.567346 -4.020113
v 0.794489 0.572121 -4.079896
v 0.155841 0.544872 -3.738724
v 0.179428 0.539095 -3.666381
v 0.274592 0.534230 -3.605474
v 0.309370 0.527040 -3.515448
v 0.395467 0.519911 -3.426190
v 0.390934 0.511938 -3.326354
v 0.932059 0.440416 -3.544045
v 0.441222 0.507819 -3.274779
v 0.441222 0.419474 -3.281835
v 0.932059 0.528760 -3.536989
v 0.934244 0.436841 -3.499280
v 0.467608 0.505276 -3.242942
v 0.467608 0.416931 -3.249998
v 0.934244 0.525185 -3.492224
v 0.958511 0.433829 -3.461573
v 0.494399 0.502372 -3.206584
v 0.801363 0.470328 -3.697891
v 0.494399 0.414027 -3.213640
v 0.804404 0.498416 -3.693734
v 0.801363 0.526809 -3.693380
v 0.958511 0.522174 -3.454518
v 0.927716 0.427759 -3.385574
v 0.883657 0.425879 -3.362037
v 0.773612 0.463305 -3.671390
v 0.775856 0.496059 -3.664222
v 0.825221 0.422191 -3.315858
v 0.773612 0.529536 -3.666100
v 0.738880 0.418507 -3.269733
v 0.691930 0.413431 -3.206178
v 0.631828 0.409672 -3.159108
v 0.745612 0.460593 -3.655976
v 0.760247 0.485488 -4.108388
v 0.589387 0.453091 -3.562053
v 0.741252 0.485733 -4.111451
v 0.777532 0.484784 -4.099575
v 0.747128 0.494748 -3.647805
v 0.725635 0.485453 -4.107944
v 0.593361 0.487361 -3.555310
v 0.631828 0.498017 -3.152053
v 0.745612 0.529768 -3.650451
v 0.589387 0.522266 -3.556528
v 0.691930 0.501776 -3.199122
v 0.738880 0.506852 -3.262677
v 0.560123 0.453400 -3.547362
v 0.825221 0.510536 -3.308802
v 0.562965 0.486181 -3.540541
v 0.883657 0.514224 -3.354981
v 0.927716 0.516104 -3.378518
v 0.560123 0.519630 -3.542072
v 0.247076 0.548765 -3.787463
v 0.703254 0.568228 -4.031157
v 0.295095 0.545505 -3.746639
v 0.368617 0.547166 -3.767447
v 0.474436 0.550452 -3.808587
v 0.569031 0.554488 -3.859120
v 0.652399 0.559274 -3.919047
v 0.725828 0.564619 -3.985975
v 0.357219 0.537755 -3.649614
v 0.439845 0.541281 -3.693754
v 0.522471 0.544806 -3.737894
v 0.605097 0.548331 -3.782033
v 0.687723 0.551857 -3.826173
v 0.770349 0.555382 -3.870312
v 0.394223 0.530660 -3.560778
v 0.818490 0.548762 -3.787425
v 0.478817 0.523467 -3.470716
v 0.818117 0.534492 -3.728158
v 0.823893 0.501379 -3.730824
v 0.562167 0.527024 -3.515242
v 0.818117 0.468262 -3.733448
v 0.645516 0.530580 -3.559768
v 0.822450 0.538503 -3.759823
v 0.728866 0.534136 -3.604295
v 0.812216 0.537692 -3.648821
v 0.829336 0.504042 -3.764169
v 0.895566 0.541248 -3.693347
v 0.822450 0.469328 -3.765348
v 0.475991 0.515567 -3.371792
v 0.814540 0.539334 -3.788781
v 0.821007 0.506452 -3.794346
v 0.561048 0.519196 -3.417231
v 0.814540 0.473104 -3.794070
v 0.646106 0.522825 -3.462669
v 0.731163 0.526454 -3.508107
v 0.424774 0.519496 -3.601812
v 0.816220 0.530083 -3.553546
v 0.419916 0.491167 -3.602964
v 0.901277 0.533712 -3.598984
v 0.475991 0.427222 -3.378848
v 0.424774 0.463014 -3.606323
v 0.561048 0.430851 -3.424287
v 0.646106 0.434480 -3.469725
v 0.731163 0.438109 -3.515163
v 0.432868 0.521624 -3.567045
v 0.816220 0.441738 -3.560601
v 0.427131 0.488176 -3.565521
v 0.901277 0.445367 -3.606040
v 0.432868 0.455394 -3.572335
v 0.478817 0.435123 -3.477772
v 0.562167 0.438679 -3.522298
v 0.645516 0.442235 -3.566824
v 0.454142 0.521413 -3.545851
v 0.728866 0.445791 -3.611351
v 0.449365 0.486411 -3.543422
v 0.812216 0.449347 -3.655877
v 0.454142 0.452238 -3.551376
v 0.895566 0.452904 -3.700403
v 0.394223 0.442316 -3.567834
v 0.484019 0.518990 -3.534061
v 0.481153 0.485476 -3.531706
v 0.484019 0.452760 -3.539351
v 0.818490 0.460417 -3.794481
v 0.357219 0.449411 -3.656670
v 0.522973 0.513892 -3.531647
v 0.439845 0.452936 -3.700810
v 0.523134 0.485366 -3.530328
v 0.522973 0.457410 -3.536158
v 0.522471 0.456461 -3.744949
v 0.605097 0.459987 -3.789089
v 0.687723 0.463512 -3.833229
v 0.770349 0.467037 -3.877368
v 0.295095 0.457160 -3.753695
v 0.368617 0.458822 -3.774503
v 0.474436 0.462108 -3.815643
v 0.652898 0.540603 -3.786124
v 0.605290 0.538689 -3.762152
v 0.569031 0.466143 -3.866176
v 0.559149 0.536548 -3.735346
v 0.652399 0.470930 -3.926102
v 0.514759 0.534194 -3.705870
v 0.725828 0.476275 -3.993031
v 0.650859 0.506430 -3.794069
v 0.247076 0.460420 -3.794518
v 0.602741 0.504495 -3.769841
v 0.703254 0.479883 -4.038213
v 0.511341 0.422466 -3.319293
v 0.556105 0.502331 -3.742748
v 0.511240 0.499951 -3.712956
v 0.581461 0.425457 -3.356752
v 0.651580 0.428449 -3.394211
v 0.652898 0.471428 -3.791648
v 0.721700 0.431441 -3.431669
v 0.605290 0.469514 -3.767677
v 0.791820 0.434432 -3.469128
v 0.559149 0.467373 -3.740871
v 0.514759 0.465019 -3.711395
v 0.861939 0.437424 -3.506586
v 0.511341 0.510810 -3.312238
v 0.581461 0.513802 -3.349696
v 0.651580 0.516794 -3.387155
v 0.721700 0.519785 -3.424613
v 0.791820 0.522777 -3.462072
v 0.861939 0.525769 -3.499530
v 0.534270 0.419775 -3.285610
v 0.600932 0.422620 -3.321221
v 0.667595 0.425464 -3.356833
v 0.734257 0.428308 -3.392445
v 0.800919 0.431152 -3.428056
v 0.867582 0.433996 -3.463668
v 0.534270 0.508120 -3.278554
v 0.600932 0.510964 -3.314166
v 0.667595 0.513808 -3.349777
v 0.734257 0.516653 -3.385389
v 0.800919 0.519497 -3.421001
v 0.867582 0.522341 -3.456612
v 0.560701 0.416856 -3.249059
v 0.627002 0.419685 -3.284478
v 0.693304 0.422514 -3.319897
v 0.711969 0.459436 -3.641501
v 0.759606 0.425343 -3.355316
v 0.679135 0.458116 -3.624969
v 0.825908 0.428171 -3.390735
v 0.648745 0.456450 -3.604107
v 0.892209 0.431000 -3.426154
v 0.622143 0.454440 -3.578935
v 0.714008 0.493610 -3.633555
v 0.560701 0.505201 -3.242003
v 0.627002 0.508030 -3.277422
v 0.681684 0.492310 -3.617280
v 0.693304 0.510858 -3.312841
v 0.651790 0.490667 -3.596706
v 0.759606 0.513687 -3.348261
v 0.625666 0.488682 -3.571852
v 0.825908 0.516516 -3.383679
v 0.711969 0.528611 -3.635976
v 0.892209 0.519345 -3.419099
v 0.679135 0.527291 -3.619444
v 0.648745 0.525625 -3.598582
v 0.622143 0.523615 -3.573410
v 0.584851 0.442288 -3.567487
v 0.487107 0.528862 -3.538260
v 0.512334 0.528849 -3.538103
v 0.458800 0.537899 -3.651406
v 0.475645 0.539384 -3.670010
v 0.794608 0.460974 -3.801445
v 0.806016 0.460149 -3.791118
v 0.806903 0.459923 -3.788291
v 0.556343 0.441207 -3.553946
v 0.743603 0.462177 -3.816516
v 0.731440 0.461942 -3.813568
v 0.522845 0.528728 -3.536584
v 0.702148 0.461402 -3.806813
v 0.703411 0.461446 -3.807356
v 0.534470 0.542808 -3.712871
v 0.517638 0.541915 -3.701694
v 0.586135 0.530530 -3.559145
v 0.488137 0.440649 -3.546970
v 0.504952 0.440518 -3.545319
v 0.767067 0.461845 -3.812359
v 0.557289 0.529440 -3.545496
v 0.522816 0.440491 -3.544981
v 0.781805 0.461775 -3.811482
v 0.432897 0.533983 -3.602386
v 0.435852 0.532436 -3.583017
v 0.453809 0.537458 -3.645894
v 0.447385 0.536914 -3.639073
v 0.438222 0.534848 -3.613214
v 0.744371 0.538125 -3.654235
v 0.537162 0.440863 -3.549642
v 0.535533 0.440834 -3.549277
v 0.616380 0.458228 -3.767066
v 0.710301 0.536954 -3.639577
v 0.758022 0.550560 -3.809933
v 0.783018 0.550229 -3.805792
v 0.655226 0.459790 -3.786625
v 0.743854 0.550670 -3.811309
v 0.544954 0.529143 -3.541784
v 0.677050 0.535617 -3.622835
v 0.701952 0.536618 -3.635373
v 0.539145 0.529034 -3.540418
v 0.535253 0.454333 -3.718294
v 0.796116 0.541408 -3.695344
v 0.807135 0.543027 -3.715621
v 0.562622 0.455784 -3.736468
v 0.646254 0.533932 -3.601737
v 0.608199 0.457899 -3.762946
v 0.812269 0.543949 -3.727167
v 0.794960 0.453118 -3.703085
v 0.799665 0.454079 -3.715123
v 0.702921 0.549930 -3.802048
v 0.476929 0.450937 -3.675779
v 0.459505 0.449428 -3.656887
v 0.619261 0.531901 -3.576305
v 0.625524 0.532374 -3.582232
v 0.810317 0.455598 -3.734144
v 0.743881 0.449920 -3.663039
v 0.518775 0.453459 -3.707352
v 0.816185 0.545848 -3.750937
v 0.709642 0.448743 -3.648308
v 0.816825 0.546392 -3.757752
v 0.434687 0.445669 -3.609820
v 0.437757 0.444761 -3.598445
v 0.700741 0.448385 -3.643826
v 0.438721 0.444214 -3.591605
v 0.811116 0.456340 -3.743428
v 0.676226 0.447399 -3.631483
v 0.814603 0.458002 -3.764242
v 0.441410 0.447132 -3.628140
v 0.449122 0.448514 -3.645435
v 0.810230 0.548075 -3.778819
v 0.809042 0.548359 -3.782378
v 0.783151 0.452103 -3.690377
v 0.645270 0.445707 -3.610292
v 0.808148 0.548573 -3.785053
v 0.811777 0.458682 -3.772753
v 0.618122 0.443667 -3.584757
v 0.624379 0.444132 -3.590573
v 0.752715 0.450309 -3.667920
v 0.789913 0.549688 -3.799015
v 0.770609 0.451148 -3.678426
v 0.783038 0.452093 -3.690254
v 0.436068 0.532324 -3.581603
v 0.438611 0.531426 -3.570367
v 0.440527 0.443190 -3.578784
v 0.453837 0.530131 -3.554148
v 0.458164 0.529750 -3.549385
v 0.701282 0.549874 -3.801343
v 0.787907 0.540824 -3.688041
v 0.446416 0.442671 -3.572277
v 0.459754 0.441537 -3.558089
v 0.468493 0.441225 -3.554178
v 0.654567 0.548268 -3.781244
v 0.771360 0.539373 -3.669862
v 0.783372 0.540427 -3.683059
v 0.480736 0.529095 -3.541172
v 0.615563 0.546700 -3.761605
v 0.607376 0.546371 -3.757483
v 0.764845 0.539087 -3.666286
v 0.561639 0.544248 -3.730912
v 1.717965 0.304742 -1.457019
v 1.555864 0.297826 -1.370423
v 0.975965 0.468584 -3.508462
v 0.533495 0.449706 -3.272090
v 1.717965 0.331458 -1.454886
v 1.555864 0.324542 -1.368290
v 0.975965 0.495300 -3.506328
v 0.533495 0.476422 -3.269956
v 1.030423 0.483929 -3.532266
v 0.525443 0.462720 -3.266721
v 1.772422 0.320086 -1.480823
v 1.547811 0.310840 -1.365055
v 0.959371 0.462592 -3.433439
v 1.016074 0.459728 -3.397573
v 0.999479 0.453736 -3.322551
v 1.056182 0.450871 -3.286684
v 1.039587 0.444880 -3.211662
v 1.096290 0.442015 -3.175796
v 1.079695 0.436023 -3.100773
v 1.136398 0.433159 -3.064907
v 1.119803 0.427167 -2.989884
v 1.176506 0.424303 -2.954018
v 1.159911 0.418311 -2.878995
v 1.215972 0.413996 -2.824974
v 1.267080 0.402954 -2.686712
v 1.260181 0.396170 -2.601773
v 1.316884 0.393305 -2.565907
v 1.300289 0.387314 -2.490885
v 1.356992 0.384449 -2.455018
v 1.340397 0.378457 -2.379996
v 1.397100 0.375593 -2.344130
v 1.380506 0.369601 -2.269107
v 1.437208 0.366736 -2.233241
v 1.420614 0.360745 -2.158218
v 1.477316 0.357880 -2.122352
v 1.460722 0.351888 -2.047329
v 1.517424 0.349024 -2.011463
v 1.500830 0.343032 -1.936441
v 1.557532 0.340167 -1.900574
v 1.540938 0.334175 -1.825552
v 1.597641 0.331311 -1.789685
v 1.581046 0.325319 -1.714663
v 1.637749 0.322455 -1.678797
v 1.621154 0.316463 -1.603775
v 1.677857 0.313598 -1.567908
v 1.661262 0.307607 -1.492885
v 1.528232 0.301931 -1.421820
v 1.500601 0.306036 -1.473216
v 1.472969 0.310140 -1.524613
v 1.445338 0.314245 -1.576009
v 1.417706 0.318350 -1.627406
v 1.390075 0.322455 -1.678802
v 1.362443 0.326560 -1.730198
v 1.334811 0.330665 -1.781594
v 1.307180 0.334770 -1.832991
v 1.279548 0.338875 -1.884387
v 1.251917 0.342979 -1.935784
v 1.224285 0.347084 -1.987180
v 1.196653 0.351189 -2.038577
v 1.169022 0.355294 -2.089973
v 1.141390 0.359399 -2.141369
v 1.113759 0.363504 -2.192766
v 1.086127 0.367609 -2.244162
v 1.058495 0.371713 -2.295559
v 1.030864 0.375818 -2.346955
v 1.003232 0.379923 -2.398351
v 0.975601 0.384028 -2.449748
v 0.947969 0.388133 -2.501144
v 0.920338 0.392238 -2.552541
v 0.892706 0.396343 -2.603937
v 0.865074 0.400448 -2.655334
v 0.837443 0.404552 -2.706730
v 0.809811 0.408657 -2.758126
v 0.782180 0.412762 -2.809523
v 0.754548 0.416867 -2.860919
v 0.726916 0.420972 -2.912315
v 0.699285 0.425077 -2.963712
v 0.671653 0.429182 -3.015108
v 0.644022 0.433286 -3.066504
v 0.616390 0.437391 -3.117901
v 0.588759 0.441496 -3.169297
v 0.561127 0.445601 -3.220694
v 1.661262 0.334323 -1.490752
v 1.677857 0.340315 -1.565774
v 1.621154 0.343179 -1.601641
v 1.637749 0.349171 -1.676663
v 1.581046 0.352035 -1.712530
v 1.597641 0.358027 -1.787552
v 1.540938 0.360892 -1.823418
v 1.557532 0.366884 -1.898440
v 1.500830 0.369748 -1.934307
v 1.517424 0.375740 -2.009329
v 1.460722 0.378604 -2.045196
v 1.477316 0.384596 -2.120218
v 1.420614 0.387461 -2.156084
v 1.437208 0.393453 -2.231107
v 1.380506 0.396317 -2.266973
v 1.397100 0.402309 -2.341996
v 1.340397 0.405173 -2.377862
v 1.356992 0.411165 -2.452885
v 1.300289 0.414030 -2.488751
v 1.316884 0.420022 -2.563773
v 1.260181 0.422886 -2.599640
v 1.267080 0.429670 -2.684578
v 1.215972 0.440712 -2.822841
v 1.159911 0.445027 -2.876862
v 1.176506 0.451019 -2.951884
v 1.119803 0.453883 -2.987751
v 1.136398 0.459875 -3.062773
v 1.079695 0.462740 -3.098639
v 1.096290 0.468731 -3.173662
v 1.039587 0.471596 -3.209528
v 1.056182 0.477588 -3.284551
v 0.999479 0.480452 -3.320417
v 1.016074 0.486444 -3.395439
v 0.959371 0.489309 -3.431306
v 0.561127 0.472317 -3.218560
v 0.588759 0.468212 -3.167164
v 0.616390 0.464108 -3.115767
v 0.644022 0.460003 -3.064371
v 0.671653 0.455898 -3.012974
v 0.699285 0.451793 -2.961578
v 0.726916 0.447688 -2.910182
v 0.754548 0.443583 -2.858785
v 0.782180 0.439478 -2.807389
v 0.809811 0.435373 -2.755992
v 0.837443 0.431269 -2.704596
v 0.865074 0.427164 -2.653199
v 0.892706 0.423059 -2.601803
v 0.920338 0.418954 -2.550407
v 0.947969 0.414849 -2.499011
v 0.975601 0.410744 -2.447614
v 1.003232 0.406639 -2.396218
v 1.030864 0.402535 -2.344821
v 1.058496 0.398430 -2.293425
v 1.086127 0.394325 -2.242028
v 1.113759 0.390220 -2.190632
v 1.141390 0.386115 -2.139235
v 1.169022 0.382010 -2.087839
v 1.196653 0.377905 -2.036443
v 1.224285 0.373800 -1.985046
v 1.251917 0.369696 -1.933650
v 1.279548 0.365591 -1.882254
v 1.307180 0.361486 -1.830857
v 1.334811 0.357381 -1.779461
v 1.362443 0.353276 -1.728064
v 1.390075 0.349171 -1.676668
v 1.417706 0.345066 -1.625272
v 1.445338 0.340962 -1.573875
v 1.472969 0.336857 -1.522479
v 1.500601 0.332752 -1.471082
v 1.528232 0.328647 -1.419686
v 0.553074 0.458616 -3.215325
v 0.580706 0.454511 -3.163929
v 0.608338 0.450406 -3.112532
v 0.635969 0.446301 -3.061136
v 0.663601 0.442196 -3.009740
v 0.691232 0.438091 -2.958343
v 0.718864 0.433986 -2.906947
v 0.746495 0.429882 -2.855550
v 0.774127 0.425777 -2.804154
v 0.801759 0.421672 -2.752758
v 0.829390 0.417567 -2.701361
v 0.857022 0.413462 -2.649965
v 0.884653 0.409357 -2.598568
v 0.912285 0.405252 -2.547172
v 0.939917 0.401147 -2.495775
v 0.967548 0.397043 -2.444379
v 0.995180 0.392938 -2.392983
v 1.022811 0.388833 -2.341586
v 1.050443 0.384728 -2.290190
v 1.078074 0.380623 -2.238794
v 1.105706 0.376518 -2.187397
v 1.133338 0.372413 -2.136001
v 1.160969 0.368309 -2.084604
v 1.188601 0.364204 -2.033208
v 1.216233 0.360099 -1.981812
v 1.243864 0.355994 -1.930415
v 1.271496 0.351889 -1.879019
v 1.299127 0.347784 -1.827622
v 1.326759 0.343679 -1.776226
v 1.354390 0.339574 -1.724829
v 1.382022 0.335470 -1.673433
v 1.409654 0.331365 -1.622036
v 1.437285 0.327260 -1.570640
v 1.464917 0.323155 -1.519244
v 1.492548 0.319050 -1.467847
v 1.520180 0.314945 -1.416451
v 1.018352 0.478467 -3.463881
v 1.070531 0.475072 -3.421377
v 1.058460 0.469611 -3.352992
v 1.110639 0.466216 -3.310488
v 1.098568 0.460754 -3.242103
v 1.150747 0.457360 -3.199600
v 1.138676 0.451898 -3.131214
v 1.190855 0.448503 -3.088711
v 1.178784 0.443042 -3.020325
v 1.230963 0.439647 -2.977822
v 1.218892 0.434185 -2.909436
v 1.268401 0.429315 -2.848453
v 1.319819 0.418276 -2.710240
v 1.319162 0.412044 -2.632214
v 1.371342 0.408650 -2.589711
v 1.359270 0.403188 -2.521326
v 1.411450 0.399793 -2.478822
v 1.399378 0.394332 -2.410437
v 1.451558 0.390937 -2.367934
v 1.439486 0.385475 -2.299548
v 1.491666 0.382081 -2.257045
v 1.479594 0.376619 -2.188659
v 1.531774 0.373224 -2.146156
v 1.519702 0.367763 -2.077770
v 1.571882 0.364368 -2.035267
v 1.559810 0.358906 -1.966882
v 1.611990 0.355512 -1.924378
v 1.599918 0.350050 -1.855993
v 1.652098 0.346655 -1.813490
v 1.640027 0.341194 -1.745104
v 1.692206 0.337799 -1.702601
v 1.680134 0.332337 -1.634215
v 1.732314 0.328943 -1.591712
v 1.720243 0.323481 -1.523326
v 1.213037 0.407368 -2.741982
v 1.213037 0.434084 -2.739848
v 1.256192 0.422567 -2.763969
v 0.610678 0.426365 -3.352809
v 0.610678 0.529296 -3.346917
v 0.637978 0.426660 -3.355521
v 0.637978 0.529591 -3.349629
v 0.659204 0.424776 -3.338183
v 0.659204 0.527707 -3.332290
v 0.661923 0.421816 -3.310949
v 0.661923 0.524748 -3.305057
v 0.644542 0.419515 -3.289775
v 0.644542 0.522447 -3.283882
v 0.617242 0.419221 -3.287063
v 0.617242 0.522152 -3.281170
v 0.596015 0.421105 -3.304402
v 0.596015 0.524036 -3.298509
v 0.593296 0.424064 -3.331635
v 0.593296 0.526995 -3.325742
v 0.616857 0.415725 -3.341846
v 0.634194 0.415912 -3.343568
v 0.634194 0.537624 -3.336600
v 0.616857 0.537437 -3.334878
v 0.647675 0.414715 -3.332556
v 0.647675 0.536428 -3.325589
v 0.649401 0.412836 -3.315261
v 0.649401 0.534548 -3.308293
v 0.638363 0.411375 -3.301814
v 0.638363 0.533087 -3.294846
v 0.621025 0.411187 -3.300091
v 0.621025 0.532900 -3.293123
v 0.607545 0.412384 -3.311103
v 0.607545 0.534096 -3.304135
v 0.605818 0.414263 -3.328398
v 0.605818 0.535976 -3.321430
v 0.210135 0.463459 -3.832559
v 0.243232 0.461593 -3.809198
v 0.223233 0.463578 -3.834057
v 0.235347 0.462895 -3.825507
v 0.698084 0.480835 -4.050122
v 0.706565 0.484639 -4.097756
v 0.693661 0.482367 -4.069311
v 0.696765 0.483760 -4.086747
v 0.243232 0.549937 -3.802143
v 0.210135 0.551803 -3.825503
v 0.235347 0.551240 -3.818451
v 0.223233 0.551923 -3.827002
v 0.706565 0.572984 -4.090701
v 0.698084 0.569179 -4.043067
v 0.696765 0.572104 -4.079690
v 0.693661 0.570712 -4.062255
v 0.161650 0.459095 -3.777928
v 0.191065 0.462645 -3.822372
v 0.167694 0.460500 -3.795521
v 0.178461 0.461800 -3.811789
v 0.777532 0.573129 -4.092520
v 0.725635 0.573797 -4.100888
v 0.760247 0.573833 -4.101332
v 0.741252 0.574077 -4.104395
v 0.191065 0.550990 -3.815316
v 0.161650 0.547440 -3.770872
v 0.178461 0.550144 -3.804733
v 0.167694 0.548845 -3.788466
v 0.813217 0.423562 -3.463686
v 0.813217 0.526493 -3.457793
v 0.840517 0.423857 -3.466398
v 0.840517 0.526788 -3.460506
v 0.861743 0.421973 -3.449059
v 0.861743 0.524904 -3.443167
v 0.864462 0.419014 -3.421826
v 0.864462 0.521945 -3.415933
v 0.847081 0.416713 -3.400651
v 0.847081 0.519644 -3.394759
v 0.819781 0.416418 -3.397939
v 0.819781 0.519349 -3.392047
v 0.798554 0.418302 -3.415278
v 0.798554 0.521233 -3.409386
v 0.795835 0.421261 -3.442512
v 0.795835 0.524193 -3.436619
v 0.819396 0.412922 -3.452723
v 0.836733 0.413109 -3.454445
v 0.836733 0.534821 -3.447477
v 0.819396 0.534634 -3.445755
v 0.850214 0.411912 -3.443433
v 0.850214 0.533625 -3.436465
v 0.851940 0.410033 -3.426138
v 0.851940 0.531746 -3.419170
v 0.840902 0.408572 -3.412691
v 0.840902 0.530284 -3.405723
v 0.823564 0.408385 -3.410968
v 0.823564 0.530097 -3.404000
v 0.810084 0.409581 -3.421980
v 0.810084 0.531294 -3.415012
v 0.808357 0.411461 -3.439275
v 0.808357 0.533173 -3.432307
v -0.329256 -2.107166 -2.033916
v -0.443925 -2.086364 -1.689606
v -0.788911 -2.093356 -1.804072
v -0.674242 -2.114158 -2.148381
v -0.274357 -2.005319 -2.066432
v -0.416596 -1.983382 -1.639138
v -0.844615 -1.991666 -1.781163
v -0.702375 -2.013603 -2.208458
v -0.769649 -2.106384 -1.988774
v -0.629068 -2.089382 -1.708747
v -0.348504 -2.097842 -1.849038
v -0.489084 -2.114845 -2.129065
v -0.311801 -1.826122 -2.055873
v -0.413997 -2.064032 -1.630736
v -0.848859 -2.072779 -1.775024
v -0.704320 -2.098344 -2.209052
v -0.269459 -2.089597 -2.064764
v -0.435724 -1.814400 -1.683222
v -0.808805 -1.820869 -1.807033
v -0.684882 -1.832591 -2.179684
v -0.265223 -1.992797 -1.826155
v -0.657275 -1.983410 -1.630032
v -0.853748 -2.004187 -2.021440
v -0.461696 -2.013574 -2.217563
v -0.459691 -2.098971 -2.218572
v -0.858418 -2.087391 -2.019180
v -0.658626 -2.063770 -1.621199
v -0.259898 -2.075350 -1.820590
v -0.559061 -2.106000 -1.918723
v -0.303810 -1.819048 -1.846333
v -0.645500 -1.815436 -1.675255
v -0.816796 -1.827943 -2.016573
v -0.475105 -1.831555 -2.187651
v -0.247340 -2.025437 -2.136254
v -0.277441 -1.881381 -2.127765
v -0.243403 -2.093187 -2.134913
v -0.397941 -2.032073 -2.257747
v -0.396329 -2.100723 -2.258558
v -0.408721 -1.885749 -2.233701
v -0.144599 -2.055606 -2.314776
v -0.164303 -1.961306 -2.309220
v -0.142022 -2.099955 -2.313898
v -0.243183 -2.059950 -2.394306
v -0.242128 -2.104888 -2.394837
v -0.250240 -1.964165 -2.378566
v -0.017095 -2.056712 -2.504841
v -0.030474 -1.992681 -2.501068
v -0.015345 -2.086826 -2.504245
v -0.084035 -2.059662 -2.558843
v -0.083319 -2.090176 -2.559204
v -0.088827 -1.994622 -2.548155
v 0.131803 -2.105387 -2.723893
v 0.125810 -2.076707 -2.722203
v 0.132587 -2.118875 -2.723626
v 0.101820 -2.106708 -2.748080
v 0.102141 -2.120375 -2.748242
v 0.099674 -2.077577 -2.743293
v 0.173115 -2.118416 -2.758626
v 0.168858 -2.098039 -2.757425
v 0.173672 -2.127999 -2.758436
v 0.151813 -2.119355 -2.775811
v 0.152041 -2.129065 -2.775925
v 0.150288 -2.098657 -2.772409
v -0.451840 -2.012191 -1.404553
v -0.450184 -2.063574 -1.399200
v -0.464026 -1.904531 -1.432639
v -0.605179 -2.012209 -1.398752
v -0.606039 -2.063407 -1.393124
v -0.597677 -1.905192 -1.427564
v -0.497040 -2.080576 -1.170045
v -0.496055 -2.111123 -1.166863
v -0.504285 -2.016571 -1.186743
v -0.588201 -2.080587 -1.166597
v -0.588713 -2.111024 -1.163251
v -0.583741 -2.016964 -1.183725
v -0.544593 -2.100124 -0.950039
v -0.543943 -2.120306 -0.947937
v -0.549380 -2.057835 -0.961071
v -0.604824 -2.100131 -0.947761
v -0.605162 -2.120241 -0.945550
v -0.601877 -2.058095 -0.959078
v -0.521235 -2.109808 -0.863072
v -0.520824 -2.122539 -0.861746
v -0.524254 -2.083133 -0.870031
v -0.559227 -2.109812 -0.861635
v -0.559440 -2.122497 -0.860241
v -0.557368 -2.083297 -0.868774
v -0.901847 -2.058270 -2.324532
v -0.903267 -2.120121 -2.324965
v -0.889079 -1.926152 -2.303530
v -1.012332 -2.051398 -2.188030
v -1.015740 -2.112127 -2.186381
v -0.985361 -1.922760 -2.184478
v -1.024839 -2.120289 -2.536458
v -1.025781 -2.161300 -2.536746
v -1.016373 -2.032688 -2.522533
v -1.098097 -2.115732 -2.445951
v -1.100357 -2.155999 -2.444857
v -1.080214 -2.030439 -2.443595
v -1.202071 -2.087892 -2.634142
v -1.202633 -2.112363 -2.634314
v -1.197020 -2.035621 -2.625834
v -1.245784 -2.085173 -2.580136
v -1.247132 -2.109200 -2.579484
v -1.235113 -2.034279 -2.578731
v -1.284294 -2.114388 -2.680642
v -1.284628 -2.128963 -2.680744
v -1.281285 -2.083256 -2.675693
v -1.310328 -2.112769 -2.648476
v -1.311132 -2.127079 -2.648088
v -1.303973 -2.082456 -2.647639
v -0.283697 -2.008669 -1.571521
v -0.281803 -2.067461 -1.565396
v -0.297641 -1.885485 -1.603657
v -0.173350 -2.015532 -1.707852
v -0.169468 -2.075711 -1.703796
v -0.201479 -1.888873 -1.722561
v -0.149188 -2.034576 -1.485856
v -0.147718 -2.080190 -1.481104
v -0.160006 -1.939003 -1.510789
v -0.063574 -2.039901 -1.591630
v -0.060563 -2.086591 -1.588482
v -0.085398 -1.941632 -1.603042
v -0.003398 -2.067438 -1.471459
v -0.002402 -2.098362 -1.468238
v -0.010733 -2.002644 -1.488363
v 0.054644 -2.071048 -1.543169
v 0.056686 -2.102702 -1.541035
v 0.039848 -2.004426 -1.550905
v 0.202035 -2.076879 -1.441057
v 0.202648 -2.095910 -1.439075
v 0.197522 -2.037005 -1.451460
v 0.237754 -2.079101 -1.485187
v 0.239010 -2.098580 -1.483874
v 0.228649 -2.038102 -1.489949
v 0.264711 -2.105357 -1.422777
v 0.265071 -2.116529 -1.421613
v 0.262061 -2.081951 -1.428883
v 0.285678 -2.106662 -1.448681
v 0.286416 -2.118096 -1.447910
v 0.280333 -2.082595 -1.451476
v -1.096795 -2.039230 -1.813332
v -1.099445 -2.089877 -1.809499
v -1.074435 -1.932584 -1.829486
v -1.102498 -2.047049 -1.963362
v -1.105414 -2.099001 -1.961951
v -1.079425 -1.937001 -1.960323
v -1.272535 -2.084908 -1.736523
v -1.274033 -2.113540 -1.734356
v -1.259895 -2.024617 -1.745655
v -1.275760 -2.089328 -1.821339
v -1.277408 -2.118698 -1.820541
v -1.262716 -2.027114 -1.819621
v -1.497728 -2.114197 -1.744136
v -1.498574 -2.130379 -1.742911
v -1.490584 -2.080122 -1.749297
v -1.499550 -2.116694 -1.792073
v -1.500482 -2.133294 -1.791622
v -1.492178 -2.081533 -1.791102
v -1.626452 -2.096898 -1.711883
v -1.627019 -2.107730 -1.711064
v -1.621670 -2.074090 -1.715338
v -1.627672 -2.098570 -1.743970
v -1.628296 -2.109681 -1.743668
v -1.622737 -2.075034 -1.743320
v -0.350597 -1.503778 -2.049718
v -0.343745 -1.514252 -1.870640
v -0.455942 -1.518513 -1.731557
v -0.634426 -1.526286 -1.724413
v -0.773406 -1.522542 -1.836947
v -0.780258 -1.542614 -2.014151
v -0.668061 -1.531571 -2.153650
v -0.489576 -1.517242 -2.161196
v -0.371286 -1.504903 -2.039304
v -0.365042 -1.515478 -1.877759
v -0.466315 -1.519176 -1.752229
v -0.627327 -1.525968 -1.745786
v -0.752812 -1.521423 -1.847343
v -0.758885 -1.541384 -2.007122
v -0.657676 -1.530908 -2.132998
v -0.496564 -1.517554 -2.139812
v -0.389114 -1.505872 -2.030330
v -0.394417 -1.508341 -2.027540
v -0.475252 -1.519747 -1.770041
v -0.477924 -1.521835 -1.775246
v -0.735064 -1.520458 -1.856302
v -0.729776 -1.522561 -1.858826
v -0.648727 -1.530336 -2.115203
v -0.646051 -1.532125 -2.109767
v -0.383393 -1.516534 -1.883892
v -0.388879 -1.518564 -1.885597
v -0.621210 -1.525694 -1.764202
v -0.619387 -1.527384 -1.769577
v -0.740469 -1.540324 -2.001066
v -0.735022 -1.541545 -1.999170
v -0.502585 -1.517822 -2.121387
v -0.504386 -1.519811 -2.115762
v -0.399686 -1.507285 -2.025001
v -0.394370 -1.516410 -1.887524
v -0.480596 -1.520052 -1.780688
v -0.617569 -1.524970 -1.775179
v -0.724507 -1.521436 -1.861542
v -0.729655 -1.538329 -1.997556
v -0.643375 -1.530042 -2.104568
v -0.506188 -1.517929 -2.110375
v -0.422901 -1.508542 -2.013311
v -0.427275 -1.510083 -2.011040
v -0.492231 -1.520796 -1.803878
v -0.494437 -1.521975 -1.808204
v -0.701396 -1.520184 -1.873221
v -0.697034 -1.521426 -1.875335
v -0.631739 -1.529298 -2.081396
v -0.629536 -1.530232 -2.076941
v -0.418265 -1.517783 -1.895516
v -0.422793 -1.518946 -1.896953
v -0.609621 -1.524617 -1.799160
v -0.608119 -1.525517 -1.803628
v -0.705676 -1.536952 -1.989653
v -0.701183 -1.537445 -1.988118
v -0.514023 -1.518275 -2.086383
v -0.515507 -1.519431 -2.081772
v -0.431619 -1.509748 -2.008916
v -0.427324 -1.517666 -1.898511
v -0.496643 -1.520975 -1.812663
v -0.606619 -1.524063 -1.808222
v -0.692689 -1.521040 -1.877541
v -0.696757 -1.535285 -1.986757
v -0.627334 -1.528987 -2.072619
v -0.516990 -1.518409 -2.077296
v -0.451788 -1.510836 -1.998755
v -0.454637 -1.511938 -1.997270
v -0.506748 -1.521622 -1.832808
v -0.508185 -1.522476 -1.835621
v -0.672609 -1.519956 -1.887701
v -0.669768 -1.520866 -1.889074
v -0.617240 -1.528341 -2.052488
v -0.615809 -1.529012 -2.049579
v -0.448083 -1.518856 -1.905459
v -0.451034 -1.519698 -1.906390
v -0.599732 -1.523761 -1.829057
v -0.598755 -1.524444 -1.831964
v -0.675926 -1.534090 -1.979875
v -0.672999 -1.534494 -1.978868
v -0.523792 -1.518706 -2.056453
v -0.524757 -1.519564 -2.053442
v -0.457465 -1.511654 -1.995893
v -0.453987 -1.518766 -1.907409
v -0.509623 -1.521685 -1.838533
v -0.597778 -1.523430 -1.834964
v -0.666938 -1.520555 -1.890514
v -0.670116 -1.532985 -1.977989
v -0.614379 -1.528087 -2.046768
v -0.525721 -1.518827 -2.050529
v -0.475146 -1.512606 -1.986982
v -0.478323 -1.513696 -1.985336
v -0.518479 -1.522253 -1.856192
v -0.520083 -1.523026 -1.859341
v -0.649333 -1.519608 -1.899432
v -0.646165 -1.520494 -1.900969
v -0.605541 -1.527521 -2.029119
v -0.603947 -1.528108 -2.025882
v -0.472185 -1.519808 -1.913504
v -0.475478 -1.520573 -1.914552
v -0.591754 -1.523169 -1.853230
v -0.590665 -1.523775 -1.856485
v -0.651857 -1.531940 -1.971943
v -0.648595 -1.532207 -1.970833
v -0.531681 -1.519084 -2.032258
v -0.532755 -1.519899 -2.028908
v -0.481472 -1.513593 -1.983793
v -0.478774 -1.519660 -1.915675
v -0.521689 -1.522258 -1.862580
v -0.589575 -1.522812 -1.859824
v -0.643017 -1.520385 -1.902555
v -0.645390 -1.530629 -1.969852
v -0.602358 -1.527181 -2.022734
v -0.533828 -1.519254 -2.025646
v -0.499364 -1.514551 -1.974770
v -0.501979 -1.515751 -1.973398
v -0.530645 -1.522833 -1.880447
v -0.531967 -1.523721 -1.883025
v -0.625199 -1.519432 -1.911599
v -0.622592 -1.520474 -1.912845
v -0.593435 -1.526608 -2.004876
v -0.592126 -1.527344 -2.002190
v -0.497187 -1.520712 -1.921849
v -0.499902 -1.521603 -1.922694
v -0.583503 -1.522554 -1.878306
v -0.582607 -1.523339 -1.880973
v -0.626917 -1.529575 -1.963711
v -0.624232 -1.530049 -1.962782
v -0.539851 -1.519510 -2.007159
v -0.540735 -1.520459 -2.004380
v -0.504565 -1.515452 -1.972151
v -0.502618 -1.520539 -1.923630
v -0.533290 -1.522746 -1.885710
v -0.581710 -1.522290 -1.883745
v -0.620008 -1.520190 -1.914155
v -0.621603 -1.528418 -1.962003
v -0.590827 -1.526245 -1.999612
v -0.541613 -1.519700 -2.001708
v -0.524124 -1.516490 -1.962277
v -0.529280 -1.517629 -1.959694
v -0.526727 -1.517611 -1.960925
v -0.545709 -1.523094 -1.910492
v -0.543072 -1.523377 -1.905237
v -0.544391 -1.524058 -1.907822
v -0.595392 -1.520239 -1.926555
v -0.600525 -1.519156 -1.924072
v -0.597935 -1.520145 -1.925307
v -0.578531 -1.525088 -1.974831
v -0.581105 -1.525618 -1.980092
v -0.579808 -1.526157 -1.977416
v -0.528167 -1.521357 -1.932138
v -0.522740 -1.521684 -1.930389
v -0.525454 -1.522382 -1.931234
v -0.573322 -1.521781 -1.909385
v -0.575110 -1.522017 -1.903944
v -0.574218 -1.522662 -1.906622
v -0.596167 -1.525878 -1.953617
v -0.601418 -1.527270 -1.955255
v -0.598752 -1.527527 -1.954354
v -0.549925 -1.520253 -1.976049
v -0.548184 -1.519972 -1.981503
v -0.549061 -1.520799 -1.978732
v 0.620252 -2.060060 -1.076880
v 0.890623 -2.054301 -1.076926
v 0.890270 -2.077729 -0.818059
v 0.618206 -2.085130 -0.814731
v 0.587791 -2.001643 -1.117249
v 0.921029 -1.994798 -1.117119
v 0.919843 -2.013015 -0.798154
v 0.585427 -2.021171 -0.793697
v 0.755179 -2.085294 -0.787679
v 0.920133 -2.066292 -0.947453
v 0.755828 -2.054614 -1.105347
v 0.589233 -2.074289 -0.946054
v 0.610019 -1.905517 -1.112371
v 0.925403 -2.040175 -1.112338
v 0.924782 -2.068043 -0.786316
v 0.581194 -2.051348 -0.778156
v 0.584719 -2.047372 -1.112445
v 0.895850 -1.900029 -1.112280
v 0.894994 -1.900523 -0.830756
v 0.607260 -1.905845 -0.832362
v 0.523612 -2.012702 -0.955753
v 0.753916 -2.020912 -0.736014
v 0.982262 -2.002530 -0.957484
v 0.755030 -1.994543 -1.177372
v 0.755476 -2.072973 -0.946282
v 0.755672 -2.038420 -1.173931
v 0.988509 -2.052362 -0.949458
v 0.754714 -2.078377 -0.722414
v 0.517332 -2.038699 -0.944237
v 0.554565 -1.907006 -0.972805
v 0.752137 -1.903399 -0.782095
v 0.948729 -1.899879 -0.968844
v 0.753450 -1.902384 -1.164224
v 0.579134 -2.017721 -1.240447
v 0.603365 -1.942363 -1.240531
v 1.015772 -2.015343 -0.763380
v 1.022096 -2.060328 -0.748009
v 0.430817 -2.021756 -0.736109
v 0.425123 -2.052884 -0.718393
v 0.576139 -2.072687 -1.234873
v 1.007912 -1.926356 -0.780819
v 0.442540 -1.928718 -0.788247
v 0.423497 -2.006257 -0.898690
v 1.077190 -2.002189 -0.922271
v 0.718290 -2.016427 -1.281207
v 0.719577 -2.070787 -1.277349
v 1.085364 -2.043915 -0.911252
v 0.415758 -2.033709 -0.885675
v 0.445130 -1.926592 -0.926267
v 1.060370 -1.925497 -0.915882
v 0.716515 -1.945991 -1.271839
v 0.525101 -2.046148 -1.420005
v 0.533624 -1.979431 -1.423976
v 1.225030 -2.024703 -0.715390
v 1.230577 -2.052218 -0.703013
v 0.270919 -2.045496 -0.708326
v 0.266376 -2.070385 -0.695683
v 0.522416 -2.087108 -1.416767
v 1.204226 -1.929370 -0.746571
v 0.278825 -1.986456 -0.750363
v 0.228796 -2.036342 -0.820182
v 1.266411 -2.014112 -0.825211
v 0.668636 -2.020489 -1.431730
v 0.669653 -2.060148 -1.429288
v 1.273546 -2.039776 -0.816317
v 0.222484 -2.059483 -0.810923
v 0.243797 -1.985946 -0.843636
v 1.239321 -1.927852 -0.838186
v 0.658129 -1.959675 -1.430359
v 0.480770 -2.081074 -1.648170
v 0.494035 -2.019479 -1.643277
v 1.476423 -2.058820 -0.641324
v 1.480818 -2.092119 -0.634014
v 0.064170 -2.062804 -0.678647
v 0.061401 -2.088296 -0.670828
v 0.478556 -2.111192 -1.646606
v 1.458761 -1.988167 -0.665047
v 0.079592 -2.031497 -0.710403
v 0.034034 -2.056376 -0.756577
v 1.505717 -2.051196 -0.718971
v 0.560761 -2.076611 -1.676715
v 0.561247 -2.106514 -1.676162
v 1.511429 -2.083404 -0.713978
v 0.029885 -2.080857 -0.751000
v 0.054674 -2.031090 -0.775329
v 1.483278 -1.986791 -0.729527
v 0.560165 -2.017844 -1.667103
v 0.485158 -2.112176 -1.820604
v 0.492664 -2.076543 -1.817934
v 1.668350 -2.116602 -0.594555
v 1.670624 -2.135769 -0.590534
v -0.065787 -2.092923 -0.675877
v -0.067290 -2.112153 -0.671876
v 0.483952 -2.129574 -1.819621
v 1.658741 -2.075829 -0.607813
v -0.056587 -2.078501 -0.696373
v -0.083117 -2.089234 -0.720634
v 1.685496 -2.112243 -0.639325
v 0.531376 -2.109641 -1.837291
v 0.531709 -2.126927 -1.836891
v 1.688534 -2.130800 -0.636595
v -0.085395 -2.107881 -0.717929
v -0.070982 -2.078280 -0.733644
v 1.673078 -2.075048 -0.645093
v 0.530921 -2.075622 -1.831871
v 0.409020 -2.040171 -0.589199
v 0.405677 -2.080477 -0.580631
v 0.425650 -1.985611 -0.619109
v 0.335911 -2.086063 -0.574982
v 0.338322 -2.058016 -0.581016
v 0.350747 -2.027978 -0.603664
v 0.451383 -2.060295 -0.480073
v 0.449427 -2.083297 -0.475065
v 0.461428 -2.024307 -0.497757
v 0.378734 -2.083860 -0.459621
v 0.380043 -2.068023 -0.463003
v 0.386962 -2.047291 -0.475482
v 0.425122 -2.089247 -0.352156
v 0.421903 -2.100157 -0.353812
v 0.434709 -2.065536 -0.351321
v 0.388326 -2.095968 -0.345301
v 0.390533 -2.088464 -0.344149
v 0.397100 -2.072159 -0.343524
v 0.819736 -2.027672 -1.359486
v 0.820197 -2.066375 -1.356982
v 0.819703 -1.977390 -1.352973
v 0.795021 -2.025463 -1.454183
v 0.795473 -2.052850 -1.452552
v 0.794551 -1.973592 -1.448562
v 0.906157 -2.054021 -1.424857
v 0.906527 -2.081578 -1.423626
v 0.906085 -2.033345 -1.420607
v 0.898099 -2.056909 -1.487249
v 0.898428 -2.076207 -1.486532
v 0.897774 -2.019612 -1.482095
v 1.046879 -2.081244 -1.531348
v 1.047326 -2.097340 -1.532147
v 1.046779 -2.076548 -1.530072
v 1.026715 -2.092150 -1.557178
v 1.027015 -2.103242 -1.557735
v 1.026193 -2.070139 -1.553998
v 1.399848 -2.079259 -0.656184
v 1.394971 -2.047758 -0.665204
v 1.374886 -1.967614 -0.692261
v 1.423633 -1.970769 -0.765869
v 1.433982 -2.035187 -0.752867
v 1.426703 -2.058910 -0.752240
v 1.322945 -2.037934 -0.686470
v 1.372499 -1.956429 -0.784876
v 1.362266 -2.023442 -0.783313
v 1.366546 -2.046983 -0.776635
v 1.328188 -2.067823 -0.675973
v 1.301346 -1.949956 -0.716100
v 1.443404 -2.051536 -0.828006
v 1.436381 -2.064266 -0.829560
v 1.435895 -2.014456 -0.836892
v 1.406209 -2.000953 -0.848102
v 1.398908 -2.044520 -0.847346
v 1.401794 -2.057732 -0.843352
v 1.454518 -2.064423 -0.889783
v 1.454249 -2.076904 -0.887317
v 1.451121 -2.033270 -0.894316
v 1.422493 -2.025143 -0.906871
v 1.428767 -2.059335 -0.901798
v 1.429739 -2.071191 -0.898852
v 1.463616 -2.076432 -0.944893
v 1.463498 -2.081817 -0.943836
v 1.462139 -2.062976 -0.946831
v 1.451927 -2.060736 -0.952318
v 1.454653 -2.075527 -0.950149
v 1.455071 -2.080649 -0.948885
v 0.867179 -1.719449 -1.103221
v 0.749479 -1.711085 -1.144909
v 0.631496 -1.722491 -1.103148
v 0.868210 -1.743840 -0.875374
v 0.911935 -1.729468 -0.989629
v 0.628797 -1.748661 -0.873284
v 0.749111 -1.748980 -0.830697
v 0.585448 -1.734509 -0.988864
v 0.858498 -1.720566 -1.094354
v 0.749516 -1.713759 -1.133061
v 0.640138 -1.723279 -1.094240
v 0.859419 -1.743068 -0.884152
v 0.899771 -1.729707 -0.989587
v 0.637579 -1.747542 -0.882154
v 0.748974 -1.747696 -0.842708
v 0.597623 -1.734921 -0.988756
v 0.653609 -1.724508 -1.080356
v 0.655236 -1.725327 -1.078764
v 0.844966 -1.722307 -1.080532
v 0.843358 -1.723188 -1.078948
v 0.845717 -1.741865 -0.897836
v 0.844088 -1.742393 -0.899548
v 0.651268 -1.745798 -0.895981
v 0.652921 -1.746261 -0.897711
v 0.749532 -1.715797 -1.114364
v 0.749547 -1.716709 -1.112195
v 0.880810 -1.730078 -0.989520
v 0.878575 -1.732071 -0.989721
v 0.748799 -1.747605 -0.861635
v 0.748786 -1.748037 -0.863951
v 0.616619 -1.736531 -0.988691
v 0.618904 -1.737163 -0.988730
v 0.749536 -1.716277 -1.109882
v 0.841723 -1.722724 -1.077219
v 0.656838 -1.724802 -1.077028
v 0.876265 -1.730167 -0.989504
v 0.842433 -1.741577 -0.901115
v 0.748748 -1.747125 -0.866122
v 0.654549 -1.745380 -0.899295
v 0.621163 -1.736451 -0.988625
v 0.668249 -1.725843 -1.065266
v 0.669383 -1.726622 -1.064182
v 0.830261 -1.724198 -1.065511
v 0.829147 -1.725019 -1.064432
v 0.830826 -1.740558 -0.912706
v 0.829698 -1.741134 -0.913918
v 0.666144 -1.743902 -0.911008
v 0.667297 -1.744433 -0.912232
v 0.749587 -1.719971 -1.094256
v 0.749601 -1.720814 -1.092771
v 0.860204 -1.730481 -0.989448
v 0.858662 -1.732464 -0.989652
v 0.748568 -1.745429 -0.881981
v 0.748563 -1.745938 -0.883613
v 0.637222 -1.736167 -0.988394
v 0.638814 -1.736815 -0.988443
v 0.749590 -1.720305 -1.091141
v 0.828007 -1.724488 -1.063209
v 0.670492 -1.726048 -1.062954
v 0.857046 -1.730543 -0.989437
v 0.828543 -1.740358 -0.914985
v 0.748533 -1.745096 -0.885100
v 0.668424 -1.743612 -0.913311
v 0.640380 -1.736111 -0.988348
v 0.682854 -1.728648 -1.050399
v 0.683916 -1.729417 -1.049390
v 0.815618 -1.726082 -1.050554
v 0.814577 -1.726891 -1.049550
v 0.815998 -1.739257 -0.927514
v 0.814944 -1.739836 -0.928651
v 0.680957 -1.742015 -0.925970
v 0.682035 -1.742553 -0.927119
v 0.749604 -1.722139 -1.074020
v 0.749618 -1.722968 -1.072636
v 0.839710 -1.732159 -0.989513
v 0.838247 -1.732861 -0.989580
v 0.748338 -1.743263 -0.902241
v 0.748334 -1.743781 -0.903771
v 0.657737 -1.735805 -0.988098
v 0.659226 -1.736452 -0.988149
v 0.749606 -1.722451 -1.071109
v 0.813511 -1.726353 -1.048402
v 0.684952 -1.728839 -1.048237
v 0.836758 -1.732217 -0.989503
v 0.813865 -1.739069 -0.929644
v 0.748305 -1.742952 -0.905156
v 0.683088 -1.741743 -0.928123
v 0.660689 -1.735753 -0.988055
v 0.695721 -1.729822 -1.037138
v 0.696454 -1.730245 -1.036427
v 0.802693 -1.727744 -1.037352
v 0.801970 -1.728196 -1.036645
v 0.802911 -1.738108 -0.940583
v 0.802179 -1.738400 -0.941359
v 0.694031 -1.740349 -0.939177
v 0.694776 -1.740612 -0.939961
v 0.749670 -1.726717 -1.056445
v 0.749678 -1.727182 -1.055475
v 0.821600 -1.732513 -0.989450
v 0.820584 -1.732890 -0.989484
v 0.748135 -1.741351 -0.920123
v 0.748131 -1.741601 -0.921171
v 0.675845 -1.735485 -0.987837
v 0.676874 -1.735824 -0.987860
v 0.749672 -1.726933 -1.054428
v 0.801234 -1.727932 -1.035861
v 0.697174 -1.729954 -1.035640
v 0.819555 -1.732553 -0.989443
v 0.801433 -1.737978 -0.942059
v 0.748112 -1.741135 -0.922143
v 0.695508 -1.740161 -0.940668
v 0.677890 -1.735449 -0.987807
v 0.706385 -1.730794 -1.026146
v 0.707487 -1.731568 -1.025096
v 0.791981 -1.729122 -1.026411
v 0.790900 -1.729937 -1.025365
v 0.792064 -1.737155 -0.951415
v 0.790969 -1.737732 -0.952594
v 0.704867 -1.738968 -0.950122
v 0.705987 -1.739501 -0.951312
v 0.749682 -1.728303 -1.041642
v 0.749697 -1.729139 -1.040202
v 0.806590 -1.732807 -0.989397
v 0.805070 -1.733511 -0.989464
v 0.747967 -1.739767 -0.934944
v 0.747963 -1.740279 -0.936530
v 0.690852 -1.735220 -0.987620
v 0.692398 -1.735867 -0.987670
v 0.749685 -1.728627 -1.038618
v 0.789793 -1.729404 -1.024176
v 0.708563 -1.730993 -1.023901
v 0.803524 -1.732867 -0.989386
v 0.789848 -1.736961 -0.953628
v 0.747933 -1.739443 -0.937971
v 0.707080 -1.738686 -0.952358
v 0.693918 -1.735166 -0.987576
v 0.718259 -1.731878 -1.013907
v 0.720278 -1.732062 -1.011827
v 0.719279 -1.732531 -1.012927
v 0.778026 -1.730918 -1.012156
v 0.780053 -1.730657 -1.014227
v 0.779050 -1.731348 -1.013251
v 0.777933 -1.735915 -0.965527
v 0.779986 -1.736095 -0.963477
v 0.778970 -1.736566 -0.964562
v 0.718984 -1.737170 -0.964382
v 0.716933 -1.737431 -0.962310
v 0.717969 -1.737861 -0.963406
v 0.749696 -1.730069 -1.025158
v 0.749699 -1.730369 -1.022356
v 0.749708 -1.730780 -1.023817
v 0.789877 -1.733134 -0.989339
v 0.787036 -1.733190 -0.989329
v 0.788467 -1.733723 -0.989394
v 0.747780 -1.738002 -0.951448
v 0.747748 -1.737702 -0.954253
v 0.747775 -1.738413 -0.952910
v 0.707564 -1.734925 -0.987379
v 0.710405 -1.734875 -0.987338
v 0.708995 -1.735461 -0.987418
v 0.124114 -1.758487 -2.248915
v 0.470450 -1.858950 -2.236704
v 0.472114 -1.807234 -1.893786
v 0.123115 -1.707105 -1.901320
v 0.104315 -1.685985 -2.321048
v 0.531088 -1.810062 -2.305676
v 0.536432 -1.732888 -1.886486
v 0.107839 -1.608535 -1.895565
v 0.298542 -1.753386 -1.859069
v 0.508949 -1.845231 -2.063565
v 0.297543 -1.814551 -2.280468
v 0.084758 -1.723032 -2.076474
v 0.171147 -1.574597 -2.343348
v 0.518772 -1.866355 -2.285191
v 0.521297 -1.799129 -1.853831
v 0.091107 -1.639286 -1.866283
v 0.082383 -1.739744 -2.300810
v 0.537054 -1.681501 -2.330071
v 0.548226 -1.594216 -1.964904
v 0.179898 -1.486820 -1.980296
v 0.025387 -1.623885 -2.111542
v 0.324894 -1.657304 -1.812087
v 0.612988 -1.794323 -2.093096
v 0.317294 -1.762446 -2.392517
v 0.296813 -1.787614 -2.068536
v 0.300766 -1.815820 -2.374428
v 0.601422 -1.855854 -2.066925
v 0.303596 -1.724361 -1.776607
v 0.007539 -1.649911 -2.088883
v 0.106166 -1.510969 -2.164790
v 0.367451 -1.525802 -1.908339
v 0.610748 -1.657744 -2.141372
v 0.352614 -1.643915 -2.404101
v 0.081436 -1.740712 -2.476270
v 0.142315 -1.657312 -2.498466
v 0.659110 -1.763110 -1.835685
v 0.649899 -1.816401 -1.801488
v -0.086583 -1.529840 -1.828745
v -0.105458 -1.560506 -1.796424
v 0.055953 -1.805669 -2.452169
v 0.683821 -1.655510 -1.886276
v -0.036874 -1.435818 -1.924568
v -0.096912 -1.558350 -2.044750
v 0.735476 -1.820715 -2.042605
v 0.257221 -1.807150 -2.522292
v 0.237353 -1.873597 -2.500380
v 0.729726 -1.872071 -2.014965
v -0.117131 -1.585126 -2.019770
v -0.038838 -1.477148 -2.104065
v 0.744938 -1.717324 -2.058954
v 0.283464 -1.716544 -2.532058
v -0.006602 -1.810167 -2.703110
v 0.030672 -1.732399 -2.728485
v 0.923778 -1.842993 -1.759677
v 0.920412 -1.875330 -1.734815
v -0.298287 -1.486906 -1.793675
v -0.313433 -1.511903 -1.769807
v -0.026208 -1.858677 -2.686361
v 0.933940 -1.726680 -1.830727
v -0.266544 -1.430212 -1.866066
v -0.353187 -1.493631 -1.943747
v 0.975798 -1.880531 -1.903215
v 0.185757 -1.839227 -2.718801
v 0.171344 -1.887849 -2.703295
v 0.975036 -1.912298 -1.883359
v -0.370038 -1.516819 -1.924900
v -0.315041 -1.444654 -1.988994
v 0.975148 -1.767259 -1.948172
v 0.196697 -1.759516 -2.736410
v -0.087037 -1.906625 -2.990460
v -0.045380 -1.834311 -3.002508
v 1.233343 -1.962102 -1.639996
v 1.225981 -2.002701 -1.619973
v -0.566958 -1.416801 -1.760576
v -0.580301 -1.444749 -1.742683
v -0.101795 -1.942453 -2.979216
v 1.237993 -1.875199 -1.693565
v -0.536256 -1.394149 -1.810652
v -0.606192 -1.421110 -1.865187
v 1.270223 -1.988489 -1.741522
v 0.015266 -1.941812 -3.024699
v 0.003985 -1.978764 -3.014693
v 1.264869 -2.028986 -1.724772
v -0.620987 -1.447958 -1.850588
v -0.570675 -1.403926 -1.896265
v 1.266885 -1.903307 -1.776330
v 0.038367 -1.866011 -3.030472
v -0.101486 -2.000408 -3.204195
v -0.077608 -1.958558 -3.211382
v 1.456595 -2.095270 -1.551472
v 1.452023 -2.118595 -1.540200
v -0.744214 -1.401435 -1.754409
v -0.753618 -1.423342 -1.743342
v -0.109915 -2.021109 -3.197593
v 1.460039 -2.045216 -1.581795
v -0.727663 -1.393659 -1.784976
v -0.766775 -1.403905 -1.814490
v 1.478169 -2.110631 -1.609985
v -0.042403 -2.020854 -3.224216
v -0.048855 -2.042210 -3.218325
v 1.474756 -2.133908 -1.600537
v -0.776990 -1.425186 -1.805324
v -0.747542 -1.399250 -1.834123
v 1.476945 -2.061549 -1.629632
v -0.029177 -1.976975 -3.227751
v -0.115161 -1.498220 -1.633671
v -0.135108 -1.544003 -1.610248
v -0.073567 -1.446757 -1.688495
v -0.225861 -1.521389 -1.604818
v -0.211876 -1.489589 -1.621207
v -0.185090 -1.464479 -1.659236
v -0.064450 -1.505987 -1.483729
v -0.075890 -1.532059 -1.470210
v -0.038100 -1.471038 -1.517287
v -0.165386 -1.499828 -1.453684
v -0.157556 -1.481842 -1.462909
v -0.141036 -1.462872 -1.485153
v -0.103751 -1.491513 -1.310252
v -0.112270 -1.504221 -1.309186
v -0.082059 -1.465784 -1.316016
v -0.152949 -1.483042 -1.301194
v -0.147098 -1.474295 -1.301910
v -0.132212 -1.456577 -1.305808
v 0.378360 -1.885740 -2.615040
v 0.363625 -1.932943 -2.599779
v 0.398657 -1.821605 -2.622174
v 0.343601 -1.902632 -2.739805
v 0.333328 -1.936127 -2.729182
v 0.363936 -1.836637 -2.748610
v 0.474929 -1.972992 -2.687152
v 0.464466 -2.006789 -2.676999
v 0.483271 -1.946108 -2.688050
v 0.460763 -1.992758 -2.767581
v 0.453518 -2.016498 -2.760656
v 0.475450 -1.944964 -2.772470
v 0.638427 -2.095715 -2.809493
v 0.632542 -2.116019 -2.805519
v 0.640229 -2.089478 -2.809298
v 0.607277 -2.109195 -2.840657
v 0.603211 -2.123185 -2.837926
v 0.615530 -2.080814 -2.843378
v 1.127095 -1.961502 -1.656914
v 1.133052 -1.923464 -1.678623
v 1.138255 -1.824913 -1.739581
v 1.195768 -1.871094 -1.831519
v 1.183825 -1.950723 -1.794164
v 1.165131 -1.976929 -1.786380
v 1.044376 -1.889292 -1.712986
v 1.135578 -1.838953 -1.863267
v 1.095904 -1.917156 -1.841011
v 1.092259 -1.945855 -1.824836
v 1.039594 -1.925025 -1.689842
v 1.050662 -1.781263 -1.779787
v 1.185970 -1.998031 -1.886043
v 1.171888 -2.011441 -1.884480
v 1.190807 -1.952013 -1.909445
v 1.157921 -1.927014 -1.929707
v 1.131292 -1.977679 -1.915609
v 1.129872 -1.993901 -1.906187
v 1.192240 -2.037580 -1.961581
v 1.187030 -2.052120 -1.954530
v 1.200138 -1.999164 -1.977287
v 1.166396 -1.981644 -1.997574
v 1.160969 -2.024789 -1.980076
v 1.157609 -2.038900 -1.972533
v 1.196589 -2.073169 -2.028850
v 1.194339 -2.079445 -2.025817
v 1.199989 -2.056566 -2.035609
v 1.187645 -2.051444 -2.043948
v 1.185312 -2.070121 -2.036411
v 1.183858 -2.076220 -2.033164
v 0.572979 -1.444266 -2.375760
v 0.424698 -1.400077 -2.438527
v 0.271867 -1.354238 -2.386974
v 0.574648 -1.403936 -2.072694
v 0.630962 -1.439116 -2.223031
v 0.268171 -1.313996 -2.080937
v 0.423024 -1.349009 -2.019360
v 0.213538 -1.315218 -2.237451
v 0.561879 -1.439434 -2.364367
v 0.424203 -1.399709 -2.422333
v 0.282944 -1.355880 -2.374730
v 0.563381 -1.402216 -2.084774
v 0.615390 -1.434558 -2.223535
v 0.279399 -1.318866 -2.092330
v 0.422831 -1.351104 -2.035340
v 0.228870 -1.320538 -2.236550
v 0.300210 -1.358438 -2.355644
v 0.302024 -1.359602 -2.353241
v 0.544578 -1.431901 -2.346607
v 0.542250 -1.431856 -2.344363
v 0.545819 -1.399535 -2.103603
v 0.543460 -1.400071 -2.105743
v 0.296901 -1.326458 -2.110088
v 0.298744 -1.328226 -2.112101
v 0.424238 -1.396418 -2.397456
v 0.423989 -1.396876 -2.394361
v 0.591117 -1.427453 -2.224319
v 0.587470 -1.429087 -2.224079
v 0.421807 -1.356808 -2.059921
v 0.421516 -1.358057 -2.062790
v 0.252403 -1.330063 -2.234979
v 0.255057 -1.331764 -2.234715
v 0.424250 -1.395619 -2.391496
v 0.540431 -1.430096 -2.342351
v 0.304348 -1.359051 -2.351070
v 0.585300 -1.425750 -2.224507
v 0.541610 -1.398892 -2.108115
v 0.421735 -1.357591 -2.065891
v 0.301096 -1.328278 -2.114345
v 0.258220 -1.331751 -2.234683
v 0.318974 -1.361219 -2.334903
v 0.320156 -1.362294 -2.333197
v 0.525776 -1.423716 -2.327308
v 0.524079 -1.423951 -2.325712
v 0.526734 -1.396621 -2.124064
v 0.525015 -1.397260 -2.125516
v 0.315921 -1.334709 -2.129387
v 0.317123 -1.336203 -2.130750
v 0.423534 -1.395341 -2.370086
v 0.423282 -1.395926 -2.367898
v 0.564739 -1.419731 -2.225172
v 0.561978 -1.421630 -2.224902
v 0.421480 -1.360357 -2.086990
v 0.421199 -1.361492 -2.088948
v 0.278778 -1.337717 -2.233635
v 0.280543 -1.339166 -2.233416
v 0.423542 -1.394786 -2.365943
v 0.522894 -1.422461 -2.324350
v 0.321850 -1.361645 -2.331724
v 0.560696 -1.418548 -2.225303
v 0.523809 -1.396175 -2.127201
v 0.421430 -1.360901 -2.091139
v 0.318837 -1.335973 -2.132345
v 0.282821 -1.338890 -2.233429
v 0.337099 -1.365869 -2.313996
v 0.338188 -1.366928 -2.312395
v 0.507054 -1.415565 -2.308090
v 0.505452 -1.415838 -2.306592
v 0.507730 -1.393720 -2.144440
v 0.506107 -1.394371 -2.145790
v 0.334861 -1.342924 -2.148604
v 0.335968 -1.344374 -2.149871
v 0.423587 -1.391731 -2.343173
v 0.423335 -1.392331 -2.341121
v 0.537989 -1.413670 -2.225802
v 0.535844 -1.413976 -2.225747
v 0.421155 -1.363892 -2.113945
v 0.420876 -1.365005 -2.115768
v 0.305042 -1.345339 -2.232297
v 0.306676 -1.346747 -2.232085
v 0.423594 -1.391212 -2.339300
v 0.504360 -1.414392 -2.305325
v 0.339788 -1.366267 -2.311025
v 0.534210 -1.412564 -2.225924
v 0.504996 -1.393303 -2.147371
v 0.421108 -1.364400 -2.117823
v 0.337586 -1.344106 -2.151369
v 0.308820 -1.346436 -2.232105
v 0.353590 -1.368313 -2.295767
v 0.354386 -1.368906 -2.294677
v 0.490529 -1.408370 -2.291128
v 0.489461 -1.408420 -2.290109
v 0.490956 -1.391160 -2.162423
v 0.489874 -1.391471 -2.163378
v 0.351577 -1.350175 -2.165565
v 0.352386 -1.351040 -2.166462
v 0.422623 -1.391946 -2.318961
v 0.422490 -1.392221 -2.317558
v 0.514806 -1.406884 -2.226551
v 0.513362 -1.406956 -2.226532
v 0.420867 -1.367011 -2.137735
v 0.420716 -1.367643 -2.139018
v 0.328222 -1.352067 -2.231116
v 0.329396 -1.352902 -2.230988
v 0.422628 -1.391586 -2.316278
v 0.488663 -1.407558 -2.289212
v 0.355453 -1.368589 -2.293709
v 0.512188 -1.406117 -2.226636
v 0.489062 -1.390870 -2.164454
v 0.420835 -1.367364 -2.140422
v 0.353465 -1.350994 -2.167481
v 0.330840 -1.352827 -2.230983
v 0.367258 -1.370338 -2.280659
v 0.368399 -1.371405 -2.279000
v 0.476833 -1.402408 -2.277070
v 0.475179 -1.402659 -2.275518
v 0.477054 -1.389037 -2.177328
v 0.475379 -1.389681 -2.178735
v 0.365432 -1.356185 -2.179623
v 0.366592 -1.357659 -2.180943
v 0.422662 -1.389305 -2.299273
v 0.422410 -1.389896 -2.297146
v 0.495592 -1.401259 -2.227173
v 0.493374 -1.401545 -2.227120
v 0.420630 -1.369597 -2.157454
v 0.420350 -1.370721 -2.159351
v 0.347434 -1.357643 -2.230137
v 0.349141 -1.359072 -2.229921
v 0.422669 -1.388766 -2.295252
v 0.474036 -1.401190 -2.274198
v 0.370050 -1.370752 -2.277573
v 0.491667 -1.400110 -2.227299
v 0.474214 -1.388604 -2.180373
v 0.420581 -1.370125 -2.161481
v 0.368262 -1.357412 -2.182495
v 0.351359 -1.358782 -2.229937
v 0.382478 -1.372593 -2.263835
v 0.385065 -1.372977 -2.260976
v 0.383559 -1.373501 -2.262309
v 0.458990 -1.394640 -2.258754
v 0.461583 -1.395768 -2.261415
v 0.460074 -1.395920 -2.259989
v 0.458943 -1.386272 -2.196747
v 0.461574 -1.386674 -2.193926
v 0.460045 -1.387189 -2.195240
v 0.383482 -1.364015 -2.197938
v 0.380860 -1.362877 -2.195277
v 0.381958 -1.364161 -2.196511
v 0.422704 -1.386365 -2.277350
v 0.422712 -1.385865 -2.273624
v 0.422495 -1.386830 -2.275391
v 0.474196 -1.394996 -2.227864
v 0.470559 -1.393931 -2.227982
v 0.472165 -1.395179 -2.227827
v 0.420365 -1.372476 -2.179410
v 0.420319 -1.372965 -2.183142
v 0.420129 -1.373436 -2.181180
v 0.368828 -1.363852 -2.229047
v 0.372464 -1.364907 -2.228862
v 0.370433 -1.365095 -2.228858
v -1.637900 0.592197 -2.331053
v -1.654182 0.492123 -2.306164
v -1.640082 0.560073 -2.327719
v -1.646041 0.523444 -2.318609
v -1.654182 0.492123 -3.473105
v -1.637900 0.592197 -3.448216
v -1.646041 0.523444 -3.460660
v -1.640082 0.560073 -3.451550
v -0.890817 0.492123 -3.473105
v -0.907098 0.592197 -3.448216
v -0.898958 0.523444 -3.460660
v -0.904917 0.560073 -3.451550
v -0.890817 0.492123 -2.306164
v -0.907098 0.592197 -2.331053
v -0.898958 0.523444 -2.318609
v -0.904917 0.560073 -2.327719
v -1.657915 0.759047 -2.300457
v -1.595750 0.815596 -2.395488
v -1.649587 0.787322 -2.313189
v -1.626833 0.808020 -2.347972
v -1.595750 0.815596 -3.383782
v -1.657915 0.759047 -3.478812
v -1.626833 0.808020 -3.431297
v -1.649587 0.787322 -3.466081
v -0.949249 0.815596 -2.395488
v -0.887084 0.759047 -2.300457
v -0.918166 0.808020 -2.347972
v -0.895412 0.787322 -2.313189
v -0.949249 0.815596 -3.383782
v -0.887084 0.759047 -3.478812
v -0.918166 0.808020 -3.431297
v -0.895412 0.787322 -3.466081
v -1.679506 0.255388 -2.267451
v -1.737823 0.326866 -2.178304
v -1.717368 0.264964 -2.209573
v -1.738713 0.291127 -2.176942
v -1.737823 0.326866 -3.600965
v -1.679506 0.255388 -3.511818
v -1.738714 0.291127 -3.602327
v -1.717368 0.264964 -3.569697
v -0.807176 0.326866 -2.178304
v -0.865493 0.255388 -2.267451
v -0.806285 0.291127 -2.176942
v -0.827631 0.264964 -2.209573
v -0.807176 0.326866 -3.600965
v -0.865493 0.255388 -3.511818
v -0.806286 0.291127 -3.602327
v -0.827631 0.264964 -3.569697
v 1.872108 -2.171412 0.939071
v 1.872108 -2.188492 0.911434
v 1.872108 -2.188492 0.598065
v 1.872108 -2.171412 0.570428
v 1.872108 -2.110489 0.911434
v 1.872108 -2.127569 0.939071
v -1.872108 -2.188492 0.911434
v -1.872108 -2.171412 0.939071
v -1.872108 -2.171412 0.570428
v -1.872108 -2.188492 0.598065
v -1.872108 -2.127569 0.939071
v -1.872108 -2.110489 0.911434
v -1.872108 -2.110489 0.598065
v -1.872108 -2.127569 0.570428
v 1.872108 -2.127569 0.570428
v 1.872108 -2.110489 0.598065
v 1.872108 -2.171412 3.150928
v 1.872108 -2.188492 3.123291
v 1.872108 -2.188492 2.809923
v 1.872108 -2.171412 2.782285
v 1.872108 -2.110489 3.123291
v 1.872108 -2.127569 3.150928
v 1.872108 -2.127569 2.782285
v 1.872108 -2.110489 2.809923
v -1.872108 -2.188492 3.123291
v -1.872108 -2.171412 3.150928
v -1.872108 -2.171412 2.782285
v -1.872108 -2.188492 2.809923
v -1.872108 -2.127569 3.150928
v -1.872108 -2.110489 3.123291
v -1.872108 -2.110489 2.809923
v -1.872108 -2.127569 2.782285
v 1.872108 -2.171412 2.708557
v 1.872108 -2.188492 2.680920
v 1.872108 -2.188492 2.367551
v 1.872108 -2.171412 2.339914
v 1.872108 -2.110489 2.680920
v 1.872108 -2.127569 2.708557
v -1.872108 -2.188492 2.680920
v -1.872108 -2.171412 2.708557
v -1.872108 -2.171412 2.339914
v -1.872108 -2.188492 2.367551
v -1.872108 -2.127569 2.708557
v -1.872108 -2.110489 2.680920
v -1.872108 -2.110489 2.367551
v -1.872108 -2.127569 2.339914
v 1.872108 -2.127569 2.339914
v 1.872108 -2.110489 2.367551
v 1.872108 -2.171412 2.266186
v 1.872108 -2.188492 2.238548
v 1.872108 -2.188492 1.925180
v 1.872108 -2.171412 1.897543
v 1.872108 -2.110489 2.238548
v 1.872108 -2.127569 2.266186
v -1.872108 -2.188492 2.238548
v -1.872108 -2.171412 2.266186
v -1.872108 -2.171412 1.897543
v -1.872108 -2.188492 1.925180
v -1.872108 -2.127569 2.266186
v -1.872108 -2.110489 2.238548
v -1.872108 -2.110489 1.925180
v -1.872108 -2.127569 1.897543
v 1.872108 -2.127569 1.897543
v 1.872108 -2.110489 1.925180
v 1.872108 -2.171412 1.823814
v 1.872108 -2.188492 1.796177
v 1.872108 -2.188492 1.482808
v 1.872108 -2.171412 1.455171
v 1.872108 -2.110489 1.796177
v 1.872108 -2.127569 1.823814
v -1.872108 -2.188492 1.796177
v -1.872108 -2.171412 1.823814
v -1.872108 -2.171412 1.455171
v -1.872108 -2.188492 1.482808
v -1.872108 -2.127569 1.823814
v -1.872108 -2.110489 1.796177
v -1.872108 -2.110489 1.482808
v -1.872108 -2.127569 1.455171
v 1.872108 -2.127569 1.455171
v 1.872108 -2.110489 1.482808
v 1.872108 -2.171412 1.381443
v 1.872108 -2.188492 1.353806
v 1.872108 -2.188492 1.040437
v 1.872108 -2.171412 1.012800
v 1.872108 -2.110489 1.353806
v 1.872108 -2.127569 1.381443
v -1.872108 -2.188492 1.353806
v -1.872108 -2.171412 1.381443
v -1.872108 -2.171412 1.012800
v -1.872108 -2.188492 1.040437
v -1.872108 -2.127569 1.381443
v -1.872108 -2.110489 1.353806
v -1.872108 -2.110489 1.040437
v -1.872108 -2.127569 1.012800
v 1.872108 -2.127569 1.012800
v 1.872108 -2.110489 1.040437
v 1.872108 -2.171412 -0.572818
v 1.872108 -2.188492 -0.600455
v 1.872108 -2.188492 -0.913823
v 1.872108 -2.171412 -0.941461
v 1.872108 -2.110489 -0.600455
v 1.872108 -2.127569 -0.572818
v -1.872108 -2.188492 -0.600455
v -1.872108 -2.171412 -0.572818
v -1.872108 -2.171412 -0.941461
v -1.872108 -2.188492 -0.913823
v -1.872108 -2.127569 -0.572818
v -1.872108 -2.110489 -0.600455
v -1.872108 -2.110489 -0.913823
v -1.872108 -2.127569 -0.941461
v 1.872108 -2.127569 -0.941461
v 1.872108 -2.110489 -0.913823
v 1.872108 -2.171412 -1.015190
v 1.872108 -2.188492 -1.042826
v 1.872108 -2.188492 -1.356195
v 1.872108 -2.171412 -1.383832
v 1.872108 -2.110489 -1.042826
v 1.872108 -2.127569 -1.015190
v -1.872108 -2.188492 -1.042826
v -1.872108 -2.171412 -1.015190
v -1.872108 -2.171412 -1.383832
v -1.872108 -2.188492 -1.356195
v -1.872108 -2.127569 -1.015190
v -1.872108 -2.110489 -1.042826
v -1.872108 -2.110489 -1.356195
v -1.872108 -2.127569 -1.383832
v 1.872108 -2.127569 -1.383832
v 1.872108 -2.110489 -1.356195
v 1.872108 -2.171412 -1.457561
v 1.872108 -2.188492 -1.485198
v 1.872108 -2.188492 -1.798567
v 1.872108 -2.171412 -1.826203
v 1.872108 -2.110489 -1.485198
v 1.872108 -2.127569 -1.457561
v -1.872108 -2.188492 -1.485198
v -1.872108 -2.171412 -1.457561
v -1.872108 -2.171412 -1.826203
v -1.872108 -2.188492 -1.798567
v -1.872108 -2.127569 -1.457561
v -1.872108 -2.110489 -1.485198
v -1.872108 -2.110489 -1.798567
v -1.872108 -2.127569 -1.826203
v 1.872108 -2.127569 -1.826203
v 1.872108 -2.110489 -1.798567
v 1.872108 -2.171412 -1.899932
v 1.872108 -2.188492 -1.927569
v 1.872108 -2.188492 -2.240938
v 1.872108 -2.171412 -2.268575
v 1.872108 -2.110489 -1.927569
v 1.872108 -2.127569 -1.899932
v -1.872108 -2.188492 -1.927569
v -1.872108 -2.171412 -1.899932
v -1.872108 -2.171412 -2.268575
v -1.872108 -2.188492 -2.240938
v -1.872108 -2.127569 -1.899932
v -1.872108 -2.110489 -1.927569
v -1.872108 -2.110489 -2.240938
v -1.872108 -2.127569 -2.268575
v 1.872108 -2.127569 -2.268575
v 1.872108 -2.110489 -2.240938
v 1.872108 -2.171412 -2.342304
v 1.872108 -2.188492 -2.369940
v 1.872108 -2.188492 -2.683309
v 1.872108 -2.171412 -2.710946
v 1.872108 -2.110489 -2.369940
v 1.872108 -2.127569 -2.342304
v -1.872108 -2.188492 -2.369940
v -1.872108 -2.171412 -2.342304
v -1.872108 -2.171412 -2.710946
v -1.872108 -2.188492 -2.683309
v -1.872108 -2.127569 -2.342304
v -1.872108 -2.110489 -2.369940
v -1.872108 -2.110489 -2.683309
v -1.872108 -2.127569 -2.710946
v 1.872108 -2.127569 -2.710946
v 1.872108 -2.110489 -2.683309
v 1.872108 -2.171412 -2.784675
v 1.872108 -2.188492 -2.812312
v 1.872108 -2.188492 -3.125680
v 1.872108 -2.171412 -3.153317
v 1.872108 -2.110489 -2.812312
v 1.872108 -2.127569 -2.784675
v -1.872108 -2.188492 -2.812312
v -1.872108 -2.171412 -2.784675
v -1.872108 -2.171412 -3.153317
v -1.872108 -2.188492 -3.125680
v -1.872108 -2.127569 -2.784675
v -1.872108 -2.110489 -2.812312
v -1.872108 -2.110489 -3.125680
v -1.872108 -2.127569 -3.153317
v 1.872108 -2.127569 -3.153317
v 1.872108 -2.110489 -3.125680
v -0.704685 -2.752855 -2.635970
v 2.034376 -2.752855 -2.662818
v -0.653906 -2.558716 -2.716794
v 2.006356 -2.558716 -2.743021
v -0.681054 -2.496732 -2.910739
v 2.032212 -2.478300 -2.937384
v -0.663539 -2.558716 -3.105037
v 2.057509 -2.579177 -3.111292
v -0.683218 -2.752855 -3.185305
v 2.068727 -2.752855 -3.212255
v -0.704355 -2.752837 -2.664906
v 2.037147 -2.752753 -2.691674
v -0.655425 -2.579206 -2.737242
v 2.009734 -2.579150 -2.763497
v -0.683519 -2.507150 -2.910717
v 2.034194 -2.507190 -2.937294
v -0.665520 -2.579182 -3.084571
v -0.683545 -2.752837 -3.156375
v 2.065953 -2.752934 -3.183371
v -0.703748 -2.752805 -2.717985
v -0.700284 -2.752844 -2.724140
v 2.042228 -2.752566 -2.744606
v 2.039983 -2.752564 -2.750739
v -0.658210 -2.616794 -2.774750
v -0.656979 -2.621068 -2.779065
v 2.015931 -2.616633 -2.801056
v 2.015096 -2.620964 -2.805386
v -0.688042 -2.560071 -2.910677
v -0.685005 -2.566191 -2.910710
v 2.037828 -2.560180 -2.937129
v 2.035951 -2.566363 -2.937103
v -0.669155 -2.616724 -3.047029
v -0.667380 -2.621082 -3.042691
v 2.056483 -2.616708 -3.073772
v 2.054046 -2.621087 -3.069386
v -0.684146 -2.752803 -3.103309
v -0.681693 -2.752795 -3.097141
v 2.060863 -2.753077 -3.130390
v 2.058468 -2.753086 -3.124192
v -0.700982 -2.752945 -2.730177
v 2.040956 -2.752591 -2.756872
v -0.662512 -2.625189 -2.783228
v 2.019290 -2.625238 -2.809700
v -0.685890 -2.572243 -2.910725
v 2.038051 -2.572549 -2.937123
v -0.671458 -2.625414 -3.038337
v 2.055564 -2.625468 -3.065044
v -0.684491 -2.752786 -3.090932
v 2.060756 -2.753084 -3.118025
v -0.700323 -2.752829 -2.788014
v -0.696836 -2.752868 -2.793036
v 2.046496 -2.752386 -2.814559
v 2.044028 -2.752389 -2.819565
v -0.665558 -2.666150 -2.824131
v -0.664264 -2.669614 -2.827639
v 2.026043 -2.666107 -2.850604
v 2.024999 -2.669643 -2.854135
v -0.690828 -2.629919 -2.910611
v -0.687659 -2.634906 -2.910645
v 2.042009 -2.630282 -2.936923
v 2.039957 -2.635348 -2.936898
v -0.675415 -2.666266 -2.997396
v -0.673543 -2.669828 -2.993850
v 2.054447 -2.666366 -3.024164
v 2.051914 -2.669954 -3.020569
v -0.685137 -2.752742 -3.033116
v -0.682683 -2.752731 -3.028067
v 2.055209 -2.753239 -3.060292
v 2.052848 -2.753244 -3.055210
v -0.697532 -2.752978 -2.797919
v 2.044945 -2.752422 -2.824555
v -0.669793 -2.672898 -2.830965
v 2.029203 -2.673110 -2.857645
v -0.688430 -2.639794 -2.910669
v 2.042073 -2.640417 -2.936924
v -0.677566 -2.673364 -2.990295
v 2.053502 -2.673542 -3.017020
v -0.685519 -2.752720 -3.022975
v 2.055397 -2.753238 -3.050166
v -0.696953 -2.752730 -2.849059
v -0.695230 -2.752841 -2.853380
v -0.695331 -2.752758 -2.851271
v 2.048680 -2.752272 -2.879974
v 2.049844 -2.752240 -2.875582
v 2.048563 -2.752246 -2.877797
v -0.672508 -2.709123 -2.867188
v -0.675014 -2.711998 -2.870110
v -0.672184 -2.710629 -2.868716
v 2.036973 -2.712361 -2.896868
v 2.035173 -2.709293 -2.893771
v 2.034780 -2.710856 -2.895334
v -0.692811 -2.690812 -2.910441
v -0.691173 -2.695101 -2.910496
v -0.691305 -2.693004 -2.910462
v 2.045480 -2.695973 -2.936719
v 2.045568 -2.691447 -2.936710
v 2.044575 -2.693710 -2.936700
v -0.681053 -2.709385 -2.954035
v -0.682264 -2.712533 -2.950892
v -0.680365 -2.710968 -2.952458
v 2.051899 -2.712907 -2.977702
v 2.052515 -2.709707 -2.980884
v 2.051286 -2.711308 -2.979280
v -0.686071 -2.752671 -2.971870
v -0.686347 -2.752653 -2.967343
v -0.685055 -2.752665 -2.969615
v 2.050850 -2.753366 -2.994601
v 2.050492 -2.753372 -2.999110
v 2.049476 -2.753373 -2.996844
v 2.058062 -2.572193 -3.131478
v 1.740569 -2.558716 -3.129244
v 2.054881 -2.557999 -3.117415
v -0.679326 -2.483500 -2.901677
v -0.601375 -2.478300 -2.911367
v -0.679807 -2.483918 -2.921420
v 0.444991 -2.740557 -2.527857
v 2.054759 -2.732218 -2.537422
v 0.468695 -2.550848 -2.463138
v 2.041218 -2.542702 -2.472481
v 0.455147 -2.386193 -2.561874
v 2.052722 -2.364640 -2.559792
v 0.462708 -2.310729 -2.738582
v 2.064037 -2.329821 -2.746438
v 0.453110 -2.400892 -2.917493
v 2.068967 -2.392522 -2.927094
v 0.445041 -2.722650 -2.548372
v 2.055962 -2.714306 -2.557821
v 0.467902 -2.552959 -2.490515
v 2.042739 -2.544767 -2.499830
v 0.453981 -2.393705 -2.568407
v 2.053659 -2.385510 -2.577864
v 0.461847 -2.338124 -2.736921
v 0.453062 -2.418769 -2.896960
v 2.067762 -2.410434 -2.906661
v 0.445131 -2.689803 -2.586004
v 0.446746 -2.686034 -2.590385
v 2.058168 -2.681450 -2.595238
v 2.057084 -2.677650 -2.599594
v 0.466446 -2.556833 -2.540735
v 0.467012 -2.557246 -2.546477
v 2.045530 -2.548556 -2.549996
v 2.045119 -2.548997 -2.555789
v 0.451844 -2.431840 -2.601623
v 0.453279 -2.436237 -2.605482
v 2.055377 -2.423794 -2.611013
v 2.054490 -2.428260 -2.614882
v 0.460267 -2.388375 -2.733875
v 0.461123 -2.394201 -2.733530
v 2.063691 -2.380058 -2.743393
v 2.062555 -2.385918 -2.743038
v 0.452974 -2.451560 -2.859295
v 0.454156 -2.455374 -2.854907
v 2.065552 -2.443289 -2.869181
v 2.064443 -2.447123 -2.864797
v 0.446393 -2.682371 -2.594733
v 2.057522 -2.673879 -2.603959
v 0.464382 -2.557627 -2.552033
v 2.047086 -2.549417 -2.561522
v 0.452860 -2.440584 -2.609295
v 2.055483 -2.432709 -2.618776
v 0.459211 -2.400005 -2.733172
v 2.063289 -2.391763 -2.742705
v 0.452856 -2.459201 -2.850505
v 2.065547 -2.450940 -2.860414
v 0.446492 -2.646522 -2.635688
v 0.448121 -2.643453 -2.639265
v 2.059927 -2.638071 -2.644738
v 2.058742 -2.634971 -2.648299
v 0.462791 -2.561831 -2.606781
v 0.463390 -2.562160 -2.611440
v 2.050127 -2.553578 -2.616185
v 2.049620 -2.553940 -2.620913
v 0.450527 -2.482190 -2.645447
v 0.452025 -2.485770 -2.648594
v 2.057354 -2.474430 -2.654877
v 2.056385 -2.478089 -2.658047
v 0.457492 -2.454741 -2.729794
v 0.458390 -2.459505 -2.729510
v 2.062911 -2.446501 -2.739391
v 2.061728 -2.451304 -2.739101
v 0.452765 -2.494921 -2.809465
v 0.453943 -2.498042 -2.805869
v 2.063138 -2.486742 -2.819571
v 2.062041 -2.489882 -2.815976
v 0.447774 -2.640511 -2.642800
v 2.059157 -2.631911 -2.651857
v 0.460764 -2.562456 -2.615877
v 2.051594 -2.554276 -2.625569
v 0.451660 -2.489274 -2.651683
v 2.057385 -2.481730 -2.661242
v 0.456501 -2.464241 -2.729219
v 2.062491 -2.456087 -2.738832
v 0.452622 -2.501176 -2.802259
v 2.063265 -2.493004 -2.812387
v 0.447859 -2.608708 -2.678921
v 0.448658 -2.606120 -2.682051
v 0.448618 -2.607364 -2.680503
v 2.060718 -2.597540 -2.691065
v 2.061285 -2.600236 -2.687927
v 2.060671 -2.598868 -2.689506
v 0.459347 -2.566144 -2.664330
v 0.458152 -2.566401 -2.668216
v 0.459494 -2.566284 -2.666359
v 2.055122 -2.558314 -2.678020
v 2.054283 -2.558015 -2.673902
v 2.054091 -2.558174 -2.675993
v 0.449590 -2.526156 -2.683571
v 0.450364 -2.529215 -2.686299
v 0.450302 -2.527725 -2.684958
v 2.058996 -2.521885 -2.695975
v 2.059038 -2.518630 -2.693126
v 2.058568 -2.520265 -2.694544
v 0.454987 -2.512604 -2.726127
v 0.454426 -2.516813 -2.725878
v 0.455318 -2.514721 -2.726000
v 2.061878 -2.508755 -2.735664
v 2.062158 -2.504483 -2.735910
v 2.061583 -2.506626 -2.735782
v 0.452549 -2.532743 -2.765975
v 0.452436 -2.535530 -2.762753
v 0.453038 -2.534136 -2.764369
v 2.061320 -2.527447 -2.773062
v 2.061135 -2.524661 -2.776266
v 2.060663 -2.526061 -2.774661
v 2.064224 -2.312308 -2.756371
v 1.914160 -2.303210 -2.747207
v 2.062772 -2.310772 -2.737490
v 0.455997 -2.382269 -2.547131
v 0.492807 -2.372720 -2.550522
v 0.455696 -2.370360 -2.561400
v 2.018375 -2.750384 -2.472957
v 0.473588 -2.750384 -2.460779
v 1.995599 -2.583840 -2.403790
v 0.486553 -2.583840 -2.391895
v 2.008531 -2.530668 -2.237344
v 0.475444 -2.514856 -2.225258
v 2.001205 -2.583840 -2.070737
v 0.464524 -2.601393 -2.076166
v 2.010388 -2.750384 -2.001822
v 0.459757 -2.750384 -1.989599
v 2.018317 -2.750369 -2.448138
v 0.472423 -2.750296 -2.436036
v 1.996353 -2.601418 -2.386246
v 0.485086 -2.601370 -2.374342
v 2.009650 -2.539604 -2.237354
v 0.474545 -2.539638 -2.225342
v 2.002039 -2.601397 -2.088285
v 2.010444 -2.750368 -2.026636
v 0.460924 -2.750451 -2.014366
v 2.018211 -2.750341 -2.402609
v 2.016659 -2.750375 -2.397341
v 0.470287 -2.750136 -2.390649
v 0.471325 -2.750134 -2.385381
v 1.997736 -2.633663 -2.354063
v 1.997191 -2.637329 -2.350366
v 0.482395 -2.633525 -2.342144
v 0.482788 -2.637241 -2.338428
v 2.011701 -2.585002 -2.237375
v 2.010323 -2.590253 -2.237356
v 0.472896 -2.585097 -2.225495
v 0.473748 -2.590401 -2.225512
v 2.003568 -2.633603 -2.120476
v 2.002749 -2.637342 -2.124203
v 0.464870 -2.633590 -2.108346
v 0.465961 -2.637346 -2.112100
v 2.010547 -2.750340 -2.072153
v 2.009415 -2.750332 -2.077451
v 0.463063 -2.750574 -2.059795
v 0.464130 -2.750582 -2.065104
v 2.016995 -2.750461 -2.392161
v 0.470903 -2.750157 -2.380124
v 1.999714 -2.640865 -2.346778
v 0.480899 -2.640907 -2.334740
v 2.010725 -2.595444 -2.237340
v 0.472795 -2.595708 -2.225501
v 2.004585 -2.641058 -2.127924
v 0.465259 -2.641105 -2.115830
v 2.010664 -2.750324 -2.082769
v 0.463073 -2.750580 -2.070401
v 2.016880 -2.750361 -2.342552
v 2.015315 -2.750395 -2.338255
v 0.468574 -2.749982 -2.330659
v 0.469710 -2.749985 -2.326357
v 2.001226 -2.676003 -2.311682
v 2.000650 -2.678975 -2.308678
v 0.477966 -2.675966 -2.299676
v 0.478451 -2.679000 -2.296643
v 2.012964 -2.644922 -2.237422
v 2.011527 -2.649200 -2.237404
v 0.470999 -2.645234 -2.225685
v 0.471930 -2.649580 -2.225699
v 2.006249 -2.676103 -2.163030
v 2.005389 -2.679159 -2.166077
v 0.465635 -2.676188 -2.150892
v 0.466773 -2.679266 -2.153967
v 2.010773 -2.750287 -2.132359
v 2.009644 -2.750277 -2.136698
v 0.465405 -2.750713 -2.119905
v 0.466460 -2.750718 -2.124256
v 2.015646 -2.750489 -2.334064
v 0.469309 -2.750012 -2.322080
v 2.003169 -2.681792 -2.305807
v 0.476555 -2.681974 -2.293646
v 2.011877 -2.653394 -2.237380
v 0.470970 -2.653928 -2.225684
v 2.007202 -2.682192 -2.169114
v 0.466041 -2.682345 -2.157016
v 2.010914 -2.750268 -2.141056
v 0.465287 -2.750712 -2.128592
v 2.015546 -2.750277 -2.290200
v 2.014778 -2.750372 -2.286499
v 2.014817 -2.750301 -2.288308
v 0.467792 -2.749883 -2.274555
v 0.467250 -2.749856 -2.278326
v 0.467838 -2.749861 -2.276422
v 2.004516 -2.712868 -2.274728
v 2.005662 -2.715335 -2.272213
v 2.004374 -2.714160 -2.273418
v 0.473156 -2.715645 -2.260026
v 0.473962 -2.713014 -2.262677
v 0.474146 -2.714355 -2.261336
v 2.013863 -2.697160 -2.237562
v 2.013120 -2.700839 -2.237520
v 2.013180 -2.699040 -2.237549
v 0.469424 -2.701587 -2.225871
v 0.469384 -2.697705 -2.225878
v 0.469834 -2.699646 -2.225884
v 2.008669 -2.713093 -2.200206
v 2.009208 -2.715793 -2.202898
v 2.008351 -2.714450 -2.201560
v 0.466643 -2.716114 -2.190737
v 0.466374 -2.713369 -2.188010
v 0.466926 -2.714743 -2.189382
v 2.011002 -2.750225 -2.184891
v 2.011112 -2.750210 -2.188774
v 2.010534 -2.750220 -2.186829
v 0.467173 -2.750822 -2.176239
v 0.467349 -2.750827 -2.172369
v 0.467803 -2.750828 -2.174310
v 0.464338 -2.595402 -2.058852
v 0.608344 -2.583840 -2.059757
v 0.465735 -2.583225 -2.070905
v 2.007718 -2.519316 -2.245122
v 1.972391 -2.514856 -2.237059
v 2.008000 -2.519675 -2.228186
v 0.633455 -2.611977 -2.464011
v 1.865182 -2.608061 -2.455126
v 0.651615 -2.468221 -2.467103
v 1.854844 -2.464395 -2.458423
v 0.641304 -2.375900 -2.362759
v 1.863701 -2.360476 -2.359025
v 0.633501 -2.603984 -2.445907
v 1.866110 -2.600040 -2.437101
v 0.651014 -2.475404 -2.448649
v 1.856013 -2.471541 -2.439979
v 0.640412 -2.382423 -2.359893
v 1.864418 -2.378585 -2.351117
v 0.633586 -2.589323 -2.412699
v 0.634823 -2.587654 -2.408844
v 1.867814 -2.585327 -2.404038
v 1.866986 -2.583632 -2.400195
v 0.649911 -2.488581 -2.414798
v 0.650346 -2.490067 -2.410922
v 1.858159 -2.484648 -2.406147
v 1.857846 -2.486163 -2.402240
v 0.638776 -2.415553 -2.345308
v 0.639875 -2.419379 -2.343606
v 1.865733 -2.411802 -2.336610
v 1.865054 -2.415677 -2.334917
v 0.634555 -2.586051 -2.405036
v 1.867323 -2.581958 -2.396351
v 0.648334 -2.491493 -2.407167
v 1.859352 -2.487653 -2.398371
v 0.639555 -2.423161 -2.341925
v 1.865814 -2.419546 -2.333203
v 0.634647 -2.570025 -2.368872
v 0.635895 -2.568668 -2.365726
v 1.869179 -2.565924 -2.360317
v 1.868274 -2.564542 -2.357177
v 0.647128 -2.505845 -2.370261
v 0.647587 -2.507047 -2.367114
v 1.861691 -2.501957 -2.361513
v 1.861304 -2.503195 -2.358325
v 0.637769 -2.459288 -2.326074
v 0.638915 -2.462403 -2.324685
v 1.867246 -2.455740 -2.317410
v 1.866504 -2.458916 -2.316023
v 0.635631 -2.567389 -2.362638
v 1.868593 -2.563187 -2.354048
v 0.645579 -2.508180 -2.364113
v 1.862816 -2.504401 -2.355181
v 0.638636 -2.465455 -2.323319
v 1.867269 -2.462083 -2.314614
v 0.635710 -2.553128 -2.330703
v 0.636322 -2.552008 -2.327972
v 0.636291 -2.552537 -2.329314
v 1.869803 -2.547810 -2.319414
v 1.870235 -2.549003 -2.322174
v 1.869766 -2.548394 -2.320783
v 0.644505 -2.520859 -2.331444
v 0.643592 -2.521849 -2.328815
v 0.644618 -2.521380 -2.330072
v 1.865526 -2.518157 -2.319824
v 1.864883 -2.517090 -2.322604
v 1.864737 -2.517637 -2.321194
v 0.637052 -2.497446 -2.309378
v 0.637644 -2.500117 -2.308164
v 0.637597 -2.498813 -2.308764
v 1.868502 -2.496917 -2.299424
v 1.868533 -2.494086 -2.300678
v 1.868175 -2.495505 -2.300058
v 0.641952 -2.370119 -2.372084
v 0.670120 -2.364271 -2.367635
v 1.041563 -1.621443 -2.878163
v 0.925977 -1.632422 -2.648630
v 0.925978 -2.130190 -2.672439
v 1.027137 -2.127122 -2.916793
v 1.027137 -1.644090 -2.404688
v 1.052857 -2.116789 -2.453082
v 1.271358 -1.648923 -2.303643
v 1.271358 -2.122397 -2.326291
v 1.515579 -1.676381 -2.406232
v 1.515579 -2.100363 -2.426512
v 1.593552 -1.648624 -2.649405
v 1.616739 -2.105896 -2.671277
v 1.515579 -1.648918 -2.893919
v 1.489840 -2.112206 -2.890326
v 1.271358 -1.632123 -2.994391
v 1.271358 -2.113688 -3.017425
v 1.052856 -1.622834 -2.866894
v 0.962318 -1.633973 -2.648701
v 0.962343 -2.128938 -2.672473
v 1.052819 -2.126129 -2.891031
v 1.052840 -1.644206 -2.430436
v 1.271381 -1.647535 -2.340012
v 1.271487 -2.122547 -2.362609
v 1.489803 -1.674299 -2.431897
v 1.489873 -2.101357 -2.452311
v 1.580447 -1.647075 -2.649328
v 1.580397 -2.107147 -2.671204
v 1.489834 -1.648801 -2.868161
v 1.271381 -1.633512 -2.958031
v 1.271260 -2.113537 -2.981073
v 1.100034 -1.626649 -2.819792
v 1.105517 -1.628932 -2.814392
v 1.099925 -2.124307 -2.843777
v 1.105413 -2.122684 -2.838203
v 1.028978 -1.636817 -2.648830
v 1.036756 -1.638655 -2.648917
v 1.029047 -2.126643 -2.672536
v 1.036814 -2.124902 -2.672489
v 1.099989 -1.644417 -2.477668
v 1.105488 -1.645967 -2.483251
v 1.100033 -2.115366 -2.500308
v 1.105523 -2.114224 -2.505721
v 1.271422 -1.644989 -2.406726
v 1.271372 -1.646828 -2.414530
v 1.271722 -2.122822 -2.429226
v 1.271725 -2.121073 -2.436888
v 1.442518 -1.670480 -2.478976
v 1.437142 -1.671016 -2.484423
v 1.442721 -2.103181 -2.499635
v 1.437273 -2.102418 -2.505059
v 1.513875 -1.644235 -2.649186
v 1.506175 -1.646142 -2.649289
v 1.513737 -2.109440 -2.671070
v 1.505959 -2.108262 -2.670999
v 1.442607 -1.648586 -2.820912
v 1.437124 -1.649941 -2.815496
v 1.442627 -2.113630 -2.843156
v 1.437118 -2.112340 -2.837595
v 1.271423 -1.636061 -2.891333
v 1.271435 -1.637943 -2.883632
v 1.271079 -2.113261 -2.914393
v 1.271068 -2.112097 -2.906556
v 1.044540 -1.636992 -2.648835
v 1.110974 -1.628182 -2.808855
v 1.110892 -2.123610 -2.832761
v 1.044562 -2.125620 -2.672582
v 1.110990 -1.644043 -2.488673
v 1.110996 -2.116246 -2.511215
v 1.271245 -1.646056 -2.422102
v 1.271691 -2.121346 -2.444615
v 1.431958 -1.667309 -2.489543
v 1.431896 -2.104816 -2.510565
v 1.498562 -1.645585 -2.649290
v 1.498177 -2.109581 -2.671066
v 1.431675 -1.647618 -2.809942
v 1.431606 -2.113533 -2.832169
v 1.271446 -1.636527 -2.875772
v 1.271071 -2.113875 -2.898852
v 1.162381 -1.632347 -2.757524
v 1.166867 -1.634576 -2.753121
v 1.162220 -2.121625 -2.781277
v 1.166715 -2.119972 -2.776696
v 1.117175 -1.640096 -2.648980
v 1.123546 -1.641870 -2.649064
v 1.117236 -2.123119 -2.672624
v 1.123597 -2.121364 -2.672571
v 1.162386 -1.644276 -2.540088
v 1.166893 -1.645840 -2.544674
v 1.162432 -2.114694 -2.562647
v 1.166924 -2.113530 -2.567055
v 1.271392 -1.643281 -2.494796
v 1.271342 -1.645195 -2.501177
v 1.271948 -2.121647 -2.517218
v 1.271944 -2.119819 -2.523460
v 1.380430 -1.663139 -2.540883
v 1.376073 -1.663759 -2.545316
v 1.380485 -2.106804 -2.562102
v 1.376037 -2.105953 -2.566518
v 1.426008 -1.642488 -2.649047
v 1.419735 -1.644477 -2.649153
v 1.425551 -2.112079 -2.670895
v 1.419178 -2.110790 -2.670823
v 1.380284 -1.647389 -2.758415
v 1.375803 -1.648761 -2.753997
v 1.380159 -2.115085 -2.780776
v 1.375646 -2.113692 -2.776207
v 1.271501 -1.639309 -2.803106
v 1.271515 -1.641130 -2.796810
v 1.270876 -2.113572 -2.826190
v 1.270869 -2.112369 -2.819757
v 1.129923 -1.640094 -2.648975
v 1.171322 -1.633770 -2.748583
v 1.171199 -2.120977 -2.772252
v 1.129938 -2.122188 -2.672666
v 1.171400 -1.643914 -2.549099
v 1.171386 -2.115662 -2.571543
v 1.271204 -1.644489 -2.507299
v 1.271903 -2.120121 -2.529749
v 1.371942 -1.660100 -2.549384
v 1.371675 -2.108402 -2.571014
v 1.413585 -1.643991 -2.649168
v 1.412802 -2.112119 -2.670897
v 1.371356 -1.646429 -2.749448
v 1.371131 -2.114885 -2.771780
v 1.271528 -1.639628 -2.790355
v 1.270877 -2.114249 -2.813469
v 1.220741 -1.638266 -2.699218
v 1.216775 -1.637466 -2.703186
v 1.218770 -1.638463 -2.701224
v 1.216583 -2.119221 -2.726743
v 1.220583 -2.118854 -2.722713
v 1.218589 -2.118434 -2.724695
v 1.194143 -1.642845 -2.649112
v 1.199828 -1.642695 -2.649099
v 1.196986 -1.643547 -2.649144
v 1.199840 -2.119472 -2.672681
v 1.194180 -2.119977 -2.672655
v 1.197017 -2.119141 -2.672632
v 1.216880 -1.644123 -2.594468
v 1.220904 -1.643911 -2.598488
v 1.218894 -1.644760 -2.596511
v 1.220877 -2.114952 -2.620893
v 1.216921 -2.114288 -2.616967
v 1.218916 -2.113810 -2.618920
v 1.271516 -1.642032 -2.571575
v 1.271376 -1.642877 -2.577040
v 1.271480 -1.642930 -2.574388
v 1.272092 -2.119412 -2.599465
v 1.272132 -2.120386 -2.593970
v 1.272124 -2.119459 -2.596728
v 1.326372 -1.656397 -2.594849
v 1.322755 -1.654661 -2.598471
v 1.324477 -1.656515 -2.596776
v 1.322299 -2.111123 -2.620460
v 1.326158 -2.110162 -2.616531
v 1.324192 -2.109829 -2.618487
v 1.349406 -1.641250 -2.648793
v 1.344011 -1.642277 -2.648896
v 1.346649 -1.642196 -2.648850
v 1.342914 -2.114272 -2.670709
v 1.348608 -2.114328 -2.670700
v 1.345761 -2.113704 -2.670667
v 1.326043 -1.646237 -2.703812
v 1.322082 -1.645649 -2.699838
v 1.324051 -1.646756 -2.701844
v 1.321612 -2.116046 -2.722338
v 1.325637 -2.116258 -2.726350
v 1.323623 -2.115574 -2.724309
v 1.271591 -1.642099 -2.726124
v 1.271613 -1.642175 -2.720428
v 1.271598 -1.642862 -2.723310
v 1.270716 -2.114455 -2.743553
v 1.270708 -2.113981 -2.749213
v 1.270708 -2.113468 -2.746344
v 1.498626 -2.111439 -2.915704
v 1.515579 -1.912016 -2.906504
v 1.516481 -2.110216 -2.897967
v 1.027137 -1.957054 -2.908658
v 1.052235 -1.622603 -2.898834
v 1.021873 -1.621849 -2.869677
v 1.030075 -2.121045 -2.451963
v 1.027137 -1.850650 -2.414568
v 1.051273 -2.117409 -2.430588
v 1.610197 -1.650210 -2.638052
v 1.616739 -1.698668 -2.651799
v 1.609672 -1.648818 -2.662852
v -0.063509 0.296661 2.342832
v -0.063509 0.337699 2.342832
v -0.438442 0.296661 1.965098
v -0.438442 0.337699 1.965098
v 0.033294 0.296661 2.246746
v 0.033294 0.337699 2.246746
v -0.341640 0.296661 1.869013
v -0.341640 0.337699 1.869013
v -0.349758 0.290571 1.957223
v -0.337502 0.290571 1.950719
v -0.353824 0.290571 1.970489
v -0.349758 0.341694 1.957223
v -0.350149 0.343497 1.958501
v -0.348577 0.343497 1.956596
v -0.348577 0.344370 1.956596
v -0.321407 0.343497 1.979029
v -0.337502 0.343497 1.950719
v -0.324236 0.343497 1.954785
v -0.324236 0.290571 1.954785
v -0.317732 0.343497 1.967041
v -0.317732 0.290571 1.967041
v -0.321799 0.290571 1.980306
v -0.334054 0.290571 1.986811
v -0.321799 0.341694 1.980306
v -0.322979 0.343497 1.980933
v -0.322979 0.344370 1.980933
v -0.334054 0.343497 1.986811
v -0.347320 0.343497 1.982744
v -0.347320 0.290571 1.982744
v -0.353824 0.343497 1.970489
v -0.350149 0.344370 1.958501
v -0.321407 0.344370 1.979029
v -0.328497 0.315553 2.067708
v 0.257397 0.315553 1.486156
v -0.429619 0.315553 1.965831
v 0.156275 0.315553 1.384279
v -0.429619 0.318807 1.965831
v -0.328497 0.318807 2.067708
v 0.257397 0.318807 1.486156
v 0.156275 0.318807 1.384279
v 0.146203 0.315553 1.499198
v 0.159043 0.315553 1.504573
v 0.140924 0.315553 1.486319
v 0.172018 0.315553 1.473575
v 0.177297 0.315553 1.486454
v 0.159178 0.315553 1.468200
v 0.146299 0.315553 1.473479
v 0.171922 0.315553 1.499294
v 0.146203 0.318807 1.499198
v 0.159043 0.318807 1.504573
v 0.140924 0.318807 1.486319
v 0.172018 0.318807 1.473575
v 0.177297 0.318807 1.486454
v 0.159178 0.318807 1.468200
v 0.146299 0.318807 1.473479
v 0.171922 0.318807 1.499294
v 0.952055 -0.147338 -4.069311
v 0.952055 -0.101309 -4.023282
v 0.952055 -0.133856 -4.036763
v 0.952055 0.416498 -4.023282
v 0.952055 0.462527 -4.069310
v 0.952055 0.449046 -4.036763
v 0.952055 -0.101309 -4.287598
v 0.952055 -0.147338 -4.241569
v 0.952055 -0.133856 -4.274117
v 0.952055 0.462527 -4.241569
v 0.952055 0.416498 -4.287598
v 0.952055 0.449046 -4.274117
v 2.167908 -0.101309 -4.023282
v 2.167908 -0.147338 -4.069310
v 2.167908 -0.133856 -4.036763
v 2.167908 0.462527 -4.069311
v 2.167908 0.416498 -4.023282
v 2.167908 0.449046 -4.036763
v 2.167908 -0.147338 -4.241569
v 2.167908 -0.101309 -4.287598
v 2.167908 -0.133856 -4.274117
v 2.167908 0.416498 -4.287598
v 2.167908 0.462527 -4.241569
v 2.167908 0.449046 -4.274117
v 1.559981 0.196406 -4.347348
v 1.588791 0.184472 -4.347348
v 1.600725 0.155662 -4.347348
v 1.588791 0.126852 -4.347348
v 1.559981 0.114919 -4.347348
v 1.531172 0.126852 -4.347348
v 1.519238 0.155662 -4.347348
v 1.531172 0.184472 -4.347348
v 1.593921 0.189601 -4.314244
v 1.559981 0.203660 -4.314244
v 1.559981 0.204964 -4.338934
v 1.607979 0.155662 -4.314244
v 1.593921 0.121723 -4.314244
v 1.559981 0.107665 -4.314244
v 1.526042 0.121723 -4.314244
v 1.511984 0.155662 -4.314244
v 1.526042 0.189601 -4.314244
v 1.594843 0.190524 -4.338934
v 1.609283 0.155662 -4.338934
v 1.594843 0.120801 -4.338934
v 1.559981 0.106361 -4.338934
v 1.525120 0.120801 -4.338934
v 1.510680 0.155662 -4.338934
v 1.525120 0.190524 -4.338934
v 1.531172 0.184472 -4.420009
v 1.559981 0.196406 -4.408075
v 1.559981 0.196406 -4.408075
v 1.519238 0.155662 -4.436109
v 1.524817 0.169130 -4.422641
v 1.531172 0.126852 -4.420009
v 1.524817 0.142194 -4.422641
v 1.559981 0.114919 -4.408075
v 1.559981 0.114919 -4.408075
v 1.588791 0.126852 -4.420009
v 1.600725 0.155662 -4.436109
v 1.595146 0.142194 -4.422641
v 1.588791 0.184472 -4.420009
v 1.595146 0.169131 -4.422641
v 1.500748 0.057338 -4.316629
v 1.500748 0.246565 -4.316629
v 1.500748 0.057338 -4.270336
v 1.500748 0.246565 -4.270336
v 1.133259 0.140691 -4.270336
v 1.173581 0.095405 -4.270336
v 1.136328 0.124799 -4.270336
v 1.145069 0.110612 -4.270336
v 1.158150 0.100290 -4.270336
v 1.173853 0.246565 -4.270336
v 1.133259 0.205970 -4.270336
v 1.158318 0.243475 -4.270336
v 1.145149 0.234675 -4.270336
v 1.136349 0.221505 -4.270336
v 1.173581 0.095405 -4.316629
v 1.133259 0.140691 -4.316629
v 1.158150 0.100290 -4.316629
v 1.145069 0.110612 -4.316629
v 1.136328 0.124799 -4.316629
v 1.133259 0.205970 -4.316629
v 1.173853 0.246565 -4.316629
v 1.136349 0.221505 -4.316629
v 1.145149 0.234675 -4.316629
v 1.158318 0.243475 -4.316629
v 1.946817 0.141642 -4.270336
v 1.986705 0.189774 -4.270336
v 1.962082 0.147616 -4.270336
v 1.975023 0.158862 -4.270336
v 1.983669 0.173666 -4.270336
v 1.986705 0.205970 -4.270336
v 1.946111 0.246565 -4.270336
v 1.983616 0.221505 -4.270336
v 1.974816 0.234675 -4.270336
v 1.961646 0.243475 -4.270336
v 1.986705 0.189774 -4.316629
v 1.946817 0.141642 -4.316629
v 1.983669 0.173666 -4.316629
v 1.975023 0.158862 -4.316629
v 1.962082 0.147616 -4.316629
v 1.946111 0.246565 -4.316629
v 1.986705 0.205970 -4.316629
v 1.961646 0.243475 -4.316629
v 1.974816 0.234675 -4.316629
v 1.983616 0.221505 -4.316629
v 1.524817 0.241579 -4.422641
v 1.510251 0.241579 -4.457806
v 1.524817 0.241579 -4.492970
v 1.559981 0.241579 -4.507536
v 1.595146 0.241579 -4.492970
v 1.609712 0.241579 -4.457806
v 1.595146 0.241579 -4.422641
v 1.559981 0.241579 -4.408075
v 1.559981 0.109696 -4.408075
v 1.595146 0.109696 -4.422641
v 1.609712 0.109696 -4.457806
v 1.595146 0.109696 -4.492970
v 1.559981 0.109696 -4.507536
v 1.524817 0.109696 -4.492970
v 1.510251 0.109696 -4.457806
v 1.524817 0.109696 -4.422641
v 1.601407 0.076592 -4.416380
v 1.559981 0.076592 -4.399221
v 1.559981 0.101282 -4.397629
v 1.618566 0.076592 -4.457806
v 1.601407 0.076592 -4.499231
v 1.559981 0.076592 -4.516390
v 1.518556 0.076592 -4.499231
v 1.501397 0.076592 -4.457806
v 1.518556 0.076592 -4.416380
v 1.602532 0.101282 -4.415255
v 1.620158 0.101282 -4.457806
v 1.602532 0.101282 -4.500357
v 1.559981 0.101282 -4.517982
v 1.517430 0.101282 -4.500357
v 1.499805 0.101282 -4.457806
v 1.517430 0.101282 -4.415255
v 1.559981 0.200370 -4.507536
v 1.595146 0.200370 -4.492970
v 1.609712 0.200370 -4.457806
v 1.595146 0.200370 -4.422641
v 1.524817 0.200370 -4.492970
v 1.510251 0.200370 -4.457806
v 1.524817 0.200370 -4.422641
v 1.559981 0.200370 -4.408075
v 1.559981 0.210015 -4.515362
v 1.559981 0.240653 -4.515362
v 1.600681 0.240653 -4.498505
v 1.600681 0.210015 -4.498505
v 1.617539 0.240653 -4.457806
v 1.617539 0.210015 -4.457806
v 1.600681 0.240653 -4.417106
v 1.600681 0.210015 -4.417106
v 1.559981 0.240653 -4.400248
v 1.519282 0.240653 -4.498505
v 1.519282 0.210015 -4.498505
v 1.502424 0.240653 -4.457806
v 1.502424 0.210015 -4.457806
v 1.519282 0.240653 -4.417106
v 1.519282 0.210015 -4.417106
v 1.559981 0.210015 -4.400248
v 1.559982 -0.581700 -4.497882
v 1.559982 0.287139 -4.497882
v 1.588439 -0.581700 -4.486095
v 1.588439 0.287139 -4.486095
v 1.600227 -0.581700 -4.457637
v 1.600227 0.287139 -4.457637
v 1.588439 -0.581700 -4.429180
v 1.588439 0.287139 -4.429180
v 1.559982 -0.581700 -4.417392
v 1.559982 0.287139 -4.417392
v 1.531524 -0.581700 -4.429180
v 1.531524 0.287139 -4.429180
v 1.519737 -0.581700 -4.457637
v 1.519737 0.287139 -4.457637
v 1.531524 -0.581700 -4.486095
v 1.531524 0.287139 -4.486095
v 1.559982 0.247077 -4.497882
v 1.588439 0.247077 -4.486095
v 1.600227 0.247077 -4.457637
v 1.588439 0.247077 -4.429180
v 1.559982 0.247077 -4.417392
v 1.531524 0.247077 -4.429180
v 1.519737 0.247077 -4.457637
v 1.531524 0.247077 -4.486095
v 1.588439 -0.534424 -4.486095
v 1.600227 -0.534424 -4.457637
v 1.588439 -0.534424 -4.429180
v 1.559982 -0.534424 -4.417392
v 1.531524 -0.534424 -4.429180
v 1.519737 -0.534424 -4.457637
v 1.531524 -0.534424 -4.486095
v 1.559982 -0.534424 -4.497882
v 1.559982 -0.581700 -4.501623
v 1.591084 -0.581700 -4.488740
v 1.591084 0.287140 -4.488740
v 1.559982 0.287140 -4.501623
v 1.559982 0.247077 -4.501623
v 1.591084 -0.534424 -4.488740
v 1.603967 -0.581700 -4.457637
v 1.603967 0.287140 -4.457637
v 1.603967 -0.534424 -4.457637
v 1.591084 -0.581700 -4.426535
v 1.591084 0.287140 -4.426535
v 1.591084 -0.534424 -4.426535
v 1.559982 -0.581700 -4.413652
v 1.559982 0.287140 -4.413652
v 1.559982 -0.534424 -4.413652
v 1.528879 -0.581700 -4.426535
v 1.528879 0.287140 -4.426535
v 1.528879 -0.534424 -4.426535
v 1.515996 -0.581700 -4.457637
v 1.515996 0.287140 -4.457637
v 1.515996 -0.534424 -4.457637
v 1.528879 -0.581700 -4.488740
v 1.528879 0.287140 -4.488740
v 1.528879 -0.534424 -4.488740
v 1.591084 0.247077 -4.488740
v 1.603967 0.247077 -4.457637
v 1.591084 0.247077 -4.426535
v 1.559982 0.247077 -4.413652
v 1.528879 0.247077 -4.426535
v 1.515996 0.247077 -4.457637
v 1.528879 0.247077 -4.488740
v 1.559982 -0.534424 -4.501623
v 1.892391 0.171567 -4.311123
v 1.892391 0.171567 -4.324998
v 1.880085 0.176665 -4.311123
v 1.880085 0.176665 -4.324998
v 1.874987 0.188971 -4.311123
v 1.874987 0.188971 -4.324998
v 1.880085 0.201277 -4.311123
v 1.880085 0.201277 -4.324998
v 1.892391 0.206374 -4.311123
v 1.892391 0.206374 -4.324998
v 1.904697 0.201277 -4.311123
v 1.904697 0.201277 -4.324998
v 1.909794 0.188971 -4.311123
v 1.909794 0.188971 -4.324998
v 1.904697 0.176665 -4.311123
v 1.904697 0.176665 -4.324998
v 1.884969 0.181549 -4.329529
v 1.892391 0.178474 -4.329529
v 1.881894 0.188971 -4.329529
v 1.884969 0.196393 -4.329529
v 1.892391 0.199467 -4.329529
v 1.899813 0.196393 -4.329529
v 1.902887 0.188971 -4.329529
v 1.899813 0.181549 -4.329529
v 1.230023 0.171567 -4.311123
v 1.230023 0.171567 -4.324998
v 1.217717 0.176665 -4.311123
v 1.217717 0.176665 -4.324998
v 1.212619 0.188971 -4.311123
v 1.212619 0.188971 -4.324998
v 1.217717 0.201277 -4.311123
v 1.217717 0.201277 -4.324998
v 1.230023 0.206374 -4.311123
v 1.230023 0.206374 -4.324998
v 1.242329 0.201277 -4.311123
v 1.242329 0.201277 -4.324998
v 1.247427 0.188971 -4.311123
v 1.247427 0.188971 -4.324998
v 1.242329 0.176665 -4.311123
v 1.242329 0.176665 -4.324998
v 1.222601 0.181549 -4.329529
v 1.230023 0.178474 -4.329529
v 1.219526 0.188971 -4.329529
v 1.222601 0.196393 -4.329529
v 1.230023 0.199467 -4.329529
v 1.237445 0.196393 -4.329529
v 1.240519 0.188971 -4.329529
v 1.237445 0.181549 -4.329529
vt 0.646177 0.511422
vt 0.853823 0.511422
vt 0.853823 0.738578
vt 0.646177 0.738578
vt 0.375000 0.750000
vt 0.375000 1.000000
vt 0.625000 1.000000
vt 0.625000 0.750000
vt 0.375000 0.000000
vt 0.375000 0.250000
vt 0.625000 0.250000
vt 0.625000 0.000000
vt 0.146177 0.511422
vt 0.353823 0.511422
vt 0.353823 0.738578
vt 0.146177 0.738578
vt 0.375000 0.500000
vt 0.625000 0.500000
vt 0.375000 0.500000
vt 0.375000 0.750000
vt 0.643038 0.509729
vt 0.628139 0.501693
vt 0.628139 0.748307
vt 0.643038 0.740271
vt 0.146177 0.738578
vt 0.353823 0.738578
vt 0.625000 0.250000
vt 0.625000 0.000000
vt 0.871861 0.748307
vt 0.856962 0.740271
vt 0.853823 0.738578
vt 0.853823 0.511422
vt 0.356962 0.509729
vt 0.371861 0.501693
vt 0.128139 0.501693
vt 0.143038 0.509729
vt 0.128139 0.748307
vt 0.143038 0.740271
vt 0.375000 0.250000
vt 0.353823 0.511422
vt 0.625000 0.750000
vt 0.625000 0.500000
vt 0.646177 0.511422
vt 0.646177 0.738578
vt 0.375000 1.000000
vt 0.646177 0.738578
vt 0.853823 0.738578
vt 0.146177 0.511422
vt 0.146177 0.511422
vt 0.146177 0.738578
vt 0.375000 0.000000
vt 0.371861 0.748307
vt 0.356962 0.740271
vt 0.856962 0.509729
vt 0.871861 0.501693
vt 0.625919 0.750000
vt 0.874081 0.750000
vt 0.125000 0.500496
vt 0.125000 0.749504
vt 0.375000 0.249504
vt 0.375000 0.000496
vt 0.374081 0.500000
vt 0.125919 0.500000
vt 0.375000 0.499081
vt 0.375000 0.250919
vt 0.125919 0.750000
vt 0.374081 0.750000
vt 0.375000 0.999081
vt 0.375000 0.750919
vt 0.375000 0.749504
vt 0.375000 0.500496
vt 0.353823 0.511422
vt 0.353823 0.738578
vt 0.625000 0.750919
vt 0.625000 1.000000
vt 0.625000 0.999081
vt 0.625000 0.500496
vt 0.625000 0.749504
vt 0.875000 0.749504
vt 0.875000 0.500496
vt 0.625000 0.000496
vt 0.625000 0.249504
vt 0.874081 0.500000
vt 0.625919 0.500000
vt 0.625000 0.250919
vt 0.625000 0.499081
vt 0.646177 0.511422
vt 0.853823 0.511422
vt 0.419548 0.000000
vt 0.625000 0.000000
vt 0.625000 0.250000
vt 0.419548 0.250000
vt 0.625000 0.500000
vt 0.419548 0.500000
vt 0.625000 0.750000
vt 0.419548 0.750000
vt 0.625000 1.000000
vt 0.419548 1.000000
vt 0.125000 0.500000
vt 0.375000 0.500000
vt 0.375000 0.750000
vt 0.125000 0.750000
vt 0.875000 0.500000
vt 0.875000 0.750000
vt 0.409483 0.750000
vt 0.409483 1.000000
vt 0.375000 1.000000
vt 0.409483 0.500000
vt 0.375000 0.250000
vt 0.409483 0.250000
vt 0.375000 0.000000
vt 0.409483 0.000000
vt 0.419548 0.000000
vt 0.419548 0.250000
vt 0.625000 0.250000
vt 0.625000 0.000000
vt 0.419548 0.500000
vt 0.625000 0.500000
vt 0.419548 0.750000
vt 0.625000 0.750000
vt 0.419548 1.000000
vt 0.625000 1.000000
vt 0.125000 0.500000
vt 0.125000 0.750000
vt 0.375000 0.750000
vt 0.375000 0.500000
vt 0.875000 0.750000
vt 0.875000 0.500000
vt 0.375000 1.000000
vt 0.409483 1.000000
vt 0.409483 0.750000
vt 0.409483 0.500000
vt 0.375000 0.250000
vt 0.409483 0.250000
vt 0.375000 0.000000
vt 0.409483 0.000000
vt 0.409483 0.250000
vt 0.419548 0.250000
vt 0.000000 0.000000
vt 0.409483 0.250000
vt 0.375000 0.500000
vt 0.375000 0.750000
vt 0.000000 0.000000
vt 0.375000 0.250000
vt 0.419548 1.000000
vt 0.419548 0.000000
vt 0.000000 0.000000
vt 0.419548 0.250000
vt 0.419548 0.500000
vt 0.409483 0.750000
vt 0.409483 0.000000
vt 0.419548 0.000000
vt 0.625000 0.250000
vt 0.625000 0.000000
vt 0.419548 0.500000
vt 0.625000 0.500000
vt 0.419548 0.750000
vt 0.625000 0.750000
vt 0.625000 1.000000
vt 0.125000 0.500000
vt 0.125000 0.750000
vt 0.375000 0.750000
vt 0.375000 0.500000
vt 0.875000 0.750000
vt 0.875000 0.500000
vt 0.375000 1.000000
vt 0.409483 1.000000
vt 0.409483 0.750000
vt 0.409483 0.500000
vt 0.375000 0.250000
vt 0.375000 0.000000
vt 0.409483 0.000000
vt 0.409483 0.500000
vt 0.000000 0.000000
vt 0.000000 0.000000
vt 0.625000 0.000000
vt 0.625000 0.250000
vt 0.625000 0.500000
vt 0.625000 0.750000
vt 0.419548 0.750000
vt 0.625000 1.000000
vt 0.419548 1.000000
vt 0.125000 0.500000
vt 0.875000 0.500000
vt 0.875000 0.750000
vt 0.000000 0.000000
vt 0.409483 1.000000
vt 0.393869 0.750000
vt 0.606131 0.750000
vt 0.606131 1.000000
vt 0.393869 1.000000
vt 0.375000 0.543536
vt 0.380526 0.512751
vt 0.393869 0.500000
vt 0.606131 0.500000
vt 0.619474 0.512751
vt 0.625000 0.543536
vt 0.625000 0.706464
vt 0.619474 0.737249
vt 0.380526 0.737249
vt 0.375000 0.706464
vt 0.875000 0.543536
vt 0.875000 0.706464
vt 0.375000 0.043536
vt 0.380526 0.012751
vt 0.393869 0.000000
vt 0.606131 0.000000
vt 0.619474 0.012751
vt 0.625000 0.043536
vt 0.625000 0.206464
vt 0.619474 0.237249
vt 0.606131 0.250000
vt 0.393869 0.250000
vt 0.380526 0.237249
vt 0.375000 0.206464
vt 0.125000 0.543536
vt 0.125000 0.500000
vt 0.375000 0.500000
vt 0.375000 0.250000
vt 0.625000 0.500000
vt 0.875000 0.500000
vt 0.625000 0.250000
vt 0.125000 0.706464
vt 0.375000 0.750000
vt 0.125000 0.750000
vt 0.375000 1.000000
vt 0.875000 0.750000
vt 0.625000 0.750000
vt 0.625000 1.000000
vt 0.750000 0.010000
vt 0.919706 0.080294
vt 0.919706 0.080294
vt 0.750000 0.010000
vt 0.750000 0.540381
vt 0.625000 0.540381
vt 0.625000 0.540381
vt 0.750000 0.540381
vt 0.080294 0.419706
vt 0.250000 0.490000
vt 0.250000 0.490000
vt 0.080294 0.419706
vt 0.500000 0.973870
vt 0.625000 0.973870
vt 0.625000 0.973870
vt 0.500000 0.973870
vt 0.875000 0.540381
vt 0.875000 0.540381
vt 0.750000 0.490000
vt 0.580294 0.419706
vt 0.580294 0.419706
vt 0.750000 0.490000
vt 0.419706 0.419706
vt 0.010000 0.250000
vt 0.080294 0.080294
vt 0.250000 0.010000
vt 0.419706 0.080294
vt 0.490000 0.250000
vt 0.375000 0.973870
vt 0.375000 0.973870
vt 0.419706 0.080294
vt 0.490000 0.250000
vt 0.919706 0.419706
vt 0.990000 0.250000
vt 0.580294 0.080294
vt 0.510000 0.250000
vt 0.125000 0.540381
vt 0.125000 0.973870
vt 0.000000 0.973870
vt 0.000000 0.540381
vt 0.250000 0.540381
vt 0.250000 0.973870
vt 0.375000 0.540381
vt 0.500000 0.540381
vt 0.750000 0.973870
vt 0.875000 0.973870
vt 1.000000 0.540381
vt 1.000000 0.973870
vt 1.000000 0.540381
vt 0.250000 0.973870
vt 0.990000 0.250000
vt 0.010000 0.250000
vt 0.125000 0.973870
vt 0.510000 0.250000
vt 0.000000 0.973870
vt 0.419706 0.419706
vt 1.000000 0.973870
vt 1.000000 1.000000
vt 0.875000 1.000000
vt 0.875000 0.973870
vt 0.750000 1.000000
vt 0.750000 0.973870
vt 0.625000 1.000000
vt 0.500000 1.000000
vt 0.375000 1.000000
vt 0.250000 1.000000
vt 0.125000 1.000000
vt 0.000000 1.000000
vt 1.000000 0.500000
vt 0.875000 0.500000
vt 0.750000 0.500000
vt 0.625000 0.500000
vt 0.500000 0.540381
vt 0.500000 0.500000
vt 0.375000 0.540381
vt 0.375000 0.500000
vt 0.250000 0.540381
vt 0.250000 0.500000
vt 0.125000 0.540381
vt 0.125000 0.500000
vt 0.000000 0.540381
vt 0.000000 0.500000
vt 0.250000 0.010000
vt 0.580294 0.080294
vt 0.919706 0.419706
vt 0.080294 0.080294
vt 1.000000 0.894906
vt 1.000000 1.000000
vt 0.875000 1.000000
vt 0.875000 0.894906
vt 0.750000 1.000000
vt 0.750000 0.894906
vt 0.625000 1.000000
vt 0.625000 0.894906
vt 0.500000 1.000000
vt 0.500000 0.894906
vt 0.375000 1.000000
vt 0.375000 0.894906
vt 0.250000 1.000000
vt 0.250000 0.894906
vt 0.000000 1.000000
vt 0.125000 1.000000
vt 0.125000 1.000000
vt 0.000000 1.000000
vt 0.125000 0.894906
vt 0.000000 0.894906
vt 0.750000 0.490000
vt 0.919706 0.419706
vt 0.990000 0.250000
vt 0.919706 0.080294
vt 0.750000 0.010000
vt 0.580294 0.080294
vt 0.510000 0.250000
vt 0.580294 0.419706
vt 0.125000 0.857021
vt 0.000000 0.857021
vt 0.250000 0.857021
vt 0.375000 0.857021
vt 0.500000 0.857021
vt 0.625000 0.857021
vt 0.750000 0.857021
vt 0.875000 0.857021
vt 1.000000 0.857021
vt 0.125000 0.736670
vt 0.125000 0.788522
vt 0.000000 0.788522
vt 0.000000 0.736670
vt 1.000000 0.822771
vt 0.875000 0.822771
vt 0.750000 0.822771
vt 0.625000 0.822772
vt 0.500000 0.822771
vt 0.375000 0.822771
vt 0.250000 0.822771
vt 0.125000 0.822772
vt 0.125000 0.529703
vt 0.125000 0.559407
vt 0.000000 0.559406
vt 0.000000 0.529703
vt 0.250000 0.529703
vt 0.250000 0.559406
vt 0.375000 0.529703
vt 0.375000 0.559407
vt 0.500000 0.529703
vt 0.500000 0.559406
vt 0.625000 0.529703
vt 0.625000 0.559407
vt 0.750000 0.529703
vt 0.750000 0.559407
vt 0.875000 0.529703
vt 0.875000 0.559407
vt 1.000000 0.529703
vt 1.000000 0.559406
vt 1.000000 0.500000
vt 0.875000 0.500000
vt 0.750000 0.500000
vt 0.625000 0.500000
vt 0.500000 0.500000
vt 0.375000 0.500000
vt 0.250000 0.500000
vt 0.125000 0.500000
vt 0.000000 0.500000
vt 0.250000 0.736670
vt 1.000000 0.736670
vt 1.000000 0.788522
vt 0.875000 0.788522
vt 0.875000 0.736670
vt 0.750000 0.788522
vt 0.750000 0.736670
vt 0.625000 0.788522
vt 0.625000 0.736670
vt 0.500000 0.788522
vt 0.500000 0.736670
vt 0.375000 0.788522
vt 0.375000 0.736670
vt 0.250000 0.788522
vt 0.000000 0.822771
vt 0.419706 0.419706
vt 0.250000 0.490000
vt 0.080294 0.419706
vt 0.010000 0.250000
vt 0.080294 0.080294
vt 0.250000 0.010000
vt 0.419706 0.080294
vt 0.490000 0.250000
vt 1.000000 1.000000
vt 0.875000 1.000000
vt 0.750000 1.000000
vt 0.625000 1.000000
vt 0.375000 1.000000
vt 0.250000 1.000000
vt 0.500000 1.000000
vt 0.229525 0.018481
vt 0.229525 0.481519
vt 0.080294 0.419706
vt 0.010000 0.250000
vt 0.080294 0.080294
vt 0.875000 0.953509
vt 0.875000 1.000000
vt 0.750000 1.000000
vt 0.750000 0.953509
vt 0.625000 1.000000
vt 0.625000 0.953509
vt 0.500000 0.953509
vt 0.500000 0.995567
vt 0.484919 1.000000
vt 0.375000 1.000000
vt 0.375000 0.953509
vt 1.000000 0.953509
vt 1.000000 0.995567
vt 0.984919 1.000000
vt 0.250000 1.000000
vt 0.250000 0.953509
vt 0.125000 1.000000
vt 0.125000 0.953509
vt 0.750000 0.490000
vt 0.919706 0.419706
vt 0.990000 0.250000
vt 0.919706 0.080294
vt 0.750000 0.010000
vt 0.580294 0.080294
vt 0.510000 0.250000
vt 0.580294 0.419706
vt 0.515081 1.000000
vt 0.125000 0.708107
vt 0.125000 0.860142
vt 0.000000 0.860142
vt 0.000000 0.708107
vt 0.250000 0.708107
vt 0.250000 0.860142
vt 0.375000 0.708107
vt 0.375000 0.860142
vt 0.500000 0.708107
vt 0.500000 0.860142
vt 0.625000 0.708107
vt 0.625000 0.860142
vt 0.750000 0.708107
vt 0.750000 0.860142
vt 0.875000 0.708107
vt 0.875000 0.860142
vt 1.000000 0.708107
vt 1.000000 0.860142
vt 1.000000 0.533113
vt 1.000000 0.556072
vt 0.875000 0.556072
vt 0.875000 0.533113
vt 0.750000 0.556072
vt 0.750000 0.533113
vt 0.625000 0.556072
vt 0.625000 0.533113
vt 0.500000 0.556072
vt 0.500000 0.533113
vt 0.375000 0.556072
vt 0.375000 0.533113
vt 0.250000 0.556072
vt 0.250000 0.533113
vt 0.125000 0.556072
vt 0.125000 0.533113
vt 0.000000 0.556072
vt 0.000000 0.533113
vt 0.125000 0.930071
vt 0.000000 0.930071
vt 0.250000 0.930071
vt 0.375000 0.930071
vt 0.500000 0.930071
vt 0.625000 0.930071
vt 0.750000 0.930071
vt 0.875000 0.930071
vt 1.000000 0.930071
vt 0.000000 0.953509
vt 0.125000 0.522270
vt 0.125000 0.528036
vt 0.000000 0.528036
vt 0.000000 0.522270
vt 0.250000 0.522270
vt 0.250000 0.528036
vt 0.375000 0.522270
vt 0.375000 0.528036
vt 0.500000 0.522270
vt 0.500000 0.528036
vt 0.625000 0.522270
vt 0.625000 0.528036
vt 0.750000 0.522270
vt 0.750000 0.528036
vt 0.875000 0.522270
vt 0.875000 0.528036
vt 1.000000 0.522270
vt 1.000000 0.528036
vt 1.000000 0.500000
vt 0.875000 0.500000
vt 0.750000 0.500000
vt 0.625000 0.500000
vt 0.500000 0.500000
vt 0.375000 0.500000
vt 0.250000 0.500000
vt 0.125000 0.500000
vt 0.000000 0.500000
vt 0.015081 1.000000
vt 0.000000 0.995567
vt 0.250000 0.482797
vt 0.250000 0.490000
vt 0.510664 1.000000
vt 0.419706 0.419706
vt 0.270475 0.481519
vt 0.270475 0.018481
vt 0.419706 0.080294
vt 0.490000 0.250000
vt 0.000000 0.000000
vt 1.000000 0.000000
vt 1.000000 0.000000
vt 0.000000 0.000000
vt 0.058454 0.030643
vt 0.058454 0.861243
vt 0.058454 0.861243
vt 0.058454 0.030643
vt 0.941546 0.861243
vt 0.941546 0.636807
vt 0.941546 0.636807
vt 0.941546 0.861243
vt 0.720193 0.636807
vt 0.720193 0.636807
vt 1.000000 1.000000
vt 0.000000 1.000000
vt 0.000000 1.000000
vt 1.000000 1.000000
vt 0.000000 0.000000
vt 1.000000 0.000000
vt 1.000000 0.030312
vt 1.000000 0.030312
vt 0.941546 0.030643
vt 0.720193 0.030643
vt 0.000000 0.030312
vt 0.000000 0.030312
vt 0.000000 0.000000
vt 1.000000 0.000000
vt 1.000000 0.000000
vt 0.000000 0.000000
vt 0.058454 0.969357
vt 0.000000 0.969304
vt 0.838920 0.141181
vt 0.852086 0.190655
vt 0.838920 0.187796
vt 0.825754 0.138322
vt 0.852086 0.305821
vt 0.838920 0.302962
vt 0.825754 0.253488
vt 0.838920 0.256347
vt 0.838920 0.418128
vt 0.838920 0.371513
vt 0.844246 0.370357
vt 0.852086 0.420987
vt 0.838920 0.486679
vt 0.852086 0.536153
vt 0.838920 0.533294
vt 0.825754 0.483821
vt 0.885153 0.591806
vt 0.792687 0.591806
vt 0.838920 0.601846
vt 0.885153 0.361474
vt 0.904303 0.337238
vt 0.885153 0.313001
vt 0.885153 0.246308
vt 0.904303 0.222071
vt 0.885153 0.197835
vt 0.885153 0.131142
vt 0.904303 0.106905
vt 0.885153 0.082669
vt 0.838920 0.072630
vt 0.792687 0.082669
vt 0.773537 0.106905
vt 0.792687 0.131142
vt 0.792687 0.197835
vt 0.773537 0.222071
vt 0.792687 0.246308
vt 0.792687 0.313001
vt 0.773537 0.337238
vt 0.792687 0.361474
vt 0.792687 0.428167
vt 0.773537 0.452404
vt 0.792687 0.476640
vt 0.792687 0.543333
vt 0.773537 0.567570
vt 0.904303 0.567570
vt 0.885153 0.543333
vt 0.885153 0.476640
vt 0.904303 0.452404
vt 0.885153 0.428167
vt 0.774061 0.916158
vt 0.685140 0.916158
vt 0.665990 0.891922
vt 0.619757 0.881883
vt 0.573524 0.891922
vt 0.554374 0.916158
vt 0.461002 0.910525
vt 0.446302 0.891922
vt 0.400069 0.881882
vt 0.353836 0.891922
vt 0.334686 0.916158
vt 0.245765 0.916158
vt 0.226615 0.891922
vt 0.180382 0.881883
vt 0.134149 0.891922
vt 0.114998 0.916158
vt 0.134149 0.940395
vt 0.941546 0.969357
vt 0.885677 0.940395
vt 0.904828 0.916158
vt 0.885677 0.891922
vt 0.839444 0.881883
vt 0.793211 0.891922
vt 0.180382 0.950434
vt 0.226615 0.940395
vt 0.353836 0.940395
vt 0.400069 0.950434
vt 0.446302 0.940395
vt 0.465452 0.916158
vt 0.573524 0.940395
vt 0.619757 0.950434
vt 0.665990 0.940395
vt 0.793211 0.940395
vt 0.839444 0.950434
vt 0.000000 1.000000
vt 0.000000 0.969304
vt 0.000000 1.000000
vt 0.720193 0.030643
vt 1.000000 1.000000
vt 1.000000 0.969304
vt 1.000000 1.000000
vt 0.000000 1.000000
vt 1.000000 1.000000
vt 0.000000 0.000000
vt 1.000000 0.000000
vt 0.000000 0.969304
vt 1.000000 0.969304
vt 1.000000 0.969304
vt 0.000000 0.969304
vt 1.000000 0.969304
vt 0.000000 0.030312
vt 1.000000 0.030312
vt 1.000000 1.000000
vt 0.000000 1.000000
vt 0.000000 0.030312
vt 1.000000 0.030312
vt 1.000000 0.857614
vt 1.000000 0.500000
vt 0.875000 0.500000
vt 0.875000 0.857614
vt 0.750000 0.500000
vt 0.750000 0.857614
vt 0.625000 0.500000
vt 0.625000 0.857614
vt 0.500000 0.500000
vt 0.500000 0.857614
vt 0.535597 0.857614
vt 0.375000 0.500000
vt 0.375000 0.857614
vt 0.250000 0.500000
vt 0.250000 0.857614
vt 0.125000 0.500000
vt 0.125000 0.857614
vt 0.000000 0.500000
vt 0.000000 0.857614
vt 0.919706 0.419706
vt 0.750000 0.490000
vt 0.580294 0.419706
vt 0.510000 0.250000
vt 0.580294 0.080294
vt 0.750000 0.010000
vt 0.919706 0.080294
vt 0.990000 0.250000
vt 1.000000 0.857614
vt 1.000000 0.500000
vt 0.875000 0.500000
vt 0.875000 0.857614
vt 0.750000 0.500000
vt 0.750000 0.857614
vt 0.625000 0.500000
vt 0.625000 0.857614
vt 0.500000 0.500000
vt 0.500000 0.857614
vt 0.535596 0.857614
vt 0.375000 0.500000
vt 0.375000 0.857614
vt 0.250000 0.500000
vt 0.250000 0.857614
vt 0.125000 0.500000
vt 0.125000 0.857614
vt 0.000000 0.500000
vt 0.000000 0.857614
vt 0.035596 0.857614
vt 0.580294 0.080294
vt 0.750000 0.010000
vt 0.919706 0.080294
vt 0.990000 0.250000
vt 0.919706 0.419706
vt 0.750000 0.490000
vt 0.580294 0.419706
vt 0.510000 0.250000
vt 1.000000 0.857614
vt 1.000000 0.500000
vt 0.875000 0.500000
vt 0.875000 0.857614
vt 0.985600 0.857614
vt 0.750000 0.500000
vt 0.750000 0.857614
vt 0.625000 0.500000
vt 0.625000 0.857614
vt 0.500000 0.500000
vt 0.500000 0.857614
vt 0.535596 0.857614
vt 0.375000 0.500000
vt 0.375000 0.857614
vt 0.250000 0.500000
vt 0.250000 0.857614
vt 0.125000 0.500000
vt 0.125000 0.857614
vt 0.000000 0.500000
vt 0.000000 0.857614
vt 0.919706 0.419706
vt 0.750000 0.490000
vt 0.580294 0.419706
vt 0.510000 0.250000
vt 0.580294 0.080294
vt 0.750000 0.010000
vt 0.919706 0.080294
vt 0.990000 0.250000
vt 1.000000 0.857614
vt 1.000000 0.500000
vt 0.875000 0.500000
vt 0.875000 0.857614
vt 0.750000 0.500000
vt 0.750000 0.857614
vt 0.625000 0.500000
vt 0.625000 0.857614
vt 0.500000 0.500000
vt 0.500000 0.857614
vt 0.535596 0.857614
vt 0.375000 0.500000
vt 0.375000 0.857614
vt 0.250000 0.500000
vt 0.250000 0.857614
vt 0.125000 0.500000
vt 0.125000 0.857614
vt 0.000000 0.500000
vt 0.000000 0.857614
vt 0.035596 0.857614
vt 0.580294 0.080294
vt 0.750000 0.010000
vt 0.919706 0.080294
vt 0.990000 0.250000
vt 0.919706 0.419706
vt 0.750000 0.490000
vt 0.580294 0.419706
vt 0.510000 0.250000
vt 1.000000 0.857614
vt 1.000000 0.500000
vt 0.875000 0.500000
vt 0.875000 0.857614
vt 0.750000 0.500000
vt 0.750000 0.857614
vt 0.625000 0.500000
vt 0.625000 0.857614
vt 0.500000 0.500000
vt 0.500000 0.857614
vt 0.375000 0.500000
vt 0.375000 0.857614
vt 0.250000 0.500000
vt 0.250000 0.857614
vt 0.125000 0.500000
vt 0.125000 0.857614
vt 0.000000 0.500000
vt 0.000000 0.857614
vt 0.035596 0.857614
vt 0.919706 0.080294
vt 0.990000 0.250000
vt 0.919706 0.419706
vt 0.750000 0.490000
vt 0.580294 0.419706
vt 0.510000 0.250000
vt 0.580294 0.080294
vt 0.750000 0.010000
vt 1.000000 0.857614
vt 1.000000 0.500000
vt 0.875000 0.500000
vt 0.875000 0.857614
vt 0.750000 0.500000
vt 0.750000 0.857614
vt 0.625000 0.500000
vt 0.625000 0.857614
vt 0.500000 0.500000
vt 0.500000 0.857614
vt 0.375000 0.500000
vt 0.375000 0.857614
vt 0.250000 0.500000
vt 0.250000 0.857614
vt 0.125000 0.500000
vt 0.125000 0.857614
vt 0.000000 0.500000
vt 0.000000 0.857614
vt 0.919706 0.080294
vt 0.990000 0.250000
vt 0.919706 0.419706
vt 0.750000 0.490000
vt 0.580294 0.419706
vt 0.510000 0.250000
vt 0.580294 0.080294
vt 0.750000 0.010000
vt 1.000000 0.857614
vt 1.000000 0.500000
vt 0.875000 0.500000
vt 0.875000 0.857614
vt 0.750000 0.500000
vt 0.750000 0.857614
vt 0.625000 0.500000
vt 0.625000 0.857614
vt 0.500000 0.500000
vt 0.500000 0.857614
vt 0.375000 0.500000
vt 0.375000 0.857614
vt 0.470948 0.857614
vt 0.250000 0.500000
vt 0.250000 0.857614
vt 0.125000 0.500000
vt 0.125000 0.857614
vt 0.000000 0.500000
vt 0.000000 0.857614
vt 0.919706 0.080294
vt 0.990000 0.250000
vt 0.919706 0.419706
vt 0.750000 0.490000
vt 0.580294 0.419706
vt 0.510000 0.250000
vt 0.580294 0.080294
vt 0.750000 0.010000
vt 1.000000 0.857614
vt 1.000000 0.500000
vt 0.875000 0.500000
vt 0.875000 0.857614
vt 0.750000 0.500000
vt 0.750000 0.857614
vt 0.625000 0.500000
vt 0.625000 0.857614
vt 0.500000 0.500000
vt 0.500000 0.857614
vt 0.375000 0.500000
vt 0.375000 0.857614
vt 0.250000 0.500000
vt 0.250000 0.857614
vt 0.125000 0.500000
vt 0.125000 0.857614
vt 0.000000 0.500000
vt 0.000000 0.857614
vt 0.919706 0.419706
vt 0.750000 0.490000
vt 0.580294 0.419706
vt 0.510000 0.250000
vt 0.580294 0.080294
vt 0.750000 0.010000
vt 0.919706 0.080294
vt 0.990000 0.250000
vt 1.000000 0.857614
vt 1.000000 0.500000
vt 0.875000 0.500000
vt 0.875000 0.857614
vt 0.750000 0.500000
vt 0.750000 0.857614
vt 0.625000 0.500000
vt 0.625000 0.857614
vt 0.500000 0.500000
vt 0.500000 0.857614
vt 0.375000 0.500000
vt 0.375000 0.857614
vt 0.250000 0.500000
vt 0.250000 0.857614
vt 0.125000 0.500000
vt 0.125000 0.857614
vt 0.000000 0.500000
vt 0.000000 0.857614
vt 0.580294 0.080294
vt 0.750000 0.010000
vt 0.919706 0.080294
vt 0.990000 0.250000
vt 0.919706 0.419706
vt 0.750000 0.490000
vt 0.580294 0.419706
vt 0.510000 0.250000
vt 1.000000 0.975545
vt 1.000000 1.000000
vt 0.875000 1.000000
vt 0.875000 0.975545
vt 0.750000 1.000000
vt 0.750000 0.975545
vt 0.625000 1.000000
vt 0.625000 0.975545
vt 0.500000 1.000000
vt 0.500000 0.975545
vt 0.375000 1.000000
vt 0.375000 0.975545
vt 0.250000 1.000000
vt 0.250000 0.975545
vt 0.750000 1.000000
vt 0.625000 1.000000
vt 0.125000 1.000000
vt 0.125000 0.975545
vt 0.000000 1.000000
vt 0.000000 0.975545
vt 0.250000 0.500000
vt 0.250000 0.500000
vt 0.375000 0.500000
vt 0.375000 0.500000
vt 0.125000 0.524253
vt 0.125000 0.666667
vt 0.000000 0.666667
vt 0.000000 0.524253
vt 0.125000 0.833333
vt 0.000000 0.833333
vt 0.250000 0.524253
vt 0.250000 0.666667
vt 0.250000 0.833333
vt 0.375000 0.524253
vt 0.375000 0.666667
vt 0.375000 0.833333
vt 0.500000 0.524253
vt 0.500000 0.666667
vt 0.500000 0.833333
vt 0.625000 0.524253
vt 0.625000 0.666667
vt 0.625000 0.833333
vt 0.750000 0.524253
vt 0.750000 0.666667
vt 0.750000 0.833333
vt 0.875000 0.524253
vt 0.875000 0.666667
vt 0.875000 0.833333
vt 1.000000 0.524253
vt 1.000000 0.666667
vt 1.000000 0.833333
vt 1.000000 0.500000
vt 0.875000 0.500000
vt 0.750000 0.500000
vt 0.625000 0.500000
vt 0.500000 0.500000
vt 0.125000 0.500000
vt 0.000000 0.500000
vt 0.500000 0.500000
vt 0.125000 1.000000
vt 0.000000 1.000000
vt 1.000000 1.000000
vt 0.875000 1.000000
vt 0.625000 0.500000
vt 0.750000 0.500000
vt 0.875000 0.500000
vt 0.375000 1.000000
vt 0.250000 1.000000
vt 0.125000 0.500000
vt 0.500000 1.000000
vt 0.000000 0.500000
vt 0.864325 0.364325
vt 0.750000 0.411680
vt 0.750000 0.490000
vt 0.919706 0.419706
vt 0.250000 0.411680
vt 0.364325 0.364325
vt 0.419706 0.419706
vt 0.250000 0.490000
vt 0.911680 0.250000
vt 0.990000 0.250000
vt 0.411680 0.250000
vt 0.490000 0.250000
vt 0.864325 0.135675
vt 0.919706 0.080294
vt 0.364325 0.135675
vt 0.419706 0.080294
vt 0.750000 0.088320
vt 0.750000 0.010000
vt 0.250000 0.088320
vt 0.250000 0.010000
vt 0.635675 0.135675
vt 0.580294 0.080294
vt 0.135675 0.135675
vt 0.080294 0.080294
vt 0.588320 0.250000
vt 0.510000 0.250000
vt 0.088320 0.250000
vt 0.010000 0.250000
vt 0.635675 0.364325
vt 0.580294 0.419706
vt 0.135675 0.364325
vt 0.080294 0.419706
vt 0.862237 0.362237
vt 0.750000 0.408728
vt 0.250000 0.408728
vt 0.362237 0.362237
vt 0.908728 0.250000
vt 0.408728 0.250000
vt 0.862237 0.137762
vt 0.362238 0.137763
vt 0.750000 0.091272
vt 0.250000 0.091272
vt 0.637763 0.137763
vt 0.137763 0.137762
vt 0.591272 0.250000
vt 0.091272 0.250000
vt 0.637762 0.362237
vt 0.137762 0.362237
vt 0.794030 0.294030
vt 0.750000 0.312268
vt 0.250000 0.312268
vt 0.294030 0.294030
vt 0.812268 0.250000
vt 0.312268 0.250000
vt 0.794030 0.205970
vt 0.294030 0.205970
vt 0.750000 0.187732
vt 0.250000 0.187732
vt 0.705970 0.205970
vt 0.205970 0.205970
vt 0.687732 0.250000
vt 0.187732 0.250000
vt 0.705970 0.294030
vt 0.205970 0.294030
vt 1.000000 0.500000
vt 1.000000 0.894906
vt 1.000000 1.000000
vt 0.875000 1.000000
vt 0.875000 0.894906
vt 0.750000 1.000000
vt 0.750000 0.894906
vt 0.625000 1.000000
vt 0.625000 0.894906
vt 0.500000 1.000000
vt 0.500000 0.894906
vt 0.375000 1.000000
vt 0.375000 0.894906
vt 0.250000 1.000000
vt 0.250000 0.894906
vt 0.000000 1.000000
vt 0.125000 1.000000
vt 0.125000 1.000000
vt 0.000000 1.000000
vt 0.125000 0.894906
vt 0.000000 0.894906
vt 0.750000 0.490000
vt 0.919706 0.419706
vt 0.990000 0.250000
vt 0.919706 0.080294
vt 0.750000 0.010000
vt 0.580294 0.080294
vt 0.510000 0.250000
vt 0.580294 0.419706
vt 0.125000 0.857021
vt 0.000000 0.857021
vt 0.250000 0.857021
vt 0.375000 0.857021
vt 0.500000 0.857021
vt 0.625000 0.857021
vt 0.750000 0.857021
vt 0.875000 0.857021
vt 1.000000 0.857021
vt 0.125000 0.736670
vt 0.125000 0.788522
vt 0.000000 0.788522
vt 0.000000 0.736670
vt 1.000000 0.822771
vt 0.875000 0.822771
vt 0.750000 0.822771
vt 0.625000 0.822772
vt 0.500000 0.822771
vt 0.375000 0.822771
vt 0.250000 0.822771
vt 0.125000 0.822772
vt 0.125000 0.529703
vt 0.125000 0.559407
vt 0.000000 0.559406
vt 0.000000 0.529703
vt 0.250000 0.529703
vt 0.250000 0.559406
vt 0.375000 0.529703
vt 0.375000 0.559407
vt 0.500000 0.529703
vt 0.500000 0.559406
vt 0.625000 0.529703
vt 0.625000 0.559407
vt 0.750000 0.529703
vt 0.750000 0.559407
vt 0.875000 0.529703
vt 0.875000 0.559407
vt 1.000000 0.529703
vt 1.000000 0.559406
vt 1.000000 0.500000
vt 0.875000 0.500000
vt 0.750000 0.500000
vt 0.625000 0.500000
vt 0.500000 0.500000
vt 0.375000 0.500000
vt 0.250000 0.500000
vt 0.125000 0.500000
vt 0.000000 0.500000
vt 0.250000 0.736670
vt 1.000000 0.736670
vt 1.000000 0.788522
vt 0.875000 0.788522
vt 0.875000 0.736670
vt 0.750000 0.788522
vt 0.750000 0.736670
vt 0.625000 0.788522
vt 0.625000 0.736670
vt 0.500000 0.788522
vt 0.500000 0.736670
vt 0.375000 0.788522
vt 0.375000 0.736670
vt 0.250000 0.788522
vt 0.000000 0.822771
vt 0.419706 0.419706
vt 0.250000 0.490000
vt 0.080294 0.419706
vt 0.010000 0.250000
vt 0.080294 0.080294
vt 0.250000 0.010000
vt 0.419706 0.080294
vt 0.490000 0.250000
vt 1.000000 1.000000
vt 0.875000 1.000000
vt 0.750000 1.000000
vt 0.625000 1.000000
vt 0.375000 1.000000
vt 0.250000 1.000000
vt 0.500000 1.000000
vt 0.080294 0.419706
vt 0.250000 0.490000
vt 0.250000 0.490000
vt 0.080294 0.419706
vt 0.125000 0.959610
vt 0.250000 0.959610
vt 0.250000 0.959610
vt 0.125000 0.959610
vt 0.419706 0.080294
vt 0.250000 0.010000
vt 0.250000 0.010000
vt 0.419706 0.080294
vt 0.000000 0.959610
vt 0.000000 0.959610
vt 0.419706 0.419706
vt 0.010000 0.250000
vt 0.080294 0.080294
vt 0.490000 0.250000
vt 0.010000 0.250000
vt 0.875000 0.959610
vt 1.000000 0.959610
vt 1.000000 0.959610
vt 0.875000 0.959610
vt 0.750000 0.490000
vt 0.919706 0.419706
vt 0.990000 0.250000
vt 0.919706 0.080294
vt 0.750000 0.010000
vt 0.580294 0.080294
vt 0.510000 0.250000
vt 0.580294 0.419706
vt 0.490000 0.250000
vt 1.000000 0.510252
vt 1.000000 0.520505
vt 0.875000 0.520505
vt 0.875000 0.510252
vt 0.750000 0.520505
vt 0.750000 0.510252
vt 0.625000 0.520505
vt 0.625000 0.510252
vt 0.500000 0.520505
vt 0.500000 0.510252
vt 0.375000 0.520505
vt 0.375000 0.510252
vt 0.250000 0.520505
vt 0.250000 0.510252
vt 0.125000 0.520505
vt 0.125000 0.510252
vt 0.000000 0.520505
vt 0.000000 0.510252
vt 1.000000 0.530757
vt 0.875000 0.530757
vt 0.750000 0.530757
vt 0.625000 0.530757
vt 0.500000 0.530757
vt 0.375000 0.530757
vt 0.250000 0.530757
vt 0.125000 0.530757
vt 0.000000 0.530757
vt 0.125000 0.500000
vt 0.000000 0.500000
vt 0.250000 0.500000
vt 0.375000 0.500000
vt 0.500000 0.500000
vt 0.625000 0.500000
vt 0.750000 0.500000
vt 0.875000 0.500000
vt 1.000000 0.500000
vt 0.750000 0.959610
vt 0.750000 0.959610
vt 0.500000 0.959610
vt 0.375000 0.959610
vt 0.625000 0.959610
vt 0.419706 0.419706
vt 0.500000 0.959610
vt 0.375000 0.959610
vt 0.080294 0.080294
vt 0.625000 0.959610
vt 1.000000 0.500000
vt 1.000000 1.000000
vt 0.875000 1.000000
vt 0.875000 0.500000
vt 0.750000 1.000000
vt 0.750000 0.500000
vt 0.625000 0.500000
vt 0.625000 1.000000
vt 0.500000 1.000000
vt 0.500000 0.500000
vt 0.375000 1.000000
vt 0.375000 0.500000
vt 0.250000 0.500000
vt 0.250000 1.000000
vt 0.125000 1.000000
vt 0.125000 0.500000
vt 0.000000 1.000000
vt 0.000000 0.500000
vt 0.750000 0.490000
vt 0.919706 0.419706
vt 0.990000 0.250000
vt 0.919706 0.080294
vt 0.750000 0.010000
vt 0.580294 0.080294
vt 0.510000 0.250000
vt 0.580294 0.419706
vt 0.419706 0.419706
vt 0.250000 0.490000
vt 0.080294 0.419706
vt 0.010000 0.250000
vt 0.080294 0.080294
vt 0.250000 0.010000
vt 0.419706 0.080294
vt 0.490000 0.250000
vt 0.625000 1.000000
vt 0.500000 1.000000
vt 0.250000 1.000000
vt 0.125000 1.000000
vt 0.875000 1.000000
vt 0.750000 1.000000
vt 0.375000 1.000000
vt 0.000000 1.000000
vt 1.000000 1.000000
vt 0.125000 0.959610
vt 0.125000 0.959610
vt 0.080294 0.419706
vt 0.080294 0.419706
vt 0.125000 0.520505
vt 0.125000 0.530757
vt 0.875000 0.500000
vt 0.875000 1.000000
vt 0.125000 0.500000
vt 0.125000 1.000000
vt 0.125000 1.000000
vt 0.875000 1.000000
vt 0.375000 0.166667
vt 0.625000 0.166667
vt 0.625000 0.250000
vt 0.375000 0.250000
vt 0.375000 0.500000
vt 0.125000 0.500000
vt 0.125000 0.500000
vt 0.375000 0.500000
vt 0.375000 0.666667
vt 0.625000 0.666667
vt 0.625000 0.750000
vt 0.375000 0.750000
vt 0.625000 0.500000
vt 0.625000 0.500000
vt 0.125000 0.666667
vt 0.125000 0.750000
vt 0.875000 0.666667
vt 0.875000 0.750000
vt 0.875000 0.500000
vt 0.875000 0.583333
vt 0.625000 0.583333
vt 0.375000 0.583333
vt 0.125000 0.583333
vt 0.375000 0.000000
vt 0.625000 0.000000
vt 0.625000 0.083333
vt 0.375000 0.083333
vt 0.375000 0.250000
vt 0.625000 0.250000
vt 0.375000 0.750000
vt 0.625000 0.750000
vt 0.625000 1.000000
vt 0.375000 1.000000
vt 0.875000 0.750000
vt 0.875000 0.500000
vt 0.375000 0.000000
vt 0.625000 0.000000
vt 0.125000 0.750000
vt 1.000000 0.500000
vt 1.000000 1.000000
vt 0.875000 1.000000
vt 0.875000 0.500000
vt 0.750000 1.000000
vt 0.750000 0.500000
vt 0.625000 1.000000
vt 0.625000 0.500000
vt 0.500000 1.000000
vt 0.500000 0.500000
vt 0.375000 1.000000
vt 0.375000 0.500000
vt 0.250000 1.000000
vt 0.250000 0.500000
vt 0.419706 0.419706
vt 0.250000 0.490000
vt 0.080294 0.419706
vt 0.010000 0.250000
vt 0.080294 0.080294
vt 0.250000 0.010000
vt 0.419706 0.080294
vt 0.490000 0.250000
vt 0.125000 1.000000
vt 0.125000 0.500000
vt 0.000000 1.000000
vt 0.000000 0.500000
vt 0.750000 0.490000
vt 0.919706 0.419706
vt 0.990000 0.250000
vt 0.919706 0.080294
vt 0.750000 0.010000
vt 0.580294 0.080294
vt 0.510000 0.250000
vt 0.580294 0.419706
vt 0.375000 0.000000
vt 0.625000 0.000000
vt 0.625000 0.250000
vt 0.375000 0.250000
vt 0.625000 0.500000
vt 0.375000 0.500000
vt 0.625000 0.750000
vt 0.375000 0.750000
vt 0.625000 1.000000
vt 0.375000 1.000000
vt 0.125000 0.500000
vt 0.125000 0.750000
vt 0.875000 0.500000
vt 0.875000 0.750000
vt 0.125000 0.500000
vt 0.125000 1.000000
vt 0.012040 1.000000
vt 0.000000 0.982973
vt 0.000000 0.500000
vt 0.875000 0.500000
vt 0.875000 1.000000
vt 0.750000 1.000000
vt 0.750000 0.500000
vt 0.625000 1.000000
vt 0.625000 0.500000
vt 0.500000 0.500000
vt 0.500000 0.982973
vt 0.487960 1.000000
vt 0.375000 1.000000
vt 0.375000 0.500000
vt 0.250000 1.000000
vt 0.250000 0.500000
vt 1.000000 0.500000
vt 1.000000 0.982973
vt 0.987960 1.000000
vt 0.233654 0.016771
vt 0.233654 0.483229
vt 0.080294 0.419706
vt 0.010000 0.250000
vt 0.080294 0.080294
vt 0.750000 0.490000
vt 0.919706 0.419706
vt 0.990000 0.250000
vt 0.919706 0.080294
vt 0.750000 0.010000
vt 0.580294 0.080294
vt 0.510000 0.250000
vt 0.580294 0.419706
vt 0.512040 1.000000
vt 0.000000 1.000000
vt 0.508514 1.000000
vt 0.012040 1.000000
vt 0.000000 1.000000
vt 0.419706 0.419706
vt 0.266346 0.483229
vt 0.266346 0.016771
vt 0.419706 0.080294
vt 0.490000 0.250000
vt 0.508514 1.000000
vt 0.487960 1.000000
vt 0.125000 0.500000
vt 0.125000 1.000000
vt 0.012040 1.000000
vt 0.000000 0.982973
vt 0.000000 0.500000
vt 0.875000 0.500000
vt 0.875000 1.000000
vt 0.750000 1.000000
vt 0.750000 0.500000
vt 0.625000 1.000000
vt 0.625000 0.500000
vt 0.500000 0.500000
vt 0.500000 0.982973
vt 0.487960 1.000000
vt 0.375000 1.000000
vt 0.375000 0.500000
vt 0.250000 1.000000
vt 0.250000 0.500000
vt 1.000000 0.500000
vt 1.000000 0.982973
vt 0.987960 1.000000
vt 0.233654 0.016771
vt 0.233654 0.483229
vt 0.080294 0.419706
vt 0.010000 0.250000
vt 0.080294 0.080294
vt 0.750000 0.490000
vt 0.919706 0.419706
vt 0.990000 0.250000
vt 0.919706 0.080294
vt 0.750000 0.010000
vt 0.580294 0.080294
vt 0.510000 0.250000
vt 0.580294 0.419706
vt 0.512040 1.000000
vt 0.000000 1.000000
vt 0.508514 1.000000
vt 0.012040 1.000000
vt 0.000000 1.000000
vt 0.419706 0.419706
vt 0.266346 0.483229
vt 0.266346 0.016771
vt 0.419706 0.080294
vt 0.490000 0.250000
vt 0.508514 1.000000
vt 0.487960 1.000000
vt 0.625000 0.517760
vt 0.875000 0.517760
vt 0.875000 0.535714
vt 0.625000 0.535714
vt 0.410714 0.526645
vt 0.410714 0.223355
vt 0.410714 0.214286
vt 0.410714 0.535714
vt 0.589286 0.734627
vt 0.625000 0.734627
vt 0.625000 0.750000
vt 0.589286 0.750000
vt 0.625000 1.000000
vt 0.589286 1.000000
vt 0.125000 0.734627
vt 0.375000 0.734627
vt 0.375000 0.750000
vt 0.125000 0.750000
vt 0.875000 0.734627
vt 0.875000 0.750000
vt 0.589286 0.214286
vt 0.625000 0.214286
vt 0.625000 0.232240
vt 0.623672 0.241122
vt 0.619061 0.247624
vt 0.612271 0.250000
vt 0.602015 0.250000
vt 0.595965 0.248867
vt 0.589807 0.236576
vt 0.589286 0.224630
vt 0.875000 0.571429
vt 0.625000 0.571429
vt 0.875000 0.607143
vt 0.625000 0.607143
vt 0.875000 0.642857
vt 0.625000 0.642857
vt 0.875000 0.678571
vt 0.625000 0.678571
vt 0.875000 0.714286
vt 0.625000 0.714286
vt 0.375000 0.214286
vt 0.410227 0.236960
vt 0.404581 0.248810
vt 0.397985 0.250000
vt 0.387729 0.250000
vt 0.380975 0.247019
vt 0.376371 0.238851
vt 0.375000 0.227689
vt 0.125000 0.535714
vt 0.375000 0.535714
vt 0.375000 0.571429
vt 0.125000 0.571429
vt 0.375000 0.607143
vt 0.125000 0.607143
vt 0.375000 0.642857
vt 0.125000 0.642857
vt 0.375000 0.678571
vt 0.125000 0.678571
vt 0.375000 0.714286
vt 0.125000 0.714286
vt 0.589286 0.525370
vt 0.589807 0.513424
vt 0.595965 0.501133
vt 0.602015 0.500000
vt 0.612271 0.500000
vt 0.619061 0.502376
vt 0.623672 0.508878
vt 0.589286 0.535714
vt 0.589286 0.571429
vt 0.589286 0.607143
vt 0.589286 0.642857
vt 0.589286 0.678571
vt 0.589286 0.714286
vt 0.589286 0.023970
vt 0.625000 0.023970
vt 0.625000 0.035714
vt 0.589286 0.035714
vt 0.625000 0.071429
vt 0.589286 0.071429
vt 0.625000 0.107143
vt 0.589286 0.107143
vt 0.625000 0.142857
vt 0.589286 0.142857
vt 0.625000 0.178571
vt 0.589286 0.178571
vt 0.589286 0.019145
vt 0.625000 0.019145
vt 0.875000 0.726030
vt 0.625000 0.726030
vt 0.375000 0.726030
vt 0.125000 0.726030
vt 0.589286 0.726030
vt 0.589286 0.015373
vt 0.625000 0.015373
vt 0.875000 0.730855
vt 0.625000 0.730855
vt 0.375000 0.730855
vt 0.125000 0.730855
vt 0.589286 0.730855
vt 0.589286 0.000000
vt 0.625000 0.000000
vt 0.410714 0.730855
vt 0.410714 0.734627
vt 0.446429 0.730855
vt 0.446429 0.734627
vt 0.482143 0.730855
vt 0.482143 0.734627
vt 0.517857 0.730855
vt 0.517857 0.734627
vt 0.553571 0.730855
vt 0.553571 0.734627
vt 0.375000 0.000000
vt 0.410714 0.000000
vt 0.410714 0.015373
vt 0.375000 0.015373
vt 0.446429 0.000000
vt 0.446429 0.015373
vt 0.482143 0.000000
vt 0.482143 0.015373
vt 0.517857 0.000000
vt 0.517857 0.015373
vt 0.553571 0.000000
vt 0.553571 0.015373
vt 0.410714 0.726030
vt 0.446429 0.726030
vt 0.482143 0.726030
vt 0.517857 0.726030
vt 0.553571 0.726030
vt 0.410714 0.019145
vt 0.375000 0.019145
vt 0.446429 0.019145
vt 0.482143 0.019145
vt 0.517857 0.019145
vt 0.553571 0.019145
vt 0.410714 0.714286
vt 0.446429 0.714286
vt 0.482143 0.714286
vt 0.517857 0.714286
vt 0.553571 0.714286
vt 0.410714 0.023970
vt 0.375000 0.023970
vt 0.446429 0.023970
vt 0.482143 0.023970
vt 0.517857 0.023970
vt 0.553571 0.023970
vt 0.375000 0.178571
vt 0.410714 0.178571
vt 0.375000 0.142857
vt 0.410714 0.142857
vt 0.446429 0.142857
vt 0.446429 0.178571
vt 0.482143 0.142857
vt 0.482143 0.178571
vt 0.517857 0.142857
vt 0.517857 0.178571
vt 0.553571 0.142857
vt 0.553571 0.178571
vt 0.375000 0.107143
vt 0.410714 0.107143
vt 0.446429 0.131636
vt 0.415591 0.107143
vt 0.415356 0.108228
vt 0.417126 0.113629
vt 0.419408 0.119178
vt 0.424042 0.122056
vt 0.430961 0.127545
vt 0.435511 0.128712
vt 0.445913 0.131593
vt 0.482143 0.133633
vt 0.465682 0.133240
vt 0.517857 0.131846
vt 0.485604 0.133715
vt 0.505542 0.133015
vt 0.553571 0.124960
vt 0.525265 0.131143
vt 0.544655 0.128111
vt 0.558911 0.123017
vt 0.564195 0.118685
vt 0.569245 0.113842
vt 0.569877 0.109562
vt 0.570557 0.107143
vt 0.375000 0.071429
vt 0.410714 0.071429
vt 0.446429 0.071429
vt 0.446429 0.084638
vt 0.439841 0.086328
vt 0.435504 0.088843
vt 0.427726 0.092363
vt 0.425230 0.094702
vt 0.419156 0.099706
vt 0.417924 0.102352
vt 0.482143 0.071429
vt 0.482143 0.083971
vt 0.478435 0.083899
vt 0.464753 0.082959
vt 0.460946 0.083002
vt 0.453078 0.083252
vt 0.446492 0.084622
vt 0.517857 0.071429
vt 0.517857 0.080681
vt 0.506783 0.082941
vt 0.492405 0.084170
vt 0.521164 0.080028
vt 0.553571 0.071429
vt 0.553571 0.082176
vt 0.546970 0.080607
vt 0.535246 0.080161
vt 0.573405 0.103503
vt 0.573453 0.100954
vt 0.573415 0.095326
vt 0.571971 0.093060
vt 0.568289 0.088386
vt 0.563927 0.085578
vt 0.558904 0.082969
vt 0.554134 0.082309
vt 0.375000 0.035714
vt 0.410714 0.035714
vt 0.446429 0.035714
vt 0.482143 0.035714
vt 0.517857 0.035714
vt 0.553571 0.035714
vt 0.410714 0.678571
vt 0.446429 0.678571
vt 0.482143 0.678571
vt 0.517857 0.678571
vt 0.553571 0.678571
vt 0.410714 0.642857
vt 0.446429 0.665462
vt 0.414691 0.642857
vt 0.415204 0.643965
vt 0.418367 0.650458
vt 0.420205 0.652167
vt 0.427133 0.657891
vt 0.431461 0.660216
vt 0.439671 0.664016
vt 0.443874 0.664786
vt 0.482143 0.666568
vt 0.453231 0.667252
vt 0.456035 0.667277
vt 0.465046 0.667571
vt 0.478664 0.666636
vt 0.517857 0.669820
vt 0.492569 0.666367
vt 0.506881 0.667593
vt 0.551558 0.669135
vt 0.553571 0.668676
vt 0.521195 0.670501
vt 0.535210 0.670360
vt 0.547062 0.669895
vt 0.571764 0.642857
vt 0.559248 0.667389
vt 0.561858 0.665506
vt 0.569017 0.661905
vt 0.570063 0.660238
vt 0.574297 0.654885
vt 0.574267 0.653017
vt 0.574301 0.646586
vt 0.572074 0.643261
vt 0.410714 0.607143
vt 0.446429 0.607143
vt 0.446429 0.617690
vt 0.445759 0.617746
vt 0.430537 0.621891
vt 0.426140 0.624833
vt 0.418759 0.630586
vt 0.417785 0.634026
vt 0.414486 0.641820
vt 0.482143 0.607143
vt 0.482143 0.615699
vt 0.465606 0.616093
vt 0.485607 0.615616
vt 0.517857 0.607143
vt 0.517857 0.617479
vt 0.505627 0.616320
vt 0.553571 0.607143
vt 0.553571 0.624399
vt 0.544896 0.621240
vt 0.525427 0.618198
vt 0.556142 0.625335
vt 0.569916 0.635968
vt 0.566473 0.633343
vt 0.559404 0.626449
vt 0.410714 0.571429
vt 0.446429 0.571429
vt 0.482143 0.571429
vt 0.517857 0.571429
vt 0.553571 0.571429
vt 0.387729 0.500000
vt 0.380417 0.500000
vt 0.380417 0.250000
vt 0.410714 0.750000
vt 0.410714 1.000000
vt 0.375000 1.000000
vt 0.446429 0.750000
vt 0.446429 1.000000
vt 0.482143 0.750000
vt 0.482143 1.000000
vt 0.517857 0.750000
vt 0.517857 1.000000
vt 0.553571 0.750000
vt 0.553571 1.000000
vt 0.125000 0.522311
vt 0.375000 0.522311
vt 0.376371 0.511149
vt 0.380975 0.502981
vt 0.397985 0.500000
vt 0.404581 0.501190
vt 0.410227 0.513040
vt 0.000000 0.000000
vt 0.000000 0.000000
vt 0.000000 0.000000
vt 0.000000 0.000000
vt 0.000000 0.000000
vt 0.000000 0.000000
vt 0.000000 0.000000
vt 0.000000 0.000000
vt 0.000000 0.000000
vt 0.000000 0.000000
vt 0.000000 0.000000
vt 0.000000 0.000000
vt 0.000000 0.000000
vt 0.000000 0.000000
vt 0.000000 0.000000
vt 0.000000 0.000000
vt 0.000000 0.000000
vt 0.000000 0.000000
vt 0.000000 0.000000
vt 0.000000 0.000000
vt 0.000000 0.000000
vt 0.000000 0.000000
vt 0.000000 0.000000
vt 0.000000 0.000000
vt 0.000000 0.000000
vt 0.000000 0.000000
vt 0.000000 0.000000
vt 0.000000 0.000000
vt 0.000000 0.000000
vt 0.000000 0.000000
vt 0.000000 0.000000
vt 0.000000 0.000000
vt 0.000000 0.000000
vt 0.000000 0.000000
vt 0.000000 0.000000
vt 0.000000 0.000000
vt 0.000000 0.000000
vt 0.000000 0.000000
vt 0.000000 0.000000
vt 0.000000 0.000000
vt 0.000000 0.000000
vt 0.000000 0.000000
vt 0.000000 0.000000
vt 0.000000 0.000000
vt 0.000000 0.000000
vt 0.000000 0.000000
vt 0.000000 0.000000
vt 0.000000 0.000000
vt 0.000000 0.000000
vt 0.000000 0.000000
vt 0.000000 0.000000
vt 0.000000 0.000000
vt 0.000000 0.000000
vt 0.000000 0.000000
vt 0.000000 0.000000
vt 0.000000 0.000000
vt 0.000000 0.000000
vt 0.000000 0.000000
vt 0.000000 0.000000
vt 0.000000 0.000000
vt 0.000000 0.000000
vt 0.000000 0.000000
vt 0.000000 0.000000
vt 0.000000 0.000000
vt 0.000000 0.000000
vt 0.000000 0.000000
vt 0.000000 0.000000
vt 0.000000 0.000000
vt 0.000000 0.000000
vt 0.000000 0.000000
vt 0.000000 0.000000
vt 0.000000 0.000000
vt 0.000000 0.000000
vt 0.000000 0.000000
vt 0.000000 0.000000
vt 0.000000 0.000000
vt 0.000000 0.000000
vt 0.000000 0.000000
vt 0.000000 0.000000
vt 0.000000 0.000000
vt 0.000000 0.000000
vt 0.000000 0.000000
vt 0.000000 0.000000
vt 0.000000 0.000000
vt 0.000000 0.000000
vt 0.000000 0.000000
vt 0.000000 0.000000
vt 0.000000 0.000000
vt 0.000000 0.000000
vt 0.000000 0.000000
vt 0.000000 0.000000
vt 0.000000 0.000000
vt 0.000000 0.000000
vt 0.000000 0.000000
vt 0.000000 0.000000
vt 0.000000 0.000000
vt 0.000000 0.000000
vt 0.000000 0.000000
vt 0.000000 0.000000
vt 0.000000 0.000000
vt 0.000000 0.000000
vt 0.000000 0.000000
vt 0.000000 0.000000
vt 0.000000 0.000000
vt 0.000000 0.000000
vt 0.000000 0.000000
vt 0.000000 0.000000
vt 0.000000 0.000000
vt 0.000000 0.000000
vt 0.000000 0.000000
vt 0.000000 0.000000
vt 0.000000 0.000000
vt 0.000000 0.000000
vt 0.000000 0.000000
vt 0.000000 0.000000
vt 0.000000 0.000000
vt 0.000000 0.000000
vt 0.000000 0.000000
vt 0.000000 0.000000
vt 0.000000 0.000000
vt 0.000000 0.000000
vt 0.000000 0.000000
vt 0.000000 0.000000
vt 0.000000 0.000000
vt 0.000000 0.000000
vt 0.000000 0.000000
vt 0.000000 0.000000
vt 0.000000 0.000000
vt 0.000000 0.000000
vt 0.000000 0.000000
vt 0.000000 0.000000
vt 0.000000 0.000000
vt 0.000000 0.000000
vt 0.000000 0.000000
vt 0.000000 0.000000
vt 0.000000 0.000000
vt 0.000000 0.000000
vt 0.000000 0.000000
vt 0.000000 0.000000
vt 0.000000 0.000000
vt 0.000000 0.000000
vt 0.000000 0.000000
vt 0.000000 0.000000
vt 0.000000 0.000000
vt 0.000000 0.000000
vt 0.000000 0.000000
vt 0.000000 0.000000
vt 0.000000 0.000000
vt 0.000000 0.000000
vt 0.000000 0.000000
vt 0.000000 0.000000
vt 0.000000 0.000000
vt 0.000000 0.000000
vt 0.000000 0.000000
vt 0.000000 0.000000
vt 0.000000 0.000000
vt 0.000000 0.000000
vt 0.000000 0.000000
vt 0.000000 0.000000
vt 0.000000 0.000000
vt 0.000000 0.000000
vt 0.000000 0.000000
vt 0.000000 0.000000
vt 0.000000 0.000000
vt 0.000000 0.000000
vt 0.000000 0.000000
vt 0.000000 0.000000
vt 0.000000 0.000000
vt 0.000000 0.000000
vt 0.000000 0.000000
vt 0.000000 0.000000
vt 0.000000 0.000000
vt 0.000000 0.000000
vt 0.000000 0.000000
vt 0.000000 0.000000
vt 0.000000 0.000000
vt 0.000000 0.000000
vt 0.000000 0.000000
vt 0.125000 0.500000
vt 0.375000 0.500000
vt 0.375000 0.509495
vt 0.125000 0.509495
vt 0.625000 0.507096
vt 0.875000 0.507096
vt 0.625000 0.250000
vt 0.625000 0.500000
vt 0.619914 0.500000
vt 0.619914 0.250000
vt 0.417344 0.218966
vt 0.417344 0.218966
vt 0.411687 0.781034
vt 0.411687 0.781034
vt 0.417344 0.250000
vt 0.419548 0.231258
vt 0.419548 0.018742
vt 0.409483 0.943773
vt 0.409483 0.306227
vt 0.411687 0.250000
vt 0.411687 0.250000
vt 0.417344 0.250000
vt 0.417344 0.250000
vt 0.419548 0.231258
vt 0.419548 0.018742
vt 0.417344 0.218966
vt 0.411687 0.781034
vt 0.409483 0.943773
vt 0.409483 0.306227
vt 0.411687 0.250000
vt 0.419548 0.231258
vt 0.409483 0.306227
vt 0.409483 0.943773
vt 0.419548 0.018742
vt 0.419548 0.231258
vt 0.417344 0.250000
vt 0.411687 0.250000
vt 0.409483 0.306227
vt 0.409483 0.943773
vt 0.411687 0.781034
vt 0.417344 0.218966
vt 0.419548 0.018742
vt 0.409483 0.306227
vt 0.409483 0.943773
vt 0.409483 0.943773
vt 0.409483 0.306227
vt 0.417344 0.218966
vt 0.417344 0.218966
vt 0.411687 0.781034
vt 0.411687 0.781034
vt 0.417344 0.250000
vt 0.419548 0.231258
vt 0.419548 0.018742
vt 0.411687 0.250000
vt 0.411687 0.250000
vt 0.417344 0.250000
vt 0.409483 0.306227
vt 0.409483 0.943773
vt 0.409483 0.943773
vt 0.409483 0.306227
vt 0.419548 0.231258
vt 0.419548 0.018742
vt 0.417344 0.218966
vt 0.417344 0.218966
vt 0.411687 0.781034
vt 0.411687 0.781034
vt 0.417344 0.250000
vt 0.419548 0.231258
vt 0.419548 0.018742
vt 0.411687 0.250000
vt 0.411687 0.250000
vt 0.417344 0.250000
vt 0.409483 0.306227
vt 0.409483 0.943773
vt 0.409483 0.943773
vt 0.409483 0.306227
vt 0.419548 0.231258
vt 0.419548 0.018742
vt 0.417344 0.218966
vt 0.417344 0.218966
vt 0.411687 0.781034
vt 0.411687 0.781034
vt 0.417344 0.250000
vt 0.419548 0.231258
vt 0.419548 0.018742
vt 0.411687 0.250000
vt 0.411687 0.250000
vt 0.417344 0.250000
vt 0.409483 0.306227
vt 0.409483 0.943773
vt 0.409483 0.943773
vt 0.409483 0.306227
vt 0.419548 0.231258
vt 0.419548 0.018742
vt 0.417344 0.218966
vt 0.417344 0.218966
vt 0.411687 0.781034
vt 0.411687 0.781034
vt 0.417344 0.250000
vt 0.419548 0.231258
vt 0.419548 0.018742
vt 0.411687 0.250000
vt 0.411687 0.250000
vt 0.417344 0.250000
vt 0.409483 0.306227
vt 0.409483 0.943773
vt 0.409483 0.943773
vt 0.409483 0.306227
vt 0.419548 0.231258
vt 0.419548 0.018742
vt 0.417344 0.218966
vt 0.417344 0.218966
vt 0.411687 0.781034
vt 0.411687 0.781034
vt 0.417344 0.250000
vt 0.419548 0.231258
vt 0.419548 0.018742
vt 0.411687 0.250000
vt 0.411687 0.250000
vt 0.417344 0.250000
vt 0.409483 0.306227
vt 0.409483 0.943773
vt 0.409483 0.943773
vt 0.409483 0.306227
vt 0.419548 0.231258
vt 0.419548 0.018742
vt 0.417344 0.218966
vt 0.417344 0.218966
vt 0.411687 0.781034
vt 0.411687 0.781034
vt 0.417344 0.250000
vt 0.419548 0.231258
vt 0.419548 0.018742
vt 0.411687 0.250000
vt 0.411687 0.250000
vt 0.417344 0.250000
vt 0.409483 0.306227
vt 0.409483 0.943773
vt 0.409483 0.943773
vt 0.409483 0.306227
vt 0.419548 0.231258
vt 0.419548 0.018742
vt 0.417344 0.218966
vt 0.417344 0.218966
vt 0.411687 0.781034
vt 0.411687 0.781034
vt 0.417344 0.250000
vt 0.419548 0.231258
vt 0.419548 0.018742
vt 0.411687 0.250000
vt 0.411687 0.250000
vt 0.417344 0.250000
vt 0.409483 0.306227
vt 0.409483 0.943773
vt 0.409483 0.943773
vt 0.409483 0.306227
vt 0.419548 0.231258
vt 0.419548 0.018742
vt 0.417344 0.218966
vt 0.417344 0.218966
vt 0.411687 0.781034
vt 0.411687 0.781034
vt 0.417344 0.250000
vt 0.419548 0.231258
vt 0.419548 0.018742
vt 0.411687 0.250000
vt 0.411687 0.250000
vt 0.417344 0.250000
vt 0.409483 0.306227
vt 0.409483 0.943773
vt 0.409483 0.943773
vt 0.409483 0.306227
vt 0.419548 0.231258
vt 0.419548 0.018742
vt 0.417344 0.218966
vt 0.417344 0.218966
vt 0.411687 0.781034
vt 0.411687 0.781034
vt 0.417344 0.250000
vt 0.419548 0.231258
vt 0.419548 0.018742
vt 0.411687 0.250000
vt 0.411687 0.250000
vt 0.417344 0.250000
vt 0.409483 0.306227
vt 0.409483 0.943773
vt 0.409483 0.943773
vt 0.409483 0.306227
vt 0.419548 0.231258
vt 0.419548 0.018742
vt 0.417344 0.218966
vt 0.417344 0.218966
vt 0.411687 0.781034
vt 0.411687 0.781034
vt 0.417344 0.250000
vt 0.419548 0.231258
vt 0.419548 0.018742
vt 0.411687 0.250000
vt 0.411687 0.250000
vt 0.417344 0.250000
vt 0.419548 0.231258
vt 0.419548 0.018742
vt 0.375000 0.021855
vt 0.625000 0.021855
vt 0.625000 0.250000
vt 0.375000 0.250000
vt 0.625000 0.500000
vt 0.375000 0.500000
vt 0.625000 0.728145
vt 0.375000 0.728145
vt 0.625000 1.000000
vt 0.375000 1.000000
vt 0.125000 0.500000
vt 0.125000 0.728145
vt 0.875000 0.500000
vt 0.875000 0.728145
vt 0.919706 0.419706
vt 0.990000 0.250000
vt 0.919706 0.080294
vt 0.750000 0.010000
vt 0.580294 0.080294
vt 0.510000 0.250000
vt 0.580294 0.419706
vt 0.750000 0.490000
vt 1.000000 0.982973
vt 0.987960 1.000000
vt 0.875000 1.000000
vt 0.875000 0.500000
vt 1.000000 0.500000
vt 0.000000 0.500000
vt 0.125000 0.500000
vt 0.125000 1.000000
vt 0.012040 1.000000
vt 0.000000 0.982973
vt 0.000000 1.000000
vt 0.012040 1.000000
vt 0.000000 1.000000
vt 0.266346 0.483229
vt 0.266346 0.016771
vt 0.419706 0.080294
vt 0.490000 0.250000
vt 0.419706 0.419706
vt 0.750000 1.000000
vt 0.750000 0.500000
vt 0.625000 1.000000
vt 0.625000 0.500000
vt 0.512040 1.000000
vt 0.500000 0.982973
vt 0.500000 0.500000
vt 0.487960 1.000000
vt 0.375000 1.000000
vt 0.375000 0.500000
vt 0.508514 1.000000
vt 0.508514 1.000000
vt 0.487960 1.000000
vt 0.233654 0.483229
vt 0.080294 0.419706
vt 0.010000 0.250000
vt 0.080294 0.080294
vt 0.233654 0.016771
vt 0.250000 1.000000
vt 0.250000 0.500000
vt 1.000000 0.835632
vt 1.000000 0.790894
vt 0.875000 0.790894
vt 0.875000 0.835632
vt 0.750000 0.790894
vt 0.750000 0.835632
vt 0.625000 0.790894
vt 0.625000 0.835632
vt 0.500000 0.790894
vt 0.500000 0.835632
vt 0.375000 0.790894
vt 0.375000 0.835632
vt 0.250000 0.790894
vt 0.250000 0.835632
vt 0.125000 0.790894
vt 0.125000 0.835632
vt 0.000000 0.790894
vt 0.000000 0.835632
vt 1.000000 0.892772
vt 0.875000 1.000000
vt 0.875000 0.892772
vt 0.750000 1.000000
vt 0.750000 0.892772
vt 0.625000 1.000000
vt 0.625000 0.892772
vt 0.500000 1.000000
vt 0.500000 0.892772
vt 0.375000 1.000000
vt 0.375000 0.892772
vt 0.250000 1.000000
vt 0.250000 0.892772
vt 0.125000 1.000000
vt 0.125000 0.892772
vt 0.000000 1.000000
vt 0.000000 0.892772
vt 0.750000 0.490000
vt 0.919706 0.419706
vt 0.990000 0.250000
vt 0.919706 0.080294
vt 0.750000 0.010000
vt 0.580294 0.080294
vt 0.510000 0.250000
vt 0.580294 0.419706
vt 0.125000 0.795335
vt 0.000000 0.795335
vt 0.250000 0.795335
vt 0.375000 0.795335
vt 0.500000 0.795335
vt 0.625000 0.795335
vt 0.750000 0.795335
vt 0.875000 0.795335
vt 1.000000 0.795335
vt 1.000000 0.500000
vt 0.875000 0.500000
vt 0.750000 0.500000
vt 0.625000 0.500000
vt 0.500000 0.500000
vt 0.375000 0.500000
vt 0.250000 0.500000
vt 0.125000 0.500000
vt 0.000000 0.500000
vt 0.229525 0.481519
vt 0.229525 0.018481
vt 0.270475 0.018481
vt 0.270475 0.481519
vt 0.250000 0.482797
vt 0.510664 1.000000
vt 0.484919 1.000000
vt 0.080294 0.419706
vt 0.080294 0.419706
vt 0.250000 0.490000
vt 0.250000 0.490000
vt 0.125000 1.000000
vt 0.125000 1.000000
vt 0.125000 0.812500
vt 0.125000 0.875000
vt 0.125000 0.875000
vt 0.125000 1.000000
vt 0.250000 0.500000
vt 0.125000 0.500000
vt 0.125000 0.750000
vt 0.125000 1.000000
vt 0.250000 1.000000
vt 0.419706 0.080294
vt 0.919706 0.080294
vt 0.750000 0.010000
vt 0.250000 0.010000
vt 0.419706 0.419706
vt 0.490000 0.250000
vt 0.080294 0.080294
vt 0.010000 0.250000
vt 0.080294 0.419706
vt 0.250000 0.490000
vt 0.375000 0.500000
vt 0.375000 1.000000
vt 0.875000 0.812500
vt 0.875000 0.875000
vt 0.875000 0.750000
vt 0.875000 0.625000
vt 0.750000 0.490000
vt 0.580294 0.419706
vt 0.510000 0.250000
vt 0.580294 0.080294
vt 0.990000 0.250000
vt 0.919706 0.419706
vt 0.419706 0.419706
vt 0.419706 0.419706
vt 0.250000 0.490000
vt 0.250000 0.490000
vt 0.419706 0.419706
vt 0.750000 0.490000
vt 0.750000 0.490000
vt 0.580294 0.419706
vt 0.919706 0.419706
vt 0.919706 0.419706
vt 0.080294 0.419706
vt 0.080294 0.419706
vt 0.080294 0.419706
vt 0.250000 0.490000
vt 0.919706 0.419706
vt 0.750000 0.490000
vt 0.875000 0.625000
vt 0.875000 0.500000
vt 0.875000 0.500000
vt 0.580294 0.419706
vt 0.419706 0.419706
vt 0.080294 0.419706
vt 0.250000 0.490000
vt 0.919706 0.419706
vt 0.750000 0.490000
vt 0.875000 0.625000
vt 0.875000 0.500000
vt 0.580294 0.419706
vt 0.419706 0.419706
vt 0.125000 0.875000
vt 0.125000 1.000000
vt 0.080294 0.419706
vt 0.080294 0.419706
vt 0.250000 0.490000
vt 0.250000 0.490000
vt 0.919706 0.419706
vt 0.919706 0.419706
vt 0.750000 0.490000
vt 0.750000 0.490000
vt 0.875000 0.625000
vt 0.875000 0.625000
vt 0.875000 0.500000
vt 0.875000 0.500000
vt 0.580294 0.419706
vt 0.580294 0.419706
vt 0.419706 0.419706
vt 0.419706 0.419706
vt 0.125000 0.875000
vt 0.125000 0.875000
vt 0.125000 1.000000
vt 0.125000 1.000000
vt 0.080294 0.419706
vt 0.080294 0.419706
vt 0.250000 0.490000
vt 0.250000 0.490000
vt 0.919706 0.419706
vt 0.919706 0.419706
vt 0.750000 0.490000
vt 0.750000 0.490000
vt 0.875000 0.625000
vt 0.875000 0.625000
vt 0.875000 0.500000
vt 0.875000 0.500000
vt 0.580294 0.419706
vt 0.580294 0.419706
vt 0.419706 0.419706
vt 0.419706 0.419706
vt 0.125000 0.875000
vt 0.125000 0.875000
vt 0.125000 1.000000
vt 0.125000 1.000000
vt 0.080294 0.419706
vt 0.250000 0.490000
vt 0.919706 0.419706
vt 0.750000 0.490000
vt 0.875000 0.625000
vt 0.875000 0.500000
vt 0.580294 0.419706
vt 0.419706 0.419706
vt 0.125000 0.875000
vt 0.125000 1.000000
vt 0.080294 0.419706
vt 0.250000 0.490000
vt 0.919706 0.419706
vt 0.750000 0.490000
vt 0.875000 0.625000
vt 0.875000 0.500000
vt 0.580294 0.419706
vt 0.419706 0.419706
vt 0.125000 0.875000
vt 0.125000 1.000000
vt 0.080294 0.419706
vt 0.250000 0.490000
vt 0.919706 0.419706
vt 0.750000 0.490000
vt 0.875000 0.625000
vt 0.875000 0.500000
vt 0.580294 0.419706
vt 0.419706 0.419706
vt 0.125000 0.875000
vt 0.125000 1.000000
vt 0.875000 0.625000
vt 0.875000 0.500000
vt 0.125000 0.875000
vt 0.125000 1.000000
vt 0.125000 0.875000
vt 0.125000 1.000000
vt 0.250000 0.490000
vt 0.419706 0.419706
vt 0.750000 0.490000
vt 0.580294 0.419706
vt 0.875000 0.625000
vt 0.875000 0.500000
vt 0.919706 0.419706
vt 0.080294 0.419706
vt 0.125000 0.875000
vt 0.125000 1.000000
vt 0.250000 0.490000
vt 0.419706 0.419706
vt 0.750000 0.490000
vt 0.580294 0.419706
vt 0.875000 0.625000
vt 0.875000 0.500000
vt 0.919706 0.419706
vt 0.080294 0.419706
vt 0.125000 0.875000
vt 0.125000 1.000000
vt 0.250000 0.490000
vt 0.419706 0.419706
vt 0.750000 0.490000
vt 0.580294 0.419706
vt 0.875000 0.625000
vt 0.875000 0.500000
vt 0.919706 0.419706
vt 0.080294 0.419706
vt 0.875000 0.875000
vt 0.875000 0.875000
vt 0.875000 0.750000
vt 0.875000 0.750000
vt 0.125000 0.625000
vt 0.125000 0.625000
vt 0.125000 0.750000
vt 0.125000 0.750000
vt 0.875000 0.875000
vt 0.875000 0.750000
vt 0.125000 0.625000
vt 0.125000 0.750000
vt 0.875000 0.875000
vt 0.875000 0.875000
vt 0.875000 0.750000
vt 0.875000 0.750000
vt 0.125000 0.625000
vt 0.125000 0.625000
vt 0.125000 0.750000
vt 0.125000 0.750000
vt 0.875000 0.875000
vt 0.875000 0.750000
vt 0.125000 0.625000
vt 0.125000 0.750000
vt 0.875000 0.875000
vt 0.875000 0.750000
vt 0.125000 0.625000
vt 0.125000 0.750000
vt 0.125000 0.625000
vt 0.125000 0.625000
vt 0.125000 0.750000
vt 0.125000 0.750000
vt 0.875000 0.875000
vt 0.875000 0.875000
vt 0.875000 0.750000
vt 0.875000 0.750000
vt 0.125000 0.625000
vt 0.125000 0.750000
vt 0.875000 0.875000
vt 0.875000 0.750000
vt 0.125000 0.625000
vt 0.125000 0.750000
vt 0.875000 0.875000
vt 0.875000 0.750000
vt 0.125000 0.625000
vt 0.125000 0.750000
vt 0.875000 0.875000
vt 0.875000 0.750000
vt 0.125000 0.625000
vt 0.125000 0.750000
vt 0.875000 0.875000
vt 0.875000 0.750000
vt 0.125000 0.625000
vt 0.125000 0.750000
vt 0.875000 1.000000
vt 0.875000 1.000000
vt 0.875000 1.000000
vt 0.875000 1.000000
vt 0.875000 1.000000
vt 0.875000 1.000000
vt 0.875000 1.000000
vt 0.875000 1.000000
vt 0.875000 1.000000
vt 0.875000 1.000000
vt 0.875000 1.000000
vt 0.875000 1.000000
vt 0.875000 1.000000
vt 0.875000 1.000000
vt 0.750000 0.500000
vt 0.625000 0.500000
vt 0.625000 1.000000
vt 0.750000 1.000000
vt 0.875000 1.000000
vt 0.125000 0.500000
vt 0.125000 0.500000
vt 0.125000 0.500000
vt 0.125000 0.500000
vt 0.125000 0.500000
vt 0.125000 0.500000
vt 0.125000 0.500000
vt 0.125000 0.500000
vt 0.125000 0.500000
vt 0.125000 0.500000
vt 0.125000 0.500000
vt 0.125000 0.500000
vt 0.125000 0.500000
vt 0.875000 1.000000
vt 0.750000 0.187732
vt 0.794030 0.205970
vt 0.187732 0.250000
vt 0.205970 0.294030
vt 0.205970 0.205970
vt 0.205970 0.205970
vt 0.187732 0.250000
vt 0.312268 0.250000
vt 0.294030 0.294030
vt 0.294030 0.294030
vt 0.312268 0.250000
vt 0.750000 0.312268
vt 0.705970 0.294030
vt 0.294030 0.205970
vt 0.250000 0.187732
vt 0.794030 0.294030
vt 0.250000 0.312268
vt 0.705970 0.205970
vt 0.812268 0.250000
vt 0.687732 0.250000
vt 0.250000 0.312268
vt 0.205970 0.294030
vt 0.250000 0.187732
vt 0.294030 0.205970
vt 0.750000 0.312268
vt 0.794030 0.294030
vt 0.812268 0.250000
vt 0.794030 0.205970
vt 0.750000 0.187732
vt 0.705970 0.205970
vt 0.687732 0.250000
vt 0.705970 0.294030
vt 0.000000 0.000000
vt 0.000000 0.000000
vt 0.000000 0.000000
vt 0.000000 0.000000
vt 0.000000 0.000000
vt 1.000000 0.000000
vt 1.000000 0.983710
vt 0.988540 0.998410
vt 0.882624 1.000000
vt 0.117377 1.000000
vt 0.011460 0.998410
vt 0.000000 0.983710
vt 0.000000 0.983710
vt 0.011460 0.998410
vt 0.117376 1.000000
vt 0.882623 1.000000
vt 0.988540 0.998410
vt 1.000000 0.983710
vt 1.000000 0.000000
vt 1.000000 0.000000
vt 1.000000 0.000000
vt 1.000000 0.000000
vt 1.000000 0.000000
vt 0.000000 0.000000
vt 1.000000 0.000000
vt 1.000000 0.000000
vt 1.000000 0.000000
vt 1.000000 0.000000
vt 1.000000 0.000000
vt 0.000000 0.000000
vt 0.000000 0.000000
vt 0.000000 0.000000
vt 0.000000 0.000000
vt 0.000000 0.000000
vt 1.000000 0.000000
vt 0.000000 0.000000
vt 0.434841 0.125000
vt 0.565159 0.125000
vt 0.565159 0.250000
vt 0.434841 0.250000
vt 0.565159 0.500000
vt 0.434841 0.500000
vt 0.434841 0.500000
vt 0.565159 0.500000
vt 0.815159 0.625000
vt 0.815159 0.500000
vt 0.875000 0.500000
vt 0.875000 0.625000
vt 0.625000 0.125000
vt 0.625000 0.250000
vt 0.315159 0.625000
vt 0.315159 0.500000
vt 0.375000 0.500000
vt 0.375000 0.625000
vt 0.434841 0.500000
vt 0.434841 0.625000
vt 0.184841 0.500000
vt 0.184841 0.625000
vt 0.625000 0.500000
vt 0.625000 0.625000
vt 0.565159 0.625000
vt 0.565159 0.500000
vt 0.684841 0.500000
vt 0.684841 0.625000
vt 0.375000 0.250000
vt 0.375000 0.125000
vt 0.125000 0.625000
vt 0.125000 0.500000
vt 0.815159 0.500000
vt 0.684841 0.500000
vt 0.684841 0.500000
vt 0.815159 0.500000
vt 0.184841 0.500000
vt 0.125000 0.500000
vt 0.125000 0.500000
vt 0.184841 0.500000
vt 0.315159 0.500000
vt 0.315159 0.500000
vt 0.375000 0.500000
vt 0.375000 0.500000
vt 0.434841 0.250000
vt 0.565159 0.250000
vt 0.565159 0.250000
vt 0.434841 0.250000
vt 0.875000 0.500000
vt 0.815159 0.500000
vt 0.875000 0.500000
vt 0.625000 0.500000
vt 0.625000 0.500000
vt 0.375000 0.250000
vt 0.375000 0.250000
vt 0.684841 0.500000
vt 0.625000 0.250000
vt 0.625000 0.250000
vt 0.625000 0.500000
vt 0.684841 0.500000
vt 0.625000 0.250000
vt 0.565159 0.250000
vt 0.815159 0.500000
vt 0.375000 0.500000
vt 0.434841 0.500000
vt 0.434841 0.250000
vt 0.375000 0.250000
vt 0.565159 0.500000
vt 0.875000 0.500000
vt 0.315159 0.500000
vt 0.184841 0.500000
vt 0.125000 0.500000
vt 0.375000 0.309841
vt 0.392527 0.267527
vt 0.434841 0.250000
vt 0.565159 0.250000
vt 0.607473 0.267527
vt 0.625000 0.309841
vt 0.625000 0.440159
vt 0.607473 0.482473
vt 0.565159 0.500000
vt 0.434841 0.500000
vt 0.392527 0.482473
vt 0.375000 0.440159
vt 0.125000 0.500000
vt 0.184841 0.500000
vt 0.625000 0.500000
vt 0.315159 0.500000
vt 0.375000 0.500000
vt 0.375000 0.250000
vt 0.875000 0.500000
vt 0.625000 0.250000
vt 1.000000 1.000000
vt 0.875000 1.000000
vt 0.750000 1.000000
vt 0.625000 1.000000
vt 0.500000 1.000000
vt 0.375000 1.000000
vt 0.250000 1.000000
vt 0.125000 1.000000
vt 0.000000 1.000000
vt 0.434841 0.250000
vt 0.565159 0.250000
vt 0.565159 0.500000
vt 0.565159 0.500000
vt 0.434841 0.500000
vt 0.434841 0.500000
vt 0.875000 0.500000
vt 0.815159 0.500000
vt 0.625000 0.250000
vt 0.375000 0.500000
vt 0.315159 0.500000
vt 0.434841 0.500000
vt 0.184841 0.500000
vt 0.625000 0.500000
vt 0.565159 0.500000
vt 0.684841 0.500000
vt 0.375000 0.250000
vt 0.125000 0.500000
vt 0.815159 0.500000
vt 0.815159 0.500000
vt 0.684841 0.500000
vt 0.684841 0.500000
vt 0.184841 0.500000
vt 0.184841 0.500000
vt 0.125000 0.500000
vt 0.125000 0.500000
vt 0.315159 0.500000
vt 0.315159 0.500000
vt 0.375000 0.500000
vt 0.375000 0.500000
vt 0.434841 0.250000
vt 0.434841 0.250000
vt 0.565159 0.250000
vt 0.565159 0.250000
vt 0.875000 0.500000
vt 0.875000 0.500000
vt 0.815159 0.500000
vt 0.625000 0.500000
vt 0.625000 0.500000
vt 0.375000 0.250000
vt 0.375000 0.250000
vt 0.684841 0.500000
vt 0.625000 0.250000
vt 0.625000 0.250000
vt 0.684841 0.500000
vt 0.625000 0.500000
vt 0.565159 0.250000
vt 0.625000 0.250000
vt 0.815159 0.500000
vt 0.434841 0.500000
vt 0.375000 0.500000
vt 0.375000 0.250000
vt 0.434841 0.250000
vt 0.565159 0.500000
vt 0.875000 0.500000
vt 0.315159 0.500000
vt 0.184841 0.500000
vt 0.125000 0.500000
vt 0.375000 0.309841
vt 0.375000 0.440159
vt 0.392527 0.482473
vt 0.434841 0.500000
vt 0.565159 0.500000
vt 0.607473 0.482473
vt 0.625000 0.440159
vt 0.625000 0.309841
vt 0.607473 0.267527
vt 0.565159 0.250000
vt 0.434841 0.250000
vt 0.392527 0.267527
vt 0.184841 0.500000
vt 0.125000 0.500000
vt 0.625000 0.500000
vt 0.375000 0.500000
vt 0.315159 0.500000
vt 0.375000 0.250000
vt 0.875000 0.500000
vt 0.625000 0.250000
vt 0.125000 1.000000
vt 0.875000 0.585488
vt 0.875000 1.000000
vt 0.750000 1.000000
vt 0.750000 0.585488
vt 0.625000 1.000000
vt 0.625000 0.585488
vt 0.500000 1.000000
vt 0.500000 0.585488
vt 0.375000 1.000000
vt 0.375000 0.585488
vt 0.250000 1.000000
vt 0.250000 0.585488
vt 0.125000 1.000000
vt 0.125000 0.585488
vt 0.000000 1.000000
vt 0.000000 0.585488
vt 0.125000 0.500000
vt 0.250000 0.500000
vt 0.375000 0.500000
vt 0.500000 0.500000
vt 0.625000 0.500000
vt 0.750000 0.500000
vt 0.875000 0.500000
vt 1.000000 0.500000
vt 1.000000 0.585488
vt 0.419706 0.080294
vt 0.250000 0.010000
vt 0.250000 0.010000
vt 0.419706 0.080294
vt 0.419706 0.419706
vt 0.250000 0.490000
vt 0.080294 0.419706
vt 0.010000 0.250000
vt 0.080294 0.080294
vt 0.490000 0.250000
vt 0.500000 1.000000
vt 0.375000 1.000000
vt 0.490000 0.250000
vt 0.625000 1.000000
vt 0.419706 0.419706
vt 0.750000 1.000000
vt 0.250000 0.490000
vt 0.875000 1.000000
vt 1.000000 1.000000
vt 0.000000 1.000000
vt 0.125000 1.000000
vt 0.125000 1.000000
vt 0.000000 1.000000
vt 0.250000 1.000000
vt 0.375000 1.000000
vt 0.250000 1.000000
vt 0.625000 1.000000
vt 0.500000 1.000000
vt 0.875000 1.000000
vt 0.750000 1.000000
vt 1.000000 1.000000
vt 1.000000 1.000000
vt 0.080294 0.080294
vt 0.010000 0.250000
vt 0.080294 0.419706
vt 0.875000 0.585488
vt 0.875000 1.000000
vt 0.750000 1.000000
vt 0.750000 0.585488
vt 0.625000 1.000000
vt 0.625000 0.585488
vt 0.500000 1.000000
vt 0.500000 0.585488
vt 0.375000 1.000000
vt 0.375000 0.585488
vt 0.250000 1.000000
vt 0.250000 0.585488
vt 0.125000 1.000000
vt 0.125000 0.585488
vt 0.000000 1.000000
vt 0.000000 0.585488
vt 0.125000 0.500000
vt 0.250000 0.500000
vt 0.375000 0.500000
vt 0.500000 0.500000
vt 0.625000 0.500000
vt 0.750000 0.500000
vt 0.875000 0.500000
vt 1.000000 0.500000
vt 1.000000 0.585488
vt 0.419706 0.080294
vt 0.250000 0.010000
vt 0.250000 0.010000
vt 0.419706 0.080294
vt 0.419706 0.419706
vt 0.250000 0.490000
vt 0.080294 0.419706
vt 0.010000 0.250000
vt 0.080294 0.080294
vt 0.490000 0.250000
vt 0.500000 1.000000
vt 0.375000 1.000000
vt 0.490000 0.250000
vt 0.625000 1.000000
vt 0.419706 0.419706
vt 0.750000 1.000000
vt 0.250000 0.490000
vt 0.875000 1.000000
vt 1.000000 1.000000
vt 0.000000 1.000000
vt 0.125000 1.000000
vt 0.125000 1.000000
vt 0.000000 1.000000
vt 0.250000 1.000000
vt 0.375000 1.000000
vt 0.250000 1.000000
vt 0.625000 1.000000
vt 0.500000 1.000000
vt 0.875000 1.000000
vt 0.750000 1.000000
vt 1.000000 1.000000
vt 1.000000 1.000000
vt 0.080294 0.080294
vt 0.010000 0.250000
vt 0.080294 0.419706
vt 0.875000 0.585488
vt 0.875000 1.000000
vt 0.750000 1.000000
vt 0.750000 0.585488
vt 0.625000 1.000000
vt 0.625000 0.585488
vt 0.500000 1.000000
vt 0.500000 0.585488
vt 0.375000 1.000000
vt 0.375000 0.585488
vt 0.250000 1.000000
vt 0.250000 0.585488
vt 0.125000 1.000000
vt 0.125000 0.585488
vt 0.000000 1.000000
vt 0.000000 0.585488
vt 0.125000 0.500000
vt 0.250000 0.500000
vt 0.375000 0.500000
vt 0.500000 0.500000
vt 0.625000 0.500000
vt 0.750000 0.500000
vt 0.875000 0.500000
vt 1.000000 0.500000
vt 1.000000 0.585488
vt 0.419706 0.080294
vt 0.250000 0.010000
vt 0.250000 0.010000
vt 0.419706 0.080294
vt 0.419706 0.419706
vt 0.250000 0.490000
vt 0.080294 0.419706
vt 0.010000 0.250000
vt 0.080294 0.080294
vt 0.490000 0.250000
vt 0.500000 1.000000
vt 0.375000 1.000000
vt 0.490000 0.250000
vt 0.625000 1.000000
vt 0.419706 0.419706
vt 0.750000 1.000000
vt 0.250000 0.490000
vt 0.875000 1.000000
vt 1.000000 1.000000
vt 0.000000 1.000000
vt 0.125000 1.000000
vt 0.125000 1.000000
vt 0.000000 1.000000
vt 0.250000 1.000000
vt 0.375000 1.000000
vt 0.250000 1.000000
vt 0.625000 1.000000
vt 0.500000 1.000000
vt 0.875000 1.000000
vt 0.750000 1.000000
vt 1.000000 1.000000
vt 1.000000 1.000000
vt 0.080294 0.080294
vt 0.010000 0.250000
vt 0.080294 0.419706
vt 0.875000 0.585488
vt 0.875000 1.000000
vt 0.750000 1.000000
vt 0.750000 0.585488
vt 0.625000 1.000000
vt 0.625000 0.585488
vt 0.500000 1.000000
vt 0.500000 0.585488
vt 0.375000 1.000000
vt 0.375000 0.585488
vt 0.250000 1.000000
vt 0.250000 0.585488
vt 0.125000 1.000000
vt 0.125000 0.585488
vt 0.000000 1.000000
vt 0.000000 0.585488
vt 0.125000 0.500000
vt 0.250000 0.500000
vt 0.375000 0.500000
vt 0.500000 0.500000
vt 0.625000 0.500000
vt 0.750000 0.500000
vt 0.875000 0.500000
vt 1.000000 0.500000
vt 1.000000 0.585488
vt 0.419706 0.080294
vt 0.250000 0.010000
vt 0.250000 0.010000
vt 0.419706 0.080294
vt 0.419706 0.419706
vt 0.250000 0.490000
vt 0.080294 0.419706
vt 0.010000 0.250000
vt 0.080294 0.080294
vt 0.490000 0.250000
vt 0.500000 1.000000
vt 0.375000 1.000000
vt 0.490000 0.250000
vt 0.625000 1.000000
vt 0.419706 0.419706
vt 0.750000 1.000000
vt 0.250000 0.490000
vt 0.875000 1.000000
vt 1.000000 1.000000
vt 0.000000 1.000000
vt 0.125000 1.000000
vt 0.125000 1.000000
vt 0.000000 1.000000
vt 0.250000 1.000000
vt 0.375000 1.000000
vt 0.250000 1.000000
vt 0.625000 1.000000
vt 0.500000 1.000000
vt 0.875000 1.000000
vt 0.750000 1.000000
vt 1.000000 1.000000
vt 1.000000 1.000000
vt 0.080294 0.080294
vt 0.010000 0.250000
vt 0.080294 0.419706
vt 0.000000 1.000000
vt 1.000000 1.000000
vt 1.000000 0.862595
vt 0.627376 0.930949
vt 0.590069 0.944042
vt 0.500000 0.949465
vt 0.409931 0.944042
vt 0.372623 0.930949
vt 0.000000 0.862595
vt 0.409931 0.917856
vt 0.500000 0.912433
vt 0.590069 0.917856
vt 0.627376 0.797463
vt 0.590069 0.808248
vt 0.500000 0.812716
vt 0.409931 0.808248
vt 0.372623 0.797463
vt 0.521821 0.450120
vt 0.500000 0.451203
vt 0.500000 0.541203
vt 0.532766 0.542828
vt 0.500000 0.782211
vt 0.532766 0.783836
vt 0.500000 0.692211
vt 0.467234 0.690586
vt 0.409931 0.446735
vt 0.372623 0.435951
vt 0.409931 0.425166
vt 0.488380 0.421275
vt 0.467233 0.329073
vt 0.409931 0.326231
vt 0.372623 0.315446
vt 0.409931 0.304661
vt 0.500000 0.300194
vt 0.467234 0.208569
vt 0.409931 0.205727
vt 0.372623 0.194942
vt 0.409931 0.184157
vt 0.500000 0.179690
vt 0.590069 0.184157
vt 0.627376 0.194942
vt 0.590069 0.205727
vt 0.500000 0.210194
vt 0.532766 0.301819
vt 0.590069 0.304661
vt 0.627376 0.315446
vt 0.590069 0.326231
vt 0.500000 0.330698
vt 0.500000 0.420698
vt 0.590069 0.425166
vt 0.627376 0.435950
vt 0.590069 0.446735
vt 0.590069 0.545670
vt 0.627376 0.556455
vt 0.590069 0.567240
vt 0.500000 0.571707
vt 0.532766 0.663332
vt 0.590069 0.666174
vt 0.627376 0.676959
vt 0.590069 0.687744
vt 0.590069 0.786679
vt 1.000000 0.000000
vt 0.000000 0.000000
vt 0.409931 0.786679
vt 0.409931 0.687744
vt 0.372623 0.676959
vt 0.409931 0.666174
vt 0.500000 0.661707
vt 0.467233 0.570082
vt 0.409931 0.567240
vt 0.372623 0.556455
vt 0.409931 0.545670
vt 1.000000 0.930949
vt 1.000000 1.000000
vt 1.000000 0.862595
vt 1.000000 0.926186
vt 1.000000 0.930949
vt 1.000000 0.935712
vt 1.000000 0.930949
vt 1.000000 0.926186
vt 1.000000 0.935712
vt 1.000000 0.930949
vt 1.000000 0.944042
vt 1.000000 0.949466
vt 1.000000 0.944042
vt 1.000000 0.944042
vt 1.000000 0.949466
vt 1.000000 0.944042
vt 1.000000 0.930949
vt 1.000000 0.917856
vt 1.000000 0.912433
vt 1.000000 0.917856
vt 1.000000 0.917856
vt 1.000000 0.912433
vt 1.000000 0.917856
vt 1.000000 0.917856
vt 1.000000 0.912433
vt 1.000000 0.917856
vt 1.000000 0.926186
vt 1.000000 0.930949
vt 1.000000 0.917856
vt 1.000000 0.912433
vt 1.000000 0.917856
vt 1.000000 0.930949
vt 1.000000 0.944042
vt 1.000000 0.949466
vt 1.000000 0.944042
vt 1.000000 0.935712
vt 1.000000 0.930949
vt 1.000000 0.944042
vt 1.000000 0.949466
vt 1.000000 0.944042
vt 1.000000 0.862595
vt 1.000000 1.000000
vt 0.000000 1.000000
vt 0.000000 0.862595
vt 0.372623 0.930949
vt 0.409931 0.944042
vt 0.500000 0.949466
vt 0.590069 0.944042
vt 0.627376 0.930949
vt 0.590069 0.917856
vt 0.500000 0.912433
vt 0.409931 0.917856
vt 0.469934 0.301685
vt 0.409931 0.304661
vt 0.372623 0.315446
vt 0.409931 0.326231
vt 0.500000 0.330698
vt 0.488380 0.421275
vt 0.409931 0.425166
vt 0.372623 0.435951
vt 0.409931 0.446735
vt 0.500000 0.451203
vt 0.469934 0.542694
vt 0.409931 0.545670
vt 0.372623 0.556455
vt 0.409931 0.567240
vt 0.500000 0.571707
vt 0.469934 0.663198
vt 0.409931 0.666174
vt 0.372623 0.676959
vt 0.409931 0.687744
vt 0.500000 0.692211
vt 0.469934 0.783702
vt 0.409931 0.786679
vt 0.372623 0.797463
vt 0.000000 0.000000
vt 1.000000 0.000000
vt 0.627376 0.797464
vt 0.590069 0.786679
vt 0.500000 0.782211
vt 0.530066 0.690720
vt 0.590069 0.687744
vt 0.627376 0.676959
vt 0.590069 0.666174
vt 0.500000 0.661707
vt 0.530066 0.570216
vt 0.590069 0.567240
vt 0.627376 0.556455
vt 0.590069 0.545670
vt 0.500000 0.541203
vt 0.521821 0.450120
vt 0.590069 0.446735
vt 0.627376 0.435950
vt 0.590069 0.425166
vt 0.500000 0.420698
vt 0.530066 0.329207
vt 0.590069 0.326231
vt 0.627376 0.315446
vt 0.590069 0.304661
vt 0.500000 0.300194
vt 0.530066 0.208703
vt 0.590069 0.205727
vt 0.627376 0.194942
vt 0.590069 0.184157
vt 0.500000 0.179690
vt 0.409931 0.184157
vt 0.372623 0.194942
vt 0.409931 0.205727
vt 0.500000 0.210194
vt 0.409931 0.808248
vt 0.500000 0.812716
vt 0.590069 0.808248
vt 1.000000 0.926282
vt 1.000000 0.930949
vt 1.000000 0.862595
vt 1.000000 0.930949
vt 1.000000 0.917856
vt 1.000000 0.912433
vt 1.000000 0.917856
vt 1.000000 0.926282
vt 1.000000 0.930949
vt 1.000000 0.917856
vt 1.000000 0.912433
vt 1.000000 0.917856
vt 1.000000 0.930949
vt 1.000000 0.944042
vt 1.000000 0.949466
vt 1.000000 0.944042
vt 1.000000 0.935617
vt 1.000000 0.930949
vt 1.000000 0.944042
vt 1.000000 0.949466
vt 1.000000 0.944042
vt 1.000000 0.935617
vt 1.000000 1.000000
vt 1.000000 0.944042
vt 1.000000 0.949466
vt 1.000000 0.944042
vt 1.000000 0.935617
vt 1.000000 0.930949
vt 1.000000 0.944042
vt 1.000000 0.949466
vt 1.000000 0.944042
vt 1.000000 0.930949
vt 1.000000 0.917856
vt 1.000000 0.912433
vt 1.000000 0.917856
vt 1.000000 0.926281
vt 1.000000 0.930949
vt 1.000000 0.917856
vt 1.000000 0.912433
vt 1.000000 0.917856
vt 0.125000 0.821752
vt 0.125000 0.681896
vt 0.000000 0.681896
vt 0.000000 0.821752
vt 0.875000 0.821752
vt 0.875000 0.681896
vt 0.750000 0.681896
vt 0.750000 0.821752
vt 0.794562 0.821752
vt 0.704526 0.681896
vt 0.625000 0.681896
vt 0.625000 0.821752
vt 0.500000 0.681896
vt 0.375000 0.681896
vt 0.375000 0.821752
vt 0.500000 0.821752
vt 0.250000 0.681896
vt 0.250000 0.821752
vt 0.294562 0.821752
vt 1.000000 0.821752
vt 1.000000 0.681896
vt 0.204526 0.681896
vt 0.125000 0.821752
vt 0.125000 0.681896
vt 0.045474 0.681896
vt 0.000000 0.681896
vt 0.000000 0.821752
vt 0.875000 0.821752
vt 0.875000 0.681896
vt 0.750000 0.681896
vt 0.750000 0.821752
vt 0.625000 0.681896
vt 0.625000 0.821752
vt 0.500000 0.681896
vt 0.375000 0.681896
vt 0.375000 0.821752
vt 0.500000 0.821752
vt 0.250000 0.681896
vt 0.250000 0.821752
vt 1.000000 0.821752
vt 1.000000 0.681896
vt 0.958274 0.821752
vt 0.125000 0.821752
vt 0.125000 0.681896
vt 0.045474 0.681896
vt 0.000000 0.681896
vt 0.000000 0.821752
vt 0.875000 0.821752
vt 0.875000 0.681896
vt 0.750000 0.681896
vt 0.750000 0.821752
vt 0.625000 0.681896
vt 0.625000 0.821752
vt 0.500000 0.681896
vt 0.375000 0.681896
vt 0.375000 0.821752
vt 0.458274 0.821752
vt 0.500000 0.821752
vt 0.250000 0.681896
vt 0.250000 0.821752
vt 1.000000 0.821752
vt 1.000000 0.681896
vt 0.958274 0.821752
vt 0.545474 0.681896
vt 0.125000 0.821752
vt 0.125000 0.681896
vt 0.000000 0.681896
vt 0.000000 0.821752
vt 0.750000 0.681896
vt 0.750000 0.821752
vt 0.875000 0.821752
vt 0.875000 0.681896
vt 0.625000 0.681896
vt 0.625000 0.821752
vt 0.500000 0.681896
vt 0.483874 0.681896
vt 0.375000 0.681896
vt 0.375000 0.821752
vt 0.483874 0.821752
vt 0.500000 0.821752
vt 0.250000 0.681896
vt 0.250000 0.821752
vt 1.000000 0.821752
vt 1.000000 0.681896
vt 0.969716 0.681896
vt 0.969716 0.821752
vt 0.125000 0.821752
vt 0.125000 0.681896
vt 0.045474 0.681896
vt 0.000000 0.681896
vt 0.000000 0.821752
vt 0.875000 0.821752
vt 0.875000 0.681896
vt 0.750000 0.681896
vt 0.750000 0.821752
vt 0.625000 0.681896
vt 0.625000 0.821752
vt 0.500000 0.681896
vt 0.375000 0.681896
vt 0.375000 0.821752
vt 0.458274 0.821752
vt 0.500000 0.821752
vt 0.250000 0.681896
vt 0.250000 0.821752
vt 1.000000 0.821752
vt 1.000000 0.681896
vt 0.958274 0.821752
vt 0.545474 0.681896
vt 0.125000 0.821752
vt 0.125000 0.681896
vt 0.045474 0.681896
vt 0.000000 0.681896
vt 0.000000 0.821752
vt 0.750000 0.681896
vt 0.750000 0.821752
vt 0.875000 0.821752
vt 0.875000 0.681896
vt 0.625000 0.681896
vt 0.625000 0.821752
vt 0.500000 0.681896
vt 0.375000 0.681896
vt 0.375000 0.821752
vt 0.458274 0.821752
vt 0.500000 0.821752
vt 0.250000 0.681896
vt 0.250000 0.821752
vt 1.000000 0.821752
vt 1.000000 0.681896
vt 0.958274 0.821752
vt 0.545474 0.681896
vt 0.125000 0.821752
vt 0.125000 0.681896
vt 0.000000 0.681896
vt 0.000000 0.821752
vt 0.875000 0.821752
vt 0.875000 0.681896
vt 0.750000 0.681896
vt 0.750000 0.821752
vt 0.625000 0.681896
vt 0.625000 0.821752
vt 0.500000 0.681896
vt 0.375000 0.681896
vt 0.375000 0.821752
vt 0.458274 0.821752
vt 0.500000 0.821752
vt 0.250000 0.681896
vt 0.250000 0.821752
vt 1.000000 0.821752
vt 1.000000 0.681896
vt 0.545474 0.681896
vt 0.125000 0.821752
vt 0.125000 0.681896
vt 0.000000 0.681896
vt 0.000000 0.821752
vt 0.875000 0.821752
vt 0.875000 0.681896
vt 0.750000 0.681896
vt 0.750000 0.821752
vt 0.625000 0.681896
vt 0.625000 0.821752
vt 0.500000 0.681896
vt 0.375000 0.681896
vt 0.375000 0.821752
vt 0.500000 0.821752
vt 0.250000 0.681896
vt 0.250000 0.821752
vt 1.000000 0.821752
vt 1.000000 0.681896
vt 0.000000 0.681896
vt 0.000000 0.821752
vt 0.125000 0.821752
vt 0.125000 0.681896
vt 0.750000 0.681896
vt 0.750000 0.821752
vt 0.794562 0.821752
vt 0.875000 0.821752
vt 0.875000 0.681896
vt 0.704526 0.681896
vt 0.625000 0.681896
vt 0.625000 0.821752
vt 0.500000 0.681896
vt 0.375000 0.681896
vt 0.375000 0.821752
vt 0.500000 0.821752
vt 0.294562 0.821752
vt 0.250000 0.681896
vt 0.250000 0.821752
vt 1.000000 0.821752
vt 1.000000 0.681896
vt 0.204526 0.681896
vt 0.000000 0.681896
vt 0.000000 0.821752
vt 0.125000 0.821752
vt 0.125000 0.681896
vt 0.750000 0.681896
vt 0.750000 0.821752
vt 0.875000 0.821752
vt 0.875000 0.681896
vt 0.625000 0.681896
vt 0.625000 0.821752
vt 0.500000 0.681896
vt 0.375000 0.681896
vt 0.375000 0.821752
vt 0.500000 0.821752
vt 0.294562 0.821752
vt 0.250000 0.681896
vt 0.250000 0.821752
vt 1.000000 0.821752
vt 1.000000 0.681896
vt 0.204526 0.681896
vt 0.125000 0.821752
vt 0.125000 0.681896
vt 0.000000 0.681896
vt 0.000000 0.821752
vt 0.875000 0.821752
vt 0.875000 0.681896
vt 0.750000 0.681896
vt 0.750000 0.821752
vt 0.794562 0.821752
vt 0.704526 0.681896
vt 0.625000 0.681896
vt 0.625000 0.821752
vt 0.500000 0.681896
vt 0.375000 0.681896
vt 0.375000 0.821752
vt 0.500000 0.821752
vt 0.250000 0.681896
vt 0.250000 0.821752
vt 1.000000 0.821752
vt 1.000000 0.681896
vt 0.233654 0.483229
vt 0.233654 0.016771
vt 0.266346 0.016771
vt 0.266346 0.483229
vt 0.233654 0.483229
vt 0.233654 0.016771
vt 0.266346 0.016771
vt 0.266346 0.483229
vt 0.375000 0.375000
vt 0.625000 0.375000
vt 0.625000 0.500000
vt 0.375000 0.500000
vt 0.375000 0.875000
vt 0.625000 0.875000
vt 0.625000 1.000000
vt 0.375000 1.000000
vt 0.375000 0.750000
vt 0.625000 0.750000
vt 0.375000 0.250000
vt 0.625000 0.250000
vt 0.750000 0.743243
vt 0.750000 0.750000
vt 0.625000 0.743243
vt 0.625000 0.736486
vt 0.625000 0.729730
vt 0.625000 0.722973
vt 0.625000 0.716216
vt 0.625000 0.709459
vt 0.625000 0.702703
vt 0.625000 0.695946
vt 0.625000 0.689189
vt 0.625000 0.682432
vt 0.625000 0.675676
vt 0.625000 0.668919
vt 0.625000 0.662162
vt 0.625000 0.655405
vt 0.625000 0.648649
vt 0.625000 0.641892
vt 0.625000 0.635135
vt 0.625000 0.628378
vt 0.625000 0.621622
vt 0.625000 0.614865
vt 0.625000 0.608108
vt 0.625000 0.601351
vt 0.625000 0.594595
vt 0.625000 0.587838
vt 0.625000 0.581081
vt 0.625000 0.574324
vt 0.625000 0.567568
vt 0.625000 0.560811
vt 0.625000 0.554054
vt 0.625000 0.547297
vt 0.625000 0.540541
vt 0.625000 0.533784
vt 0.625000 0.527027
vt 0.625000 0.520270
vt 0.625000 0.513514
vt 0.625000 0.506757
vt 0.750000 0.500000
vt 0.750000 0.506757
vt 0.750000 0.513514
vt 0.750000 0.520270
vt 0.750000 0.527027
vt 0.750000 0.533784
vt 0.750000 0.540541
vt 0.750000 0.547297
vt 0.750000 0.554054
vt 0.750000 0.560811
vt 0.750000 0.567568
vt 0.750000 0.574324
vt 0.750000 0.581081
vt 0.750000 0.587838
vt 0.750000 0.594595
vt 0.750000 0.601351
vt 0.750000 0.608108
vt 0.750000 0.614865
vt 0.750000 0.621622
vt 0.750000 0.628378
vt 0.750000 0.635135
vt 0.750000 0.641892
vt 0.750000 0.648649
vt 0.750000 0.655405
vt 0.750000 0.662162
vt 0.750000 0.668919
vt 0.750000 0.675676
vt 0.750000 0.682432
vt 0.750000 0.689189
vt 0.750000 0.695946
vt 0.750000 0.702703
vt 0.750000 0.709459
vt 0.750000 0.716216
vt 0.750000 0.722973
vt 0.750000 0.729730
vt 0.750000 0.736486
vt 0.625000 0.243243
vt 0.375000 0.243243
vt 0.375000 0.236486
vt 0.375000 0.229730
vt 0.375000 0.222973
vt 0.375000 0.216216
vt 0.375000 0.209459
vt 0.375000 0.202703
vt 0.375000 0.195946
vt 0.375000 0.189189
vt 0.375000 0.182432
vt 0.375000 0.175676
vt 0.375000 0.167100
vt 0.375000 0.158784
vt 0.375000 0.150190
vt 0.375000 0.141892
vt 0.375000 0.135135
vt 0.375000 0.128378
vt 0.375000 0.121622
vt 0.375000 0.114865
vt 0.375000 0.108108
vt 0.375000 0.101351
vt 0.375000 0.094595
vt 0.375000 0.087838
vt 0.375000 0.081081
vt 0.375000 0.074324
vt 0.375000 0.067568
vt 0.375000 0.060811
vt 0.375000 0.054054
vt 0.375000 0.047297
vt 0.375000 0.040541
vt 0.375000 0.033784
vt 0.375000 0.027027
vt 0.375000 0.020270
vt 0.375000 0.013514
vt 0.375000 0.006757
vt 0.375000 0.000000
vt 0.625000 0.000000
vt 0.625000 0.006757
vt 0.625000 0.013514
vt 0.625000 0.020270
vt 0.625000 0.027027
vt 0.625000 0.033784
vt 0.625000 0.040541
vt 0.625000 0.047297
vt 0.625000 0.054054
vt 0.625000 0.060811
vt 0.625000 0.067568
vt 0.625000 0.074324
vt 0.625000 0.081081
vt 0.625000 0.087838
vt 0.625000 0.094595
vt 0.625000 0.101351
vt 0.625000 0.108108
vt 0.625000 0.114865
vt 0.625000 0.121622
vt 0.625000 0.128378
vt 0.625000 0.135135
vt 0.625000 0.141892
vt 0.625000 0.148649
vt 0.625000 0.155405
vt 0.625000 0.162162
vt 0.625000 0.168919
vt 0.625000 0.175676
vt 0.625000 0.182432
vt 0.625000 0.189189
vt 0.625000 0.195946
vt 0.625000 0.202703
vt 0.625000 0.209459
vt 0.625000 0.216216
vt 0.625000 0.222973
vt 0.625000 0.229730
vt 0.625000 0.236486
vt 0.375000 0.743243
vt 0.375000 0.736486
vt 0.375000 0.729730
vt 0.375000 0.722973
vt 0.375000 0.716216
vt 0.375000 0.709459
vt 0.375000 0.702703
vt 0.375000 0.695946
vt 0.375000 0.689189
vt 0.375000 0.682432
vt 0.375000 0.675676
vt 0.375000 0.668919
vt 0.375000 0.662162
vt 0.375000 0.655405
vt 0.375000 0.648649
vt 0.375000 0.641892
vt 0.375000 0.635135
vt 0.375000 0.628378
vt 0.375000 0.621622
vt 0.375000 0.614865
vt 0.375000 0.608108
vt 0.375000 0.599810
vt 0.375000 0.591216
vt 0.375000 0.582900
vt 0.375000 0.574324
vt 0.375000 0.567568
vt 0.375000 0.560811
vt 0.375000 0.554054
vt 0.375000 0.547297
vt 0.375000 0.540541
vt 0.375000 0.533784
vt 0.375000 0.527027
vt 0.375000 0.520270
vt 0.375000 0.513514
vt 0.375000 0.506757
vt 0.875000 0.743243
vt 0.875000 0.750000
vt 0.875000 0.500000
vt 0.875000 0.506757
vt 0.875000 0.513514
vt 0.875000 0.520270
vt 0.875000 0.527027
vt 0.875000 0.533784
vt 0.875000 0.540541
vt 0.875000 0.547297
vt 0.875000 0.554054
vt 0.875000 0.560811
vt 0.875000 0.567568
vt 0.875000 0.574324
vt 0.875000 0.581081
vt 0.875000 0.587838
vt 0.875000 0.594595
vt 0.875000 0.601351
vt 0.875000 0.608108
vt 0.875000 0.614865
vt 0.875000 0.621622
vt 0.875000 0.628378
vt 0.875000 0.635135
vt 0.875000 0.641892
vt 0.875000 0.648649
vt 0.875000 0.655405
vt 0.875000 0.662162
vt 0.875000 0.668919
vt 0.875000 0.675676
vt 0.875000 0.682432
vt 0.875000 0.689189
vt 0.875000 0.695946
vt 0.875000 0.702703
vt 0.875000 0.709459
vt 0.875000 0.716216
vt 0.875000 0.722973
vt 0.875000 0.729730
vt 0.875000 0.736486
vt 1.000000 0.500000
vt 1.000000 1.000000
vt 0.875000 1.000000
vt 0.875000 0.500000
vt 0.750000 1.000000
vt 0.750000 0.500000
vt 0.625000 1.000000
vt 0.625000 0.500000
vt 0.500000 1.000000
vt 0.500000 0.500000
vt 0.375000 1.000000
vt 0.375000 0.500000
vt 0.250000 1.000000
vt 0.250000 0.500000
vt 0.500000 0.500000
vt 0.625000 0.500000
vt 0.125000 1.000000
vt 0.125000 0.500000
vt 0.000000 1.000000
vt 0.000000 0.500000
vt 0.375000 1.000000
vt 0.250000 1.000000
vt 0.419706 0.419706
vt 0.250000 0.490000
vt 0.080294 0.419706
vt 0.010000 0.250000
vt 0.080294 0.080294
vt 0.250000 0.010000
vt 0.419706 0.080294
vt 0.490000 0.250000
vt 0.750000 0.490000
vt 0.919706 0.419706
vt 0.990000 0.250000
vt 0.919706 0.080294
vt 0.750000 0.010000
vt 0.580294 0.080294
vt 0.510000 0.250000
vt 0.580294 0.419706
vt 0.625000 1.000000
vt 0.500000 1.000000
vt 0.750000 0.500000
vt 0.875000 0.500000
vt 0.125000 0.500000
vt 0.250000 0.500000
vt 0.875000 1.000000
vt 0.750000 1.000000
vt 0.125000 1.000000
vt 0.375000 0.500000
vt 0.000000 0.500000
vt 1.000000 0.500000
vt 0.000000 1.000000
vt 1.000000 1.000000
vt 1.000000 0.500000
vt 1.000000 1.000000
vt 0.875000 1.000000
vt 0.875000 0.500000
vt 0.750000 1.000000
vt 0.750000 0.500000
vt 0.625000 1.000000
vt 0.625000 0.500000
vt 0.500000 1.000000
vt 0.500000 0.500000
vt 0.375000 1.000000
vt 0.375000 0.500000
vt 0.250000 1.000000
vt 0.250000 0.500000
vt 0.500000 0.500000
vt 0.625000 0.500000
vt 0.125000 1.000000
vt 0.125000 0.500000
vt 0.000000 1.000000
vt 0.000000 0.500000
vt 0.375000 1.000000
vt 0.250000 1.000000
vt 0.419706 0.419706
vt 0.250000 0.490000
vt 0.080294 0.419706
vt 0.010000 0.250000
vt 0.080294 0.080294
vt 0.250000 0.010000
vt 0.419706 0.080294
vt 0.490000 0.250000
vt 0.750000 0.490000
vt 0.919706 0.419706
vt 0.990000 0.250000
vt 0.919706 0.080294
vt 0.750000 0.010000
vt 0.580294 0.080294
vt 0.510000 0.250000
vt 0.580294 0.419706
vt 0.625000 1.000000
vt 0.500000 1.000000
vt 0.750000 0.500000
vt 0.875000 0.500000
vt 0.125000 0.500000
vt 0.250000 0.500000
vt 0.875000 1.000000
vt 0.750000 1.000000
vt 0.125000 1.000000
vt 0.375000 0.500000
vt 0.000000 0.500000
vt 1.000000 0.500000
vt 0.000000 1.000000
vt 1.000000 1.000000
vt 0.401159 0.000000
vt 0.481595 0.000000
vt 0.481595 0.250000
vt 0.401159 0.250000
vt 0.481595 0.500000
vt 0.401159 0.500000
vt 0.401159 0.750000
vt 0.481595 0.750000
vt 0.481595 1.000000
vt 0.401159 1.000000
vt 0.519229 0.750000
vt 0.604838 0.750000
vt 0.604838 1.000000
vt 0.519229 1.000000
vt 0.519229 0.500000
vt 0.604838 0.500000
vt 0.645162 0.520162
vt 0.854838 0.520162
vt 0.854838 0.729838
vt 0.645162 0.729838
vt 0.507149 1.000746
vt 0.507149 0.750000
vt 0.493158 1.000620
vt 0.493158 0.750000
vt 0.507149 0.500000
vt 0.493158 0.500000
vt 0.519229 0.250000
vt 0.507149 0.250000
vt 0.493158 0.250000
vt 0.519229 0.000000
vt 0.507149 -0.000746
vt 0.493158 -0.000620
vt 0.604838 0.250000
vt 0.864919 0.510081
vt 0.864919 0.739919
vt 0.875000 0.502701
vt 0.875000 0.747299
vt 0.614919 0.002701
vt 0.614919 0.247299
vt 0.604838 0.000000
vt 0.635081 0.510081
vt 0.627701 0.500000
vt 0.872299 0.500000
vt 0.614919 0.252701
vt 0.614919 0.497299
vt 0.635081 0.739919
vt 0.614919 0.747299
vt 0.614919 0.502701
vt 0.872299 0.750000
vt 0.627701 0.750000
vt 0.614919 0.752701
vt 0.614919 0.997299
vt 0.145981 0.520981
vt 0.145981 0.729019
vt 0.136305 0.738695
vt 0.136305 0.511305
vt 0.125000 0.744150
vt 0.125000 0.505850
vt 0.389095 0.247259
vt 0.389095 0.002741
vt 0.354019 0.520981
vt 0.363695 0.511305
vt 0.130850 0.500000
vt 0.369150 0.500000
vt 0.389095 0.497259
vt 0.389095 0.252741
vt 0.354019 0.729019
vt 0.363695 0.738695
vt 0.389095 0.502741
vt 0.389095 0.747259
vt 0.369150 0.750000
vt 0.130850 0.750000
vt 0.389095 0.997259
vt 0.389095 0.752741
vt 0.266346 0.483229
vt 0.266346 0.016771
vt 0.233654 0.016771
vt 0.233654 0.483229
vt 0.930880 0.391639
vt 1.000000 0.000000
vt 0.000000 0.000000
vt 0.000000 1.000000
vt 1.000000 1.000000
vt 0.930880 0.570814
vt 0.915302 0.607922
vt 0.899724 0.570814
vt 0.893272 0.481227
vt 0.899724 0.391639
vt 0.915302 0.354531
vt 0.937332 0.481227
vt 1.000000 0.000000
vt 1.000000 1.000000
vt 0.930880 0.570814
vt 0.937332 0.481227
vt 0.930880 0.391639
vt 0.000000 1.000000
vt 0.000000 0.000000
vt 0.915302 0.354531
vt 0.899724 0.391639
vt 0.893272 0.481227
vt 0.899724 0.570814
vt 0.915302 0.607922
vt 0.750000 0.852560
vt 0.875000 0.852560
vt 0.875000 0.868508
vt 0.750000 0.868508
vt 0.125000 0.852560
vt 0.250000 0.852560
vt 0.250000 0.868508
vt 0.125000 0.868508
vt 0.375000 0.852560
vt 0.500000 0.852560
vt 0.500000 0.868508
vt 0.375000 0.868508
vt 0.625000 0.852560
vt 0.625000 0.868508
vt 1.000000 0.852560
vt 1.000000 0.868508
vt 0.000000 0.852560
vt 0.000000 0.868508
vt 0.125000 0.572821
vt 0.000000 0.618764
vt 0.000000 0.618764
vt 0.250000 0.510835
vt 0.191565 0.562687
vt 0.375000 0.572821
vt 0.308435 0.562687
vt 0.500000 0.618764
vt 0.500000 0.618764
vt 0.625000 0.572820
vt 0.750000 0.510834
vt 0.691563 0.562687
vt 0.875000 0.572821
vt 0.808437 0.562687
vt 1.000000 0.618764
vt 1.000000 0.958122
vt 0.875000 0.958122
vt 0.750000 0.958122
vt 0.625000 0.958122
vt 0.500000 0.958122
vt 0.375000 0.958122
vt 0.250000 0.958122
vt 0.006913 0.250000
vt 0.078112 0.078112
vt 0.250000 0.006913
vt 0.421888 0.078112
vt 0.493087 0.250000
vt 0.421888 0.421888
vt 0.250000 0.493087
vt 0.078112 0.421888
vt 0.125000 0.958122
vt 0.000000 0.958122
vt -0.000962 0.650963
vt -0.000058 0.840417
vt 0.102367 0.812672
vt 0.124997 0.777003
vt 0.124995 0.714377
vt 0.102264 0.678708
vt 0.172873 0.745690
vt 0.875003 0.777004
vt 0.875005 0.714376
vt 0.827126 0.745690
vt 1.000058 0.840417
vt 1.000058 0.840417
vt 1.000962 0.650963
vt 1.000962 0.650963
vt 0.897736 0.678708
vt 0.897633 0.812672
vt 0.375000 0.892351
vt 0.625000 0.892351
vt 0.625000 0.988109
vt 0.619988 0.992659
vt 0.605288 0.996517
vt 0.582467 0.999095
vt 0.555712 1.000000
vt 0.444288 1.000000
vt 0.417502 0.999101
vt 0.394623 0.996540
vt 0.379977 0.992709
vt 0.375000 0.988188
vt 0.375000 0.761684
vt 0.382056 0.757213
vt 0.403605 0.753422
vt 0.438587 0.750889
vt 0.479211 0.750000
vt 0.520789 0.750000
vt 0.561289 0.750905
vt 0.596033 0.753483
vt 0.617800 0.757341
vt 0.625000 0.761891
vt 0.767351 0.500000
vt 0.863109 0.500000
vt 0.863109 0.750000
vt 0.767351 0.750000
vt 0.479211 0.500000
vt 0.520789 0.500000
vt 0.375000 0.261812
vt 0.379977 0.257291
vt 0.394623 0.253460
vt 0.417502 0.250899
vt 0.444288 0.250000
vt 0.555712 0.250000
vt 0.582467 0.250905
vt 0.605288 0.253483
vt 0.619988 0.257341
vt 0.625000 0.261891
vt 0.625000 0.357649
vt 0.375000 0.357649
vt 0.625000 0.488109
vt 0.617800 0.492659
vt 0.596033 0.496517
vt 0.561289 0.499095
vt 0.438587 0.499111
vt 0.403605 0.496578
vt 0.382056 0.492787
vt 0.375000 0.488316
vt 0.444288 0.000000
vt 0.555712 0.000000
vt 0.636891 0.500000
vt 0.636891 0.750000
vt 0.232649 0.500000
vt 0.363316 0.500000
vt 0.363316 0.750000
vt 0.232649 0.750000
vt 0.136812 0.500000
vt 0.136812 0.750000
vt 0.132188 0.750000
vt 0.132188 0.500000
vt 0.125000 0.750000
vt 0.125000 0.500000
vt 0.375000 0.250000
vt 0.375000 0.000000
vt 0.417163 0.000000
vt 0.417163 0.250000
vt 0.867659 0.500000
vt 0.867659 0.750000
vt 0.875000 0.500000
vt 0.875000 0.750000
vt 0.625000 0.000000
vt 0.625000 0.250000
vt 0.582227 0.250000
vt 0.582227 0.000000
vt 0.367952 0.500000
vt 0.367952 0.750000
vt 0.375000 0.500000
vt 0.375000 0.750000
vt 0.437858 0.500000
vt 0.437858 0.750000
vt 0.632341 0.750000
vt 0.632341 0.500000
vt 0.625000 0.750000
vt 0.625000 0.500000
vt 0.560669 0.750000
vt 0.560669 0.500000
vt 0.750000 0.852560
vt 0.875000 0.852560
vt 0.875000 0.868508
vt 0.750000 0.868508
vt 0.125000 0.852560
vt 0.250000 0.852560
vt 0.250000 0.868508
vt 0.125000 0.868508
vt 0.375000 0.852560
vt 0.500000 0.852560
vt 0.500000 0.868508
vt 0.375000 0.868508
vt 0.625000 0.852560
vt 0.625000 0.868508
vt 1.000000 0.852560
vt 1.000000 0.868508
vt 0.000000 0.852560
vt 0.000000 0.868508
vt 0.750000 0.490000
vt 0.919706 0.419706
vt 0.990000 0.250000
vt 0.919706 0.080294
vt 0.750000 0.010000
vt 0.580294 0.080294
vt 0.510000 0.250000
vt 0.580294 0.419706
vt 0.124992 0.641746
vt -0.001006 0.641746
vt 0.250000 0.641746
vt 0.375000 0.641746
vt 0.500000 0.641746
vt 0.625000 0.641746
vt 0.750000 0.641746
vt 0.875008 0.641746
vt 1.001006 0.641746
vt 1.000000 0.958122
vt 0.875000 0.958122
vt 0.750000 0.958122
vt 0.625000 0.958122
vt 0.500000 0.958122
vt 0.375000 0.958122
vt 0.250000 0.958122
vt 0.421888 0.421888
vt 0.250000 0.493087
vt 0.078112 0.421888
vt 0.006913 0.250000
vt 0.078112 0.078112
vt 0.250000 0.006913
vt 0.421888 0.078112
vt 0.493087 0.250000
vt 0.125000 0.958122
vt 0.000000 0.958122
vt 0.125000 0.625081
vt 0.250000 0.625081
vt 0.580294 0.080294
vt 0.510000 0.250000
vt 0.919706 0.419706
vt 0.990000 0.250000
vt 0.375000 0.625081
vt 0.500000 0.625081
vt 0.750000 0.490000
vt 0.750000 0.010000
vt 0.625000 0.625081
vt 1.000000 0.500000
vt 1.000000 0.625081
vt 0.875000 0.625081
vt 0.875000 0.500000
vt 0.750000 0.625081
vt 0.750000 0.500000
vt 0.625000 0.500000
vt 0.500000 0.500000
vt 0.375000 0.500000
vt 0.250000 0.500000
vt 0.125000 0.500000
vt 0.000000 0.625081
vt 0.000000 0.500000
vt 0.919706 0.080294
vt 0.580294 0.419706
vt 1.000000 0.500000
vt 0.875000 0.500000
vt 0.875000 1.000000
vt 1.000000 1.000000
vt 0.750000 0.500000
vt 0.750000 1.000000
vt 0.625000 0.500000
vt 0.625000 1.000000
vt 0.500000 0.500000
vt 0.500000 1.000000
vt 0.375000 0.500000
vt 0.375000 1.000000
vt 0.250000 0.500000
vt 0.250000 1.000000
vt 0.500000 1.000000
vt 0.625000 1.000000
vt 0.125000 0.500000
vt 0.125000 1.000000
vt 0.000000 0.500000
vt 0.000000 1.000000
vt 0.750000 0.490000
vt 0.580294 0.419706
vt 0.510000 0.250000
vt 0.580294 0.080294
vt 0.750000 0.010000
vt 0.919706 0.080294
vt 0.990000 0.250000
vt 0.919706 0.419706
vt 0.419706 0.419706
vt 0.490000 0.250000
vt 0.419706 0.080294
vt 0.250000 0.010000
vt 0.080294 0.080294
vt 0.010000 0.250000
vt 0.080294 0.419706
vt 0.250000 0.490000
vt 0.125000 1.000000
vt 0.250000 1.000000
vt 0.750000 1.000000
vt 0.875000 1.000000
vt 0.375000 1.000000
vt 0.000000 1.000000
vt 1.000000 1.000000
vt 1.000000 0.500000
vt 0.875000 0.500000
vt 0.875000 1.000000
vt 1.000000 1.000000
vt 0.750000 0.500000
vt 0.750000 1.000000
vt 0.625000 0.500000
vt 0.625000 1.000000
vt 0.500000 0.500000
vt 0.500000 1.000000
vt 0.375000 0.500000
vt 0.375000 1.000000
vt 0.250000 0.500000
vt 0.250000 1.000000
vt 0.500000 1.000000
vt 0.625000 1.000000
vt 0.125000 0.500000
vt 0.125000 1.000000
vt 0.000000 0.500000
vt 0.000000 1.000000
vt 0.750000 0.490000
vt 0.580294 0.419706
vt 0.510000 0.250000
vt 0.580294 0.080294
vt 0.750000 0.010000
vt 0.919706 0.080294
vt 0.990000 0.250000
vt 0.919706 0.419706
vt 0.419706 0.419706
vt 0.490000 0.250000
vt 0.419706 0.080294
vt 0.250000 0.010000
vt 0.080294 0.080294
vt 0.010000 0.250000
vt 0.080294 0.419706
vt 0.250000 0.490000
vt 0.125000 1.000000
vt 0.250000 1.000000
vt 0.750000 1.000000
vt 0.875000 1.000000
vt 0.375000 1.000000
vt 0.000000 1.000000
vt 1.000000 1.000000
vt 0.125000 0.875000
vt 0.125000 1.000000
vt 0.875000 0.625000
vt 0.875000 0.500000
vt 0.875000 0.875000
vt 0.875000 0.750000
vt 0.125000 0.625000
vt 0.125000 0.750000
vt 0.875000 1.000000
vt 0.125000 0.500000
vt 0.882624 1.000000
vt 0.117376 1.000000
vt 1.000000 0.983710
vt 0.000000 0.983710
vt 0.011460 0.998410
vt 0.988540 0.998410
vt 0.250000 0.743243
vt 0.250000 0.750000
vt 0.125000 0.743243
vt 0.125000 0.750000
vt 0.125000 0.500000
vt 0.250000 0.500000
vt 0.250000 0.506757
vt 0.125000 0.506757
vt 0.250000 0.513514
vt 0.125000 0.513514
vt 0.250000 0.520270
vt 0.125000 0.520270
vt 0.250000 0.527027
vt 0.125000 0.527027
vt 0.250000 0.533784
vt 0.125000 0.533784
vt 0.250000 0.540541
vt 0.125000 0.540541
vt 0.250000 0.547297
vt 0.125000 0.547297
vt 0.250000 0.554054
vt 0.125000 0.554054
vt 0.250000 0.560811
vt 0.125000 0.560811
vt 0.250000 0.567568
vt 0.125000 0.567568
vt 0.250000 0.574324
vt 0.125000 0.574324
vt 0.250000 0.582900
vt 0.125000 0.582900
vt 0.250000 0.591216
vt 0.250000 0.599810
vt 0.125000 0.599810
vt 0.250000 0.608108
vt 0.125000 0.608108
vt 0.250000 0.614865
vt 0.125000 0.614865
vt 0.250000 0.621622
vt 0.125000 0.621622
vt 0.250000 0.628378
vt 0.125000 0.628378
vt 0.250000 0.635135
vt 0.125000 0.635135
vt 0.250000 0.641892
vt 0.125000 0.641892
vt 0.250000 0.648649
vt 0.125000 0.648649
vt 0.250000 0.655405
vt 0.125000 0.655405
vt 0.250000 0.662162
vt 0.125000 0.662162
vt 0.250000 0.668919
vt 0.125000 0.668919
vt 0.250000 0.675676
vt 0.125000 0.675676
vt 0.250000 0.682432
vt 0.125000 0.682432
vt 0.250000 0.689189
vt 0.125000 0.689189
vt 0.250000 0.695946
vt 0.125000 0.695946
vt 0.250000 0.702703
vt 0.125000 0.702703
vt 0.250000 0.709459
vt 0.125000 0.709459
vt 0.250000 0.716216
vt 0.125000 0.716216
vt 0.250000 0.722973
vt 0.125000 0.722973
vt 0.250000 0.729730
vt 0.125000 0.729730
vt 0.250000 0.736486
vt 0.125000 0.736486
vt 0.125000 0.591216
vt 0.000000 0.000000
vt 1.000000 0.000000
vt 1.000000 1.000000
vt 0.000000 1.000000
vt 0.000000 0.000000
vt 1.000000 0.000000
vt 1.000000 1.000000
vt 0.000000 1.000000
vt 0.000000 0.000000
vt 1.000000 0.000000
vt 1.000000 1.000000
vt 0.000000 1.000000
vt 0.000000 0.000000
vt 1.000000 0.000000
vt 1.000000 1.000000
vt 0.000000 1.000000
vt 0.000000 0.000000
vt 1.000000 0.000000
vt 1.000000 1.000000
vt 0.000000 1.000000
vt 0.000000 0.000000
vt 1.000000 0.000000
vt 1.000000 1.000000
vt 0.000000 1.000000
vt 0.000000 0.000000
vt 1.000000 0.000000
vt 1.000000 1.000000
vt 0.000000 1.000000
vt 0.000000 0.000000
vt 1.000000 0.000000
vt 1.000000 1.000000
vt 0.000000 1.000000
vt 0.000000 0.000000
vt 1.000000 0.000000
vt 1.000000 1.000000
vt 0.000000 1.000000
vt 0.000000 0.000000
vt 1.000000 0.000000
vt 1.000000 1.000000
vt 0.000000 1.000000
vt 0.000000 0.000000
vt 1.000000 0.000000
vt 1.000000 1.000000
vt 0.000000 1.000000
vt 0.000000 0.000000
vt 1.000000 0.000000
vt 1.000000 1.000000
vt 0.000000 1.000000
vt 0.000000 0.000000
vt 1.000000 0.000000
vt 1.000000 1.000000
vt 0.000000 1.000000
vt 0.000000 0.000000
vt 1.000000 0.000000
vt 1.000000 1.000000
vt 0.000000 1.000000
vt 0.000000 0.000000
vt 1.000000 0.000000
vt 1.000000 1.000000
vt 0.000000 1.000000
vt 1.000000 0.000000
vt 1.000000 1.000000
vt 0.000000 1.000000
vt 0.000000 0.000000
vt 1.000000 0.000000
vt 1.000000 1.000000
vt 0.000000 1.000000
vt 1.000000 0.000000
vt 1.000000 1.000000
vt 0.000000 1.000000
vt 0.000000 0.000000
vt 1.000000 0.000000
vt 1.000000 1.000000
vt 0.000000 1.000000
vt 0.000000 0.000000
vt 1.000000 1.000000
vt 0.000000 1.000000
vt 0.000000 0.000000
vt 1.000000 0.000000
vt 1.000000 1.000000
vt 0.000000 0.000000
vt 1.000000 0.000000
vt 0.000000 1.000000
vt 0.000000 0.000000
vt 1.000000 0.000000
vt 0.000000 0.000000
vt 1.000000 0.000000
vt 0.000000 0.000000
vt 1.000000 0.000000
vt 1.000000 1.000000
vt 0.000000 1.000000
vt 0.000000 0.000000
vt 1.000000 0.000000
vt 1.000000 1.000000
vt 0.000000 1.000000
vt 0.000000 0.000000
vt 1.000000 1.000000
vt 0.000000 1.000000
vt 0.000000 0.000000
vt 1.000000 0.000000
vt 1.000000 1.000000
vt 0.000000 1.000000
vt 0.000000 0.000000
vt 1.000000 0.000000
vt 1.000000 1.000000
vt 0.000000 1.000000
vt 0.000000 0.000000
vt 1.000000 0.000000
vt 1.000000 1.000000
vt 0.000000 1.000000
vt 0.000000 0.000000
vt 1.000000 1.000000
vt 0.000000 1.000000
vt 0.000000 0.000000
vt 1.000000 0.000000
vt 1.000000 1.000000
vt 0.000000 1.000000
vt 0.000000 0.000000
vt 1.000000 0.000000
vt 1.000000 1.000000
vt 0.000000 1.000000
vt 0.000000 0.000000
vt 1.000000 0.000000
vt 1.000000 1.000000
vt 0.000000 1.000000
vt 0.000000 0.000000
vt 1.000000 0.000000
vt 1.000000 1.000000
vt 0.000000 1.000000
vt 0.000000 0.000000
vt 1.000000 0.000000
vt 1.000000 1.000000
vt 0.000000 1.000000
vt 0.000000 0.000000
vt 1.000000 0.000000
vt 1.000000 1.000000
vt 0.000000 1.000000
vt 0.000000 0.000000
vt 1.000000 0.000000
vt 1.000000 1.000000
vt 0.000000 1.000000
vt 1.000000 1.000000
vt 0.000000 1.000000
vt 1.000000 1.000000
vt 0.000000 1.000000
vt 0.000000 0.000000
vt 1.000000 0.000000
vt 1.000000 1.000000
vt 0.000000 1.000000
vt 0.000000 0.000000
vt 1.000000 0.000000
vt 1.000000 1.000000
vt 0.000000 1.000000
vt 1.000000 1.000000
vt 0.000000 1.000000
vt 1.000000 0.000000
vt 1.000000 1.000000
vt 0.000000 1.000000
vt 1.000000 1.000000
vt 0.000000 1.000000
vt 0.000000 0.000000
vt 1.000000 0.000000
vt 1.000000 1.000000
vt 0.000000 1.000000
vt 0.000000 0.000000
vt 1.000000 0.000000
vt 1.000000 1.000000
vt 0.000000 1.000000
vt 0.000000 0.000000
vt 1.000000 0.000000
vt 1.000000 1.000000
vt 0.000000 1.000000
vt 0.000000 0.000000
vt 1.000000 0.000000
vt 1.000000 1.000000
vt 0.000000 1.000000
vt 0.000000 0.000000
vt 1.000000 0.000000
vt 1.000000 1.000000
vt 0.000000 1.000000
vt 0.000000 0.000000
vt 1.000000 0.000000
vt 1.000000 1.000000
vt 0.000000 1.000000
vt 0.000000 0.000000
vt 1.000000 0.000000
vt 1.000000 1.000000
vt 0.000000 1.000000
vt 0.000000 0.000000
vt 1.000000 0.000000
vt 1.000000 1.000000
vt 0.000000 1.000000
vt 0.000000 0.000000
vt 1.000000 0.000000
vt 1.000000 1.000000
vt 0.000000 1.000000
vt 0.000000 0.000000
vt 1.000000 0.000000
vt 1.000000 1.000000
vt 0.000000 1.000000
vt 0.000000 0.000000
vt 1.000000 0.000000
vt 1.000000 1.000000
vt 0.000000 1.000000
vt 0.000000 0.000000
vt 1.000000 0.000000
vt 1.000000 1.000000
vt 0.000000 1.000000
vt 0.000000 0.000000
vt 1.000000 0.000000
vt 1.000000 1.000000
vt 0.000000 1.000000
vt 0.000000 0.000000
vt 1.000000 0.000000
vt 1.000000 1.000000
vt 0.000000 1.000000
vt 0.000000 0.000000
vt 1.000000 0.000000
vt 1.000000 1.000000
vt 0.000000 1.000000
vt 0.000000 0.000000
vt 1.000000 0.000000
vt 1.000000 1.000000
vt 0.000000 1.000000
vt 0.000000 0.000000
vt 1.000000 0.000000
vt 1.000000 1.000000
vt 0.000000 1.000000
vt 0.000000 0.000000
vt 1.000000 0.000000
vt 1.000000 1.000000
vt 0.000000 1.000000
vt 0.000000 0.000000
vt 1.000000 0.000000
vt 1.000000 1.000000
vt 0.000000 1.000000
vt 0.000000 0.000000
vt 1.000000 0.000000
vt 1.000000 1.000000
vt 0.000000 0.000000
vt 1.000000 0.000000
vt 1.000000 1.000000
vt 0.000000 1.000000
vt 0.000000 0.000000
vt 1.000000 0.000000
vt 0.000000 1.000000
vt 0.000000 0.000000
vt 1.000000 0.000000
vt 1.000000 1.000000
vt 0.000000 0.000000
vt 1.000000 0.000000
vt 1.000000 1.000000
vt 0.000000 1.000000
vt 0.000000 0.000000
vt 1.000000 0.000000
vt 0.000000 1.000000
vt 0.000000 0.000000
vt 1.000000 0.000000
vt 1.000000 1.000000
vt 0.000000 1.000000
vt 0.000000 0.000000
vt 1.000000 0.000000
vt 1.000000 1.000000
vt 0.000000 1.000000
vt 1.000000 0.000000
vt 1.000000 1.000000
vt 0.000000 1.000000
vt 1.000000 1.000000
vt 0.000000 1.000000
vt 1.000000 0.000000
vt 1.000000 1.000000
vt 0.000000 1.000000
vt 1.000000 1.000000
vt 0.000000 1.000000
vt 0.000000 0.000000
vt 1.000000 0.000000
vt 1.000000 1.000000
vt 0.000000 1.000000
vt 0.000000 0.000000
vt 1.000000 0.000000
vt 1.000000 1.000000
vt 0.000000 1.000000
vt 0.000000 0.000000
vt 1.000000 0.000000
vt 1.000000 1.000000
vt 0.000000 1.000000
vt 0.000000 0.000000
vt 1.000000 0.000000
vt 1.000000 1.000000
vt 0.000000 1.000000
vt 0.000000 0.000000
vt 1.000000 0.000000
vt 1.000000 1.000000
vt 0.000000 1.000000
vt 0.000000 0.000000
vt 1.000000 0.000000
vt 1.000000 1.000000
vt 0.000000 1.000000
vt 0.000000 0.000000
vt 1.000000 0.000000
vt 1.000000 1.000000
vt 0.000000 1.000000
vt 0.000000 0.000000
vt 1.000000 0.000000
vt 1.000000 1.000000
vt 0.000000 1.000000
vt 0.000000 0.000000
vt 1.000000 0.000000
vt 1.000000 1.000000
vt 0.000000 1.000000
vt 0.000000 0.000000
vt 1.000000 0.000000
vt 1.000000 1.000000
vt 0.000000 1.000000
vt 0.000000 0.000000
vt 1.000000 0.000000
vt 1.000000 1.000000
vt 0.000000 1.000000
vt 0.000000 0.000000
vt 1.000000 0.000000
vt 1.000000 1.000000
vt 0.000000 1.000000
vt 0.000000 0.000000
vt 1.000000 0.000000
vt 1.000000 1.000000
vt 0.000000 0.000000
vt 1.000000 0.000000
vt 0.000000 1.000000
vt 0.000000 0.000000
vt 1.000000 0.000000
vt 0.000000 1.000000
vt 0.000000 0.000000
vt 1.000000 0.000000
vt 1.000000 1.000000
vt 0.000000 0.000000
vt 1.000000 0.000000
vt 1.000000 1.000000
vt 0.000000 1.000000
vt 0.000000 0.000000
vt 1.000000 0.000000
vt 1.000000 1.000000
vt 0.000000 1.000000
vt 0.000000 0.000000
vt 1.000000 0.000000
vt 1.000000 1.000000
vt 0.000000 1.000000
vt 0.000000 0.000000
vt 1.000000 0.000000
vt 1.000000 1.000000
vt 0.000000 1.000000
vt 1.000000 1.000000
vt 0.000000 1.000000
vt 1.000000 1.000000
vt 0.000000 1.000000
vt 1.000000 0.000000
vt 1.000000 1.000000
vt 0.000000 1.000000
vt 1.000000 1.000000
vt 0.000000 1.000000
vt 0.000000 0.000000
vt 1.000000 0.000000
vt 1.000000 1.000000
vt 0.000000 1.000000
vt 0.000000 0.000000
vt 1.000000 0.000000
vt 1.000000 1.000000
vt 0.000000 1.000000
vt 0.000000 0.000000
vt 1.000000 0.000000
vt 1.000000 1.000000
vt 0.000000 1.000000
vt 0.000000 0.000000
vt 1.000000 0.000000
vt 1.000000 1.000000
vt 0.000000 1.000000
vt 0.000000 0.000000
vt 1.000000 0.000000
vt 1.000000 1.000000
vt 0.000000 1.000000
vt 0.000000 0.000000
vt 1.000000 0.000000
vt 1.000000 1.000000
vt 0.000000 1.000000
vt 0.000000 0.000000
vt 1.000000 0.000000
vt 1.000000 1.000000
vt 0.000000 1.000000
vt 0.000000 0.000000
vt 1.000000 0.000000
vt 1.000000 1.000000
vt 0.000000 1.000000
vt 0.000000 0.000000
vt 1.000000 0.000000
vt 1.000000 1.000000
vt 0.000000 1.000000
vt 0.000000 0.000000
vt 1.000000 0.000000
vt 1.000000 1.000000
vt 0.000000 1.000000
vt 0.000000 0.000000
vt 1.000000 0.000000
vt 1.000000 1.000000
vt 0.000000 1.000000
vt 0.000000 0.000000
vt 1.000000 0.000000
vt 1.000000 1.000000
vt 0.000000 1.000000
vt 0.000000 0.000000
vt 1.000000 0.000000
vt 0.000000 1.000000
vt 0.000000 0.000000
vt 1.000000 0.000000
vt 1.000000 1.000000
vt 0.000000 1.000000
vt 0.000000 0.000000
vt 1.000000 0.000000
vt 1.000000 1.000000
vt 0.000000 0.000000
vt 1.000000 0.000000
vt 0.000000 1.000000
vt 0.000000 0.000000
vt 1.000000 0.000000
vt 1.000000 1.000000
vt 0.000000 0.000000
vt 1.000000 0.000000
vt 1.000000 1.000000
vt 0.000000 1.000000
vt 0.000000 0.000000
vt 1.000000 0.000000
vt 1.000000 1.000000
vt 0.000000 1.000000
vt 0.000000 0.000000
vt 1.000000 0.000000
vt 1.000000 1.000000
vt 0.000000 1.000000
vt 0.000000 0.000000
vt 1.000000 1.000000
vt 0.000000 1.000000
vt 1.000000 1.000000
vt 0.000000 1.000000
vt 1.000000 1.000000
vt 0.000000 1.000000
vt 0.000000 0.000000
vt 1.000000 1.000000
vt 0.000000 1.000000
vt 0.000000 0.000000
vt 1.000000 0.000000
vt 1.000000 1.000000
vt 0.000000 1.000000
vt 0.000000 0.000000
vt 1.000000 0.000000
vt 1.000000 1.000000
vt 0.000000 1.000000
vt 0.000000 0.000000
vt 1.000000 0.000000
vt 1.000000 1.000000
vt 0.000000 1.000000
vt 0.000000 0.000000
vt 1.000000 0.000000
vt 1.000000 1.000000
vt 0.000000 1.000000
vt 0.000000 0.000000
vt 1.000000 0.000000
vt 1.000000 1.000000
vt 0.000000 1.000000
vt 0.000000 0.000000
vt 1.000000 0.000000
vt 1.000000 1.000000
vt 0.000000 1.000000
vt 0.000000 0.000000
vt 1.000000 0.000000
vt 1.000000 1.000000
vt 0.000000 1.000000
vt 0.000000 0.000000
vt 1.000000 0.000000
vt 1.000000 1.000000
vt 0.000000 1.000000
vt 0.000000 0.000000
vt 1.000000 0.000000
vt 1.000000 1.000000
vt 0.000000 1.000000
vt 0.000000 0.000000
vt 1.000000 0.000000
vt 1.000000 1.000000
vt 0.000000 1.000000
vt 0.000000 0.000000
vt 1.000000 0.000000
vt 1.000000 1.000000
vt 0.000000 1.000000
vt 0.000000 0.000000
vt 1.000000 0.000000
vt 1.000000 1.000000
vt 0.000000 1.000000
vt 0.000000 0.000000
vt 1.000000 0.000000
vt 1.000000 1.000000
vt 0.000000 1.000000
vt 0.000000 0.000000
vt 1.000000 0.000000
vt 1.000000 1.000000
vt 0.000000 1.000000
vt 0.000000 0.000000
vt 1.000000 0.000000
vt 1.000000 1.000000
vt 0.000000 1.000000
vt 0.000000 0.000000
vt 1.000000 0.000000
vt 1.000000 1.000000
vt 0.000000 1.000000
vt 0.000000 0.000000
vt 1.000000 0.000000
vt 1.000000 1.000000
vt 0.000000 1.000000
vt 0.000000 0.000000
vt 1.000000 0.000000
vt 1.000000 1.000000
vt 0.000000 1.000000
vt 0.000000 0.000000
vt 1.000000 0.000000
vt 1.000000 1.000000
vt 0.000000 1.000000
vt 0.000000 0.000000
vt 1.000000 0.000000
vt 1.000000 1.000000
vt 0.000000 0.000000
vt 1.000000 0.000000
vt 0.000000 1.000000
vt 0.000000 0.000000
vt 1.000000 0.000000
vt 1.000000 1.000000
vt 0.000000 1.000000
vt 0.000000 0.000000
vt 1.000000 0.000000
vt 1.000000 1.000000
vt 0.000000 0.000000
vt 1.000000 0.000000
vt 0.000000 1.000000
vt 0.000000 0.000000
vt 1.000000 0.000000
vt 1.000000 1.000000
vt 0.000000 1.000000
vt 0.000000 0.000000
vt 1.000000 0.000000
vt 1.000000 1.000000
vt 0.000000 1.000000
vt 1.000000 1.000000
vt 0.000000 1.000000
vt 0.000000 0.000000
vt 1.000000 1.000000
vt 0.000000 1.000000
vt 1.000000 1.000000
vt 0.000000 1.000000
vt 1.000000 1.000000
vt 0.000000 1.000000
vt 0.000000 0.000000
vt 1.000000 0.000000
vt 1.000000 1.000000
vt 0.000000 1.000000
vt 0.000000 0.000000
vt 1.000000 0.000000
vt 1.000000 1.000000
vt 0.000000 1.000000
vt 0.000000 0.000000
vt 1.000000 0.000000
vt 1.000000 1.000000
vt 0.000000 1.000000
vt 0.000000 0.000000
vt 1.000000 0.000000
vt 1.000000 1.000000
vt 0.000000 1.000000
vt 0.000000 0.000000
vt 1.000000 0.000000
vt 1.000000 1.000000
vt 0.000000 1.000000
vt 0.000000 0.000000
vt 1.000000 0.000000
vt 1.000000 1.000000
vt 0.000000 1.000000
vt 0.000000 0.000000
vt 1.000000 0.000000
vt 1.000000 1.000000
vt 0.000000 1.000000
vt 0.000000 0.000000
vt 1.000000 0.000000
vt 1.000000 1.000000
vt 0.000000 1.000000
vt 0.000000 0.000000
vt 1.000000 0.000000
vt 1.000000 1.000000
vt 0.000000 1.000000
vt 0.000000 0.000000
vt 1.000000 0.000000
vt 1.000000 1.000000
vt 0.000000 1.000000
vt 0.000000 0.000000
vt 1.000000 0.000000
vt 1.000000 1.000000
vt 0.000000 1.000000
vt 0.000000 0.000000
vt 1.000000 0.000000
vt 1.000000 1.000000
vt 0.000000 1.000000
vt 0.000000 0.000000
vt 1.000000 0.000000
vt 1.000000 1.000000
vt 0.000000 0.000000
vt 1.000000 0.000000
vt 0.000000 1.000000
vt 0.000000 0.000000
vt 1.000000 0.000000
vt 0.000000 1.000000
vt 0.000000 0.000000
vt 1.000000 0.000000
vt 1.000000 1.000000
vt 0.000000 0.000000
vt 1.000000 0.000000
vt 1.000000 1.000000
vt 0.000000 1.000000
vt 0.000000 0.000000
vt 1.000000 0.000000
vt 1.000000 1.000000
vt 0.000000 1.000000
vt 0.829065 0.000000
vt 0.064710 0.000000
vt 0.009642 0.000000
vt 0.007535 0.000000
vt 0.006495 0.000000
vt 0.007519 0.000000
vt 0.009675 0.000000
vt 0.064966 0.000000
vt 0.625000 0.500000
vt 0.625000 1.000000
vt 0.500000 1.000000
vt 0.500000 0.500000
vt 0.375000 1.000000
vt 0.375000 0.511787
vt 0.383083 0.500000
vt 0.375000 0.500000
vt 0.366268 0.500000
vt 0.250000 0.500000
vt 0.250000 0.953149
vt 0.242799 1.000000
vt 0.125000 1.000000
vt 0.125000 0.500000
vt 0.749877 0.035220
vt 0.901910 0.098227
vt 0.919706 0.080294
vt 0.750000 0.010000
vt 0.401791 0.098201
vt 0.250016 0.035151
vt 0.250000 0.010000
vt 0.419706 0.080294
vt 0.598247 0.098200
vt 0.591268 0.075749
vt 0.580294 0.080294
vt 0.098209 0.098122
vt 0.080294 0.080294
vt 0.535239 0.249979
vt 0.575384 0.092150
vt 0.510000 0.250000
vt 0.010000 0.250000
vt 0.015228 0.237379
vt 0.598151 0.401810
vt 0.580294 0.419706
vt 0.035278 0.250052
vt 0.098195 0.401848
vt 0.080294 0.419706
vt 0.014050 0.259777
vt 0.250000 1.000000
vt 0.259296 1.000000
vt 0.625000 0.500000
vt 0.625000 1.000000
vt 0.500000 1.000000
vt 0.500000 0.500000
vt 0.375000 1.000000
vt 0.375000 0.511787
vt 0.383083 0.500000
vt 0.375000 0.500000
vt 0.366268 0.500000
vt 0.250000 0.500000
vt 0.250000 0.953149
vt 0.242799 1.000000
vt 0.125000 1.000000
vt 0.125000 0.500000
vt 0.749877 0.035220
vt 0.901910 0.098227
vt 0.919706 0.080294
vt 0.750000 0.010000
vt 0.401791 0.098201
vt 0.250016 0.035151
vt 0.250000 0.010000
vt 0.419706 0.080294
vt 0.598247 0.098200
vt 0.591268 0.075749
vt 0.580294 0.080294
vt 0.098209 0.098122
vt 0.080294 0.080294
vt 0.535239 0.249979
vt 0.575384 0.092150
vt 0.510000 0.250000
vt 0.010000 0.250000
vt 0.015228 0.237379
vt 0.598151 0.401810
vt 0.580294 0.419706
vt 0.035278 0.250052
vt 0.098195 0.401848
vt 0.080294 0.419706
vt 0.014050 0.259777
vt 0.250000 1.000000
vt 0.259296 1.000000
vt 0.625000 0.500000
vt 0.625000 1.000000
vt 0.500000 1.000000
vt 0.500000 0.500000
vt 0.375000 1.000000
vt 0.375000 0.511787
vt 0.383083 0.500000
vt 0.375000 0.500000
vt 0.366268 0.500000
vt 0.250000 0.500000
vt 0.250000 0.953149
vt 0.242799 1.000000
vt 0.125000 1.000000
vt 0.125000 0.500000
vt 0.749877 0.035220
vt 0.901910 0.098227
vt 0.919706 0.080294
vt 0.750000 0.010000
vt 0.401791 0.098201
vt 0.250016 0.035151
vt 0.250000 0.010000
vt 0.419706 0.080294
vt 0.598247 0.098200
vt 0.591268 0.075749
vt 0.580294 0.080294
vt 0.098209 0.098122
vt 0.080294 0.080294
vt 0.535239 0.249979
vt 0.575384 0.092150
vt 0.510000 0.250000
vt 0.010000 0.250000
vt 0.015228 0.237379
vt 0.598151 0.401810
vt 0.580294 0.419706
vt 0.035278 0.250052
vt 0.098195 0.401848
vt 0.080294 0.419706
vt 0.014050 0.259777
vt 0.250000 1.000000
vt 0.259296 1.000000
vt 0.625000 0.500000
vt 0.625000 1.000000
vt 0.500000 1.000000
vt 0.500000 0.500000
vt 0.375000 1.000000
vt 0.375000 0.511787
vt 0.383083 0.500000
vt 0.098209 0.098122
vt 0.131074 0.130799
vt 0.134908 0.134611
vt 0.138729 0.138422
vt 0.174552 0.173983
vt 0.177696 0.177103
vt 0.180822 0.180224
vt 0.212512 0.211621
vt 0.213918 0.213013
vt 0.215307 0.214408
vt 0.714595 0.214324
vt 0.713437 0.213081
vt 0.712020 0.211679
vt 0.680345 0.180249
vt 0.677488 0.177303
vt 0.674337 0.174166
vt 0.638564 0.138514
vt 0.634955 0.134837
vt 0.631112 0.131004
vt 0.598247 0.098200
vt 0.580294 0.080294
vt 0.749877 0.035220
vt 0.901910 0.098227
vt 0.919706 0.080294
vt 0.750000 0.010000
vt 0.401791 0.098201
vt 0.250016 0.035151
vt 0.250000 0.010000
vt 0.419706 0.080294
vt 0.591268 0.075749
vt 0.080294 0.080294
vt 0.375000 0.500000
vt 0.869210 0.131088
vt 0.865390 0.134924
vt 0.861732 0.138668
vt 0.825979 0.174379
vt 0.822834 0.177517
vt 0.819903 0.180542
vt 0.788163 0.212005
vt 0.786748 0.213404
vt 0.785528 0.214709
vt 0.285153 0.214317
vt 0.286430 0.213043
vt 0.287840 0.211642
vt 0.319471 0.180214
vt 0.322470 0.177229
vt 0.325616 0.174098
vt 0.361389 0.138502
vt 0.365111 0.134792
vt 0.368947 0.130965
vt 0.105903 0.000000
vt 0.703929 0.000000
vt 0.157482 0.000000
vt 0.506581 0.000000
vt 0.633849 0.000000
vt 0.127489 0.000000
vt 0.020963 0.000000
vt 0.014605 0.000000
vt 0.012672 0.000000
vt 0.014574 0.000000
vt 0.021020 0.000000
vt 0.105466 0.000000
vt 0.126829 0.000000
vt 0.117651 0.000000
vt 0.666526 0.000000
vt 0.028311 0.000000
vt 0.024346 0.000000
vt 0.018948 0.000000
vt 0.016718 0.000000
vt 0.016419 0.000000
vt 0.014517 0.000000
vt 0.018864 0.000000
vt 0.016683 0.000000
vt 0.028382 0.000000
vt 0.024410 0.000000
vt 0.118136 0.000000
vt 0.176647 0.000000
vt 0.377716 0.000000
vt 0.462111 0.000000
vt 0.166664 0.000000
vt 0.046218 0.000000
vt 0.029697 0.000000
vt 0.025767 0.000000
vt 0.029590 0.000000
vt 0.046312 0.000000
vt 0.156681 0.000000
vt 0.165743 0.000000
vt 0.162339 0.000000
vt 0.482473 0.000000
vt 0.053257 0.000000
vt 0.049608 0.000000
vt 0.033930 0.000000
vt 0.031732 0.000000
vt 0.029388 0.000000
vt 0.027538 0.000000
vt 0.033770 0.000000
vt 0.031622 0.000000
vt 0.053358 0.000000
vt 0.049707 0.000000
vt 0.163162 0.000000
vt 0.178247 0.000000
vt 0.297411 0.000000
vt 0.355416 0.000000
vt 0.178588 0.000000
vt 0.069560 0.000000
vt 0.044869 0.000000
vt 0.038955 0.000000
vt 0.044686 0.000000
vt 0.069663 0.000000
vt 0.175682 0.000000
vt 0.177575 0.000000
vt 0.177096 0.000000
vt 0.365723 0.000000
vt 0.074185 0.000000
vt 0.071876 0.000000
vt 0.048084 0.000000
vt 0.046423 0.000000
vt 0.041726 0.000000
vt 0.040315 0.000000
vt 0.047860 0.000000
vt 0.046237 0.000000
vt 0.074285 0.000000
vt 0.071979 0.000000
vt 0.178065 0.000000
vt 0.170448 0.000000
vt 0.232123 0.000000
vt 0.277893 0.000000
vt 0.177425 0.000000
vt 0.087570 0.000000
vt 0.058992 0.000000
vt 0.051547 0.000000
vt 0.058743 0.000000
vt 0.087647 0.000000
vt 0.177253 0.000000
vt 0.176403 0.000000
vt 0.177197 0.000000
vt 0.286915 0.000000
vt 0.092282 0.000000
vt 0.089991 0.000000
vt 0.063057 0.000000
vt 0.060965 0.000000
vt 0.055165 0.000000
vt 0.053325 0.000000
vt 0.062751 0.000000
vt 0.060714 0.000000
vt 0.092343 0.000000
vt 0.090064 0.000000
vt 0.178185 0.000000
vt 0.155368 0.000000
vt 0.181066 0.000000
vt 0.219606 0.000000
vt 0.168004 0.000000
vt 0.103790 0.000000
vt 0.075383 0.000000
vt 0.066953 0.000000
vt 0.075047 0.000000
vt 0.103785 0.000000
vt 0.169500 0.000000
vt 0.167048 0.000000
vt 0.168484 0.000000
vt 0.225371 0.000000
vt 0.106998 0.000000
vt 0.105486 0.000000
vt 0.079108 0.000000
vt 0.077199 0.000000
vt 0.070483 0.000000
vt 0.068693 0.000000
vt 0.078715 0.000000
vt 0.076862 0.000000
vt 0.106959 0.000000
vt 0.105472 0.000000
vt 0.169420 0.000000
vt 0.171531 0.000000
vt 0.151733 0.000000
vt 0.118176 0.000000
vt 0.097395 0.000000
vt 0.090263 0.000000
vt 0.097911 0.000000
vt 0.118444 0.000000
vt 0.150916 0.000000
vt 0.116225 0.000000
vt 0.093850 0.000000
vt 0.086047 0.000000
vt 0.093416 0.000000
vt 0.116039 0.000000
vt 0.154558 0.000000
vt 0.152877 0.000000
vt 0.175855 0.000000
vt 0.117470 0.000000
vt 0.095837 0.000000
vt 0.088155 0.000000
vt 0.095404 0.000000
vt 0.117264 0.000000
vt 0.153663 0.000000
vt 0.749730 0.081533
vt 0.869210 0.131088
vt 0.368947 0.130965
vt 0.250033 0.081351
vt 0.631112 0.131004
vt 0.131074 0.130799
vt 0.581569 0.249962
vt 0.081648 0.250128
vt 0.630909 0.368984
vt 0.131022 0.369126
vt 0.749712 0.086952
vt 0.865390 0.134924
vt 0.749717 0.092019
vt 0.861732 0.138668
vt 0.365111 0.134792
vt 0.250035 0.086745
vt 0.361389 0.138502
vt 0.250015 0.092048
vt 0.634955 0.134837
vt 0.638564 0.138514
vt 0.134908 0.134611
vt 0.138729 0.138422
vt 0.586973 0.249957
vt 0.592327 0.249989
vt 0.087057 0.250137
vt 0.092456 0.250138
vt 0.634729 0.365157
vt 0.638548 0.361326
vt 0.134852 0.365309
vt 0.138662 0.361515
vt 0.749644 0.142571
vt 0.825979 0.174379
vt 0.325616 0.174098
vt 0.250045 0.142478
vt 0.674337 0.174166
vt 0.174552 0.173983
vt 0.642838 0.249940
vt 0.142987 0.250195
vt 0.674237 0.325561
vt 0.174424 0.325904
vt 0.749653 0.151038
vt 0.819903 0.180542
vt 0.822834 0.177517
vt 0.749637 0.147029
vt 0.319471 0.180214
vt 0.250022 0.151216
vt 0.250048 0.146909
vt 0.322470 0.177229
vt 0.680345 0.180249
vt 0.677488 0.177303
vt 0.180822 0.180224
vt 0.177696 0.177103
vt 0.651638 0.249970
vt 0.647270 0.249934
vt 0.151839 0.250194
vt 0.147421 0.250200
vt 0.680494 0.319285
vt 0.677367 0.322425
vt 0.180674 0.319686
vt 0.177562 0.322779
vt 0.749615 0.195810
vt 0.788163 0.212005
vt 0.287840 0.211642
vt 0.250094 0.195857
vt 0.712020 0.211679
vt 0.212512 0.211621
vt 0.696292 0.249838
vt 0.196520 0.250232
vt 0.712041 0.287667
vt 0.212291 0.288221
vt 0.749630 0.199442
vt 0.785528 0.214709
vt 0.786748 0.213404
vt 0.749612 0.197816
vt 0.285153 0.214317
vt 0.250073 0.199711
vt 0.250098 0.197843
vt 0.286430 0.213043
vt 0.714595 0.214324
vt 0.713437 0.213081
vt 0.215307 0.214408
vt 0.213918 0.213013
vt 0.700198 0.249863
vt 0.698273 0.249831
vt 0.200466 0.250225
vt 0.198501 0.250234
vt 0.714832 0.284863
vt 0.713438 0.286267
vt 0.215070 0.285460
vt 0.213694 0.286825
vt 0.749730 0.081533
vt 0.869210 0.131088
vt 0.368947 0.130965
vt 0.250033 0.081351
vt 0.631112 0.131004
vt 0.131074 0.130799
vt 0.581569 0.249962
vt 0.081648 0.250128
vt 0.630909 0.368984
vt 0.131022 0.369126
vt 0.749712 0.086952
vt 0.865390 0.134924
vt 0.749717 0.092019
vt 0.861732 0.138668
vt 0.365111 0.134792
vt 0.250035 0.086745
vt 0.361389 0.138502
vt 0.250015 0.092048
vt 0.634955 0.134837
vt 0.638564 0.138514
vt 0.134908 0.134611
vt 0.138729 0.138422
vt 0.586973 0.249957
vt 0.592327 0.249989
vt 0.087057 0.250137
vt 0.092456 0.250138
vt 0.634729 0.365157
vt 0.638548 0.361326
vt 0.134852 0.365309
vt 0.138662 0.361515
vt 0.749644 0.142571
vt 0.825979 0.174379
vt 0.325616 0.174098
vt 0.250045 0.142478
vt 0.674337 0.174166
vt 0.174552 0.173983
vt 0.642838 0.249940
vt 0.142987 0.250195
vt 0.674237 0.325561
vt 0.174424 0.325904
vt 0.749653 0.151038
vt 0.819903 0.180542
vt 0.822834 0.177517
vt 0.749637 0.147029
vt 0.319471 0.180214
vt 0.250022 0.151216
vt 0.250048 0.146909
vt 0.322470 0.177229
vt 0.680345 0.180249
vt 0.677488 0.177303
vt 0.180822 0.180224
vt 0.177696 0.177103
vt 0.651638 0.249970
vt 0.647270 0.249934
vt 0.151839 0.250194
vt 0.147421 0.250200
vt 0.680494 0.319285
vt 0.677367 0.322425
vt 0.180674 0.319686
vt 0.177562 0.322779
vt 0.749615 0.195810
vt 0.788163 0.212005
vt 0.287840 0.211642
vt 0.250094 0.195857
vt 0.712020 0.211679
vt 0.212512 0.211621
vt 0.696292 0.249838
vt 0.196520 0.250232
vt 0.712041 0.287667
vt 0.212291 0.288221
vt 0.749630 0.199442
vt 0.785528 0.214709
vt 0.786748 0.213404
vt 0.749612 0.197816
vt 0.285153 0.214317
vt 0.250073 0.199711
vt 0.250098 0.197843
vt 0.286430 0.213043
vt 0.714595 0.214324
vt 0.713437 0.213081
vt 0.215307 0.214408
vt 0.213918 0.213013
vt 0.700198 0.249863
vt 0.698273 0.249831
vt 0.200466 0.250225
vt 0.198501 0.250234
vt 0.714832 0.284863
vt 0.713438 0.286267
vt 0.215070 0.285460
vt 0.213694 0.286825
vt 0.749730 0.081533
vt 0.869210 0.131088
vt 0.368947 0.130965
vt 0.250033 0.081351
vt 0.631112 0.131004
vt 0.131074 0.130799
vt 0.581569 0.249962
vt 0.081648 0.250128
vt 0.630909 0.368984
vt 0.131022 0.369126
vt 0.749712 0.086952
vt 0.865390 0.134924
vt 0.749717 0.092019
vt 0.861732 0.138668
vt 0.365111 0.134792
vt 0.250035 0.086745
vt 0.361389 0.138502
vt 0.250015 0.092048
vt 0.634955 0.134837
vt 0.638564 0.138514
vt 0.134908 0.134611
vt 0.138729 0.138422
vt 0.586973 0.249957
vt 0.592327 0.249989
vt 0.087057 0.250137
vt 0.092456 0.250138
vt 0.634729 0.365157
vt 0.638548 0.361326
vt 0.134852 0.365309
vt 0.138662 0.361515
vt 0.749644 0.142571
vt 0.825979 0.174379
vt 0.325616 0.174098
vt 0.250045 0.142478
vt 0.674337 0.174166
vt 0.174552 0.173983
vt 0.642838 0.249940
vt 0.142987 0.250195
vt 0.674237 0.325561
vt 0.174424 0.325904
vt 0.749653 0.151038
vt 0.819903 0.180542
vt 0.822834 0.177517
vt 0.749637 0.147029
vt 0.319471 0.180214
vt 0.250022 0.151216
vt 0.250048 0.146909
vt 0.322470 0.177229
vt 0.680345 0.180249
vt 0.677488 0.177303
vt 0.180822 0.180224
vt 0.177696 0.177103
vt 0.651638 0.249970
vt 0.647270 0.249934
vt 0.151839 0.250194
vt 0.147421 0.250200
vt 0.680494 0.319285
vt 0.677367 0.322425
vt 0.180674 0.319686
vt 0.177562 0.322779
vt 0.749615 0.195810
vt 0.788163 0.212005
vt 0.287840 0.211642
vt 0.250094 0.195857
vt 0.712020 0.211679
vt 0.212512 0.211621
vt 0.696292 0.249838
vt 0.196520 0.250232
vt 0.712041 0.287667
vt 0.212291 0.288221
vt 0.749630 0.199442
vt 0.785528 0.214709
vt 0.786748 0.213404
vt 0.749612 0.197816
vt 0.285153 0.214317
vt 0.250073 0.199711
vt 0.250098 0.197843
vt 0.286430 0.213043
vt 0.714595 0.214324
vt 0.713437 0.213081
vt 0.215307 0.214408
vt 0.213918 0.213013
vt 0.700198 0.249863
vt 0.698273 0.249831
vt 0.200466 0.250225
vt 0.198501 0.250234
vt 0.714832 0.284863
vt 0.713438 0.286267
vt 0.215070 0.285460
vt 0.213694 0.286825
vt 0.749730 0.081533
vt 0.250033 0.081351
vt 0.749712 0.086952
vt 0.749717 0.092019
vt 0.250035 0.086745
vt 0.250015 0.092048
vt 0.749644 0.142571
vt 0.250045 0.142478
vt 0.749653 0.151038
vt 0.749637 0.147029
vt 0.250022 0.151216
vt 0.250048 0.146909
vt 0.749615 0.195810
vt 0.250094 0.195857
vt 0.749630 0.199442
vt 0.749612 0.197816
vt 0.250073 0.199711
vt 0.250098 0.197843
vt 0.000000 0.000000
vt 0.000000 0.000000
vt 0.000000 0.000000
vt 0.000000 0.000000
vt 0.000000 0.000000
vt 0.000000 0.000000
vt 0.000000 0.000000
vt 0.000000 0.000000
vt 0.000000 0.000000
vt 0.000000 0.000000
vt 0.000000 0.000000
vt 0.000000 0.000000
vt 0.000000 0.000000
vt 0.000000 0.000000
vt 0.000000 0.000000
vt 0.000000 0.000000
vt 0.000000 0.000000
vt 0.000000 0.000000
vt 0.000000 0.000000
vt 0.000000 0.000000
vt 0.000000 0.000000
vt 0.000000 0.000000
vt 0.000000 0.000000
vt 0.000000 0.000000
vt 0.000000 0.000000
vt 0.000000 0.000000
vt 0.000000 0.000000
vt 0.000000 0.000000
vt 0.000000 0.000000
vt 0.000000 0.000000
vt 0.000000 0.000000
vt 0.000000 0.000000
vt 0.000000 0.000000
vt 0.000000 0.000000
vt 0.000000 0.000000
vt 0.000000 0.000000
vt 0.000000 0.000000
vt 0.000000 0.000000
vt 0.000000 0.000000
vt 0.000000 0.000000
vt 0.000000 0.000000
vt 0.000000 0.000000
vt 0.000000 0.000000
vt 0.000000 0.000000
vt 0.000000 0.000000
vt 0.000000 0.000000
vt 0.000000 0.000000
vt 0.000000 0.000000
vt 0.000000 0.000000
vt 0.000000 0.000000
vt 0.000000 0.000000
vt 0.000000 0.000000
vt 0.000000 0.000000
vt 0.000000 0.000000
vt 0.000000 0.000000
vt 0.000000 0.000000
vt 0.000000 0.000000
vt 0.000000 0.000000
vt 0.000000 0.000000
vt 0.000000 0.000000
vt 0.000000 0.000000
vt 0.000000 0.000000
vt 0.000000 0.000000
vt 0.000000 0.000000
vt 0.000000 0.000000
vt 0.000000 0.000000
vt 0.000000 0.000000
vt 0.000000 0.000000
vt 0.000000 0.000000
vt 0.000000 0.000000
vt 0.000000 0.000000
vt 0.000000 0.000000
vt 0.000000 0.000000
vt 0.000000 0.000000
vt 0.000000 0.000000
vt 0.000000 0.000000
vt 0.000000 0.000000
vt 0.000000 0.000000
vt 0.000000 0.000000
vt 0.000000 0.000000
vt 0.000000 0.000000
vt 0.000000 0.000000
vt 0.000000 0.000000
vt 0.000000 0.000000
vt 0.000000 0.000000
vt 0.000000 0.000000
vt 0.000000 0.000000
vt 0.000000 0.000000
vt 0.000000 0.000000
vt 0.000000 0.000000
vt 0.000000 0.000000
vt 0.000000 0.000000
vt 0.000000 0.000000
vt 0.000000 0.000000
vt 0.000000 0.000000
vt 0.000000 0.000000
vt 0.000000 0.000000
vt 0.000000 0.000000
vt 0.000000 0.000000
vt 0.000000 0.000000
vt 0.000000 0.000000
vt 0.000000 0.000000
vt 0.000000 0.000000
vt 0.000000 0.000000
vt 0.000000 0.000000
vt 0.000000 0.000000
vt 0.000000 0.000000
vt 0.000000 0.000000
vt 0.000000 0.000000
vt 0.000000 0.000000
vt 0.000000 0.000000
vt 0.000000 0.000000
vt 0.000000 0.000000
vt 0.000000 0.000000
vt 0.000000 0.000000
vt 0.000000 0.000000
vt 0.000000 0.000000
vt 0.000000 0.000000
vt 0.000000 0.000000
vt 0.000000 0.000000
vt 0.000000 0.000000
vt 0.000000 0.000000
vt 0.000000 0.000000
vt 0.000000 0.000000
vt 0.000000 0.000000
vt 0.000000 0.000000
vt 0.000000 0.000000
vt 0.000000 0.000000
vt 0.000000 0.000000
vt 0.000000 0.000000
vt 0.000000 0.000000
vt 0.000000 0.000000
vt 0.000000 0.000000
vt 0.000000 0.000000
vt 0.000000 0.000000
vt 0.000000 0.000000
vt 0.000000 0.000000
vt 0.000000 0.000000
vt 0.000000 0.000000
vt 0.000000 0.000000
vt 0.000000 0.000000
vt 0.000000 0.000000
vt 0.000000 0.000000
vt 0.000000 0.000000
vt 0.000000 0.000000
vt 0.000000 0.000000
vt 0.000000 0.000000
vt 0.000000 0.000000
vt 0.000000 0.000000
vt 0.000000 0.000000
vt 0.000000 0.000000
vt 0.000000 0.000000
vt 0.000000 0.000000
vt 0.000000 0.000000
vt 0.000000 0.000000
vt 0.000000 0.000000
vt 0.000000 0.000000
vt 0.000000 0.000000
vt 0.000000 0.000000
vt 0.000000 0.000000
vt 0.000000 0.000000
vt 0.000000 0.000000
vt 0.000000 0.000000
vt 0.000000 0.000000
vt 0.000000 0.000000
vt 0.000000 0.000000
vt 0.000000 0.000000
vt 0.000000 0.000000
vt 0.000000 0.000000
vt 0.000000 0.000000
vt 0.000000 0.000000
vt 0.000000 0.000000
vt 0.000000 0.000000
vt 0.000000 0.000000
vt 0.000000 0.000000
vt 0.000000 0.000000
vt 0.000000 0.000000
vt 0.000000 0.000000
vt 0.000000 0.000000
vt 0.000000 0.000000
vt 0.000000 0.000000
vt 0.000000 0.000000
vt 0.000000 0.000000
vt 0.000000 0.000000
vt 0.000000 0.000000
vt 0.000000 0.000000
vt 0.000000 0.000000
vt 0.000000 0.000000
vt 0.000000 0.000000
vt 0.000000 0.000000
vt 0.000000 0.000000
vt 0.000000 0.000000
vt 0.000000 0.000000
vt 0.000000 0.000000
vt 0.000000 0.000000
vt 0.000000 0.000000
vt 0.000000 0.000000
vt 0.000000 0.000000
vt 0.000000 0.000000
vt 0.000000 0.000000
vt 0.000000 0.000000
vt 0.000000 0.000000
vt 0.000000 0.000000
vt 0.000000 0.000000
vt 0.000000 0.000000
vt 0.000000 0.000000
vt 0.000000 0.000000
vt 0.000000 0.000000
vt 0.000000 0.000000
vt 0.000000 0.000000
vt 0.000000 0.000000
vt 0.000000 0.000000
vt 0.000000 0.000000
vt 0.000000 0.000000
vt 0.000000 0.000000
vt 0.000000 0.000000
vt 0.000000 0.000000
vt 0.000000 0.000000
vt 0.000000 0.000000
vt 0.000000 0.000000
vt 0.000000 0.000000
vt 0.000000 0.000000
vt 0.000000 0.000000
vt 0.000000 0.000000
vt 0.000000 0.000000
vt 0.000000 0.000000
vt 0.000000 0.000000
vt 0.000000 0.000000
vt 0.000000 0.000000
vt 0.000000 0.000000
vt 0.000000 0.000000
vt 0.000000 0.000000
vt 0.000000 0.000000
vt 0.000000 0.000000
vt 0.000000 0.000000
vt 0.000000 0.000000
vt 0.000000 0.000000
vt 0.000000 0.000000
vt 0.000000 0.000000
vt 0.000000 0.000000
vt 0.000000 0.000000
vt 0.000000 0.000000
vt 0.000000 0.000000
vt 0.000000 0.000000
vt 0.000000 0.000000
vt 0.000000 0.000000
vt 0.000000 0.000000
vt 0.000000 0.000000
vt 0.000000 0.000000
vt 0.000000 0.000000
vt 0.000000 0.000000
vt 0.000000 0.000000
vt 0.000000 0.000000
vt 0.000000 0.000000
vt 0.000000 0.000000
vt 0.000000 0.000000
vt 0.000000 0.000000
vt 0.000000 0.000000
vt 0.000000 0.000000
vt 0.000000 0.000000
vt 0.000000 0.000000
vt 0.000000 0.000000
vt 0.000000 0.000000
vt 0.000000 0.000000
vt 0.000000 0.000000
vt 0.000000 0.000000
vt 0.000000 0.000000
vt 0.000000 0.000000
vt 0.000000 0.000000
vt 0.000000 0.000000
vt 0.000000 0.000000
vt 0.000000 0.000000
vt 0.000000 0.000000
vt 0.000000 0.000000
vt 0.000000 0.000000
vt 0.000000 0.000000
vt 0.000000 0.000000
vt 0.000000 0.000000
vt 0.000000 0.000000
vt 0.000000 0.000000
vt 0.000000 0.000000
vt 0.000000 0.000000
vt 0.000000 0.000000
vt 0.000000 0.000000
vt 0.000000 0.000000
vt 0.000000 0.000000
vt 0.000000 0.000000
vt 0.000000 0.000000
vt 0.000000 0.000000
vt 0.000000 0.000000
vt 0.000000 0.000000
vt 0.000000 0.000000
vt 0.000000 0.000000
vt 0.000000 0.000000
vt 0.000000 0.000000
vt 0.000000 0.000000
vt 0.000000 0.000000
vt 0.000000 0.000000
vt 0.000000 0.000000
vt 0.000000 0.000000
vt 0.000000 0.000000
vt 0.000000 0.000000
vt 0.000000 0.000000
vt 0.000000 0.000000
vt 0.000000 0.000000
vt 0.000000 0.000000
vt 0.000000 0.000000
vt 0.000000 0.000000
vt 0.000000 0.000000
vt 0.000000 0.000000
vt 0.000000 0.000000
vt 0.000000 0.000000
vt 0.000000 0.000000
vt 0.000000 0.000000
vt 0.000000 0.000000
vt 0.000000 0.000000
vt 0.000000 0.000000
vt 0.000000 0.000000
vt 0.000000 0.000000
vt 0.000000 0.000000
vt 0.000000 0.000000
vt 0.000000 0.000000
vt 0.000000 0.000000
vt 0.000000 0.000000
vt 0.000000 0.000000
vt 0.000000 0.000000
vt 0.000000 0.000000
vt 0.000000 0.000000
vt 0.000000 0.000000
vt 0.000000 0.000000
vt 0.000000 0.000000
vt 0.000000 0.000000
vt 0.000000 0.000000
vt 0.000000 0.000000
vt 0.000000 0.000000
vt 0.000000 0.000000
vt 0.000000 0.000000
vt 0.000000 0.000000
vt 0.000000 0.000000
vt 0.000000 0.000000
vt 0.000000 0.000000
vt 0.000000 0.000000
vt 0.000000 0.000000
vt 0.000000 0.000000
vt 0.000000 0.000000
vt 0.000000 0.000000
vt 0.000000 0.000000
vt 0.000000 0.000000
vt 0.000000 0.000000
vt 0.000000 0.000000
vt 0.000000 0.000000
vt 0.000000 0.000000
vt 0.000000 0.000000
vt 0.000000 0.000000
vt 0.000000 0.000000
vt 0.000000 0.000000
vt 0.000000 0.000000
vt 0.000000 0.000000
vt 0.000000 0.000000
vt 0.000000 0.000000
vt 0.000000 0.000000
vt 0.000000 0.000000
vt 0.000000 0.000000
vt 0.000000 0.000000
vt 0.000000 0.000000
vt 0.000000 0.000000
vt 0.000000 0.000000
vt 0.000000 0.000000
vt 0.000000 0.000000
vt 0.000000 0.000000
vt 0.000000 0.000000
vt 0.000000 0.000000
vt 0.000000 0.000000
vt 0.000000 0.000000
vt 0.000000 0.000000
vt 0.000000 0.000000
vt 0.000000 0.000000
vt 0.000000 0.000000
vt 0.000000 0.000000
vt 0.000000 0.000000
vt 0.000000 0.000000
vt 0.000000 0.000000
vt 0.000000 0.000000
vt 0.000000 0.000000
vt 0.000000 0.000000
vt 0.000000 0.000000
vt 0.000000 0.000000
vt 0.000000 0.000000
vt 0.000000 0.000000
vt 0.000000 0.000000
vt 0.000000 0.000000
vt 0.000000 0.000000
vt 0.000000 0.000000
vt 0.000000 0.000000
vt 0.000000 0.000000
vt 0.000000 0.000000
vt 0.000000 0.000000
vt 0.000000 0.000000
vt 0.000000 0.000000
vt 0.000000 0.000000
vt 0.000000 0.000000
vt 0.000000 0.000000
vt 0.000000 0.000000
vt 0.000000 0.000000
vt 0.000000 0.000000
vt 0.000000 0.000000
vt 0.000000 0.000000
vt 0.000000 0.000000
vt 0.000000 0.000000
vt 0.000000 0.000000
vt 0.000000 0.000000
vt 0.000000 0.000000
vt 0.000000 0.000000
vt 0.000000 0.000000
vt 0.000000 0.000000
vt 0.000000 0.000000
vt 0.000000 0.000000
vt 0.000000 0.000000
vt 0.000000 0.000000
vt 0.000000 0.000000
vt 0.000000 0.000000
vt 0.000000 0.000000
vt 0.000000 0.000000
vt 0.000000 0.000000
vt 0.000000 0.000000
vt 0.000000 0.000000
vt 0.000000 0.000000
vt 0.000000 0.000000
vt 0.000000 0.000000
vt 0.000000 0.000000
vt 0.000000 0.000000
vt 0.000000 0.000000
vt 0.000000 0.000000
vt 0.000000 0.000000
vt 0.000000 0.000000
vt 0.000000 0.000000
vt 0.000000 0.000000
vt 0.000000 0.000000
vt 0.000000 0.000000
vt 0.000000 0.000000
vt 0.000000 0.000000
vt 0.000000 0.000000
vt 0.000000 0.000000
vt 0.000000 0.000000
vt 0.000000 0.000000
vt 0.000000 0.000000
vt 0.000000 0.000000
vt 0.000000 0.000000
vt 0.000000 0.000000
vt 0.000000 0.000000
vt 0.000000 0.000000
vt 0.000000 0.000000
vt 0.000000 0.000000
vt 0.000000 0.000000
vt 0.000000 0.000000
vt 0.000000 0.000000
vt 0.000000 0.000000
vt 0.000000 0.000000
vt 0.000000 0.000000
vt 0.000000 0.000000
vt 0.000000 0.000000
vt 0.000000 0.000000
vt 0.000000 0.000000
vt 0.000000 0.000000
vt 0.000000 0.000000
vt 0.000000 0.000000
vt 0.000000 0.000000
vt 0.000000 0.000000
vt 0.000000 0.000000
vt 0.000000 0.000000
vt 0.000000 0.000000
vt 0.000000 0.000000
vt 0.000000 0.000000
vt 0.000000 0.000000
vt 0.000000 0.000000
vt 0.000000 0.000000
vt 0.000000 0.000000
vt 0.000000 0.000000
vt 0.000000 0.000000
vt 0.000000 0.000000
vt 0.000000 0.000000
vt 0.000000 0.000000
vt 0.000000 0.000000
vt 0.000000 0.000000
vt 0.000000 0.000000
vt 0.000000 0.000000
vt 0.000000 0.000000
vt 0.000000 0.000000
vt 0.000000 0.000000
vt 0.000000 0.000000
vt 0.000000 0.000000
vt 0.000000 0.000000
vt 0.000000 0.000000
vt 0.000000 0.000000
vt 0.000000 0.000000
vt 0.000000 0.000000
vt 0.000000 0.000000
vt 0.000000 0.000000
vt 0.000000 0.000000
vt 0.000000 0.000000
vt 0.000000 0.000000
vt 0.000000 0.000000
vt 0.000000 0.000000
vt 0.000000 0.000000
vt 0.000000 0.000000
vt 0.000000 0.000000
vt 0.000000 0.000000
vt 0.000000 0.000000
vt 0.000000 0.000000
vt 0.000000 0.000000
vt 0.000000 0.000000
vt 0.000000 0.000000
vt 0.000000 0.000000
vt 0.000000 0.000000
vt 0.000000 0.000000
vt 0.000000 0.000000
vt 0.000000 0.000000
vt 0.000000 0.000000
vt 0.000000 0.000000
vt 0.000000 0.000000
vt 0.000000 0.000000
vt 0.000000 0.000000
vt 0.000000 0.000000
vt 0.000000 0.000000
vt 0.000000 0.000000
vt 0.000000 0.000000
vt 0.000000 0.000000
vt 0.000000 0.000000
vt 0.000000 0.000000
vt 0.000000 0.000000
vt 0.000000 0.000000
vt 0.000000 0.000000
vt 0.000000 0.000000
vt 0.000000 0.000000
vt 0.000000 0.000000
vt 0.000000 0.000000
vt 0.000000 0.000000
vt 0.000000 0.000000
vt 0.000000 0.000000
vt 0.000000 0.000000
vt 0.000000 0.000000
vt 0.000000 0.000000
vt 0.000000 0.000000
vt 0.000000 0.000000
vt 0.000000 0.000000
vt 0.000000 0.000000
vt 0.000000 0.000000
vt 0.000000 0.000000
vt 0.000000 0.000000
vt 0.000000 0.000000
vt 0.000000 0.000000
vt 0.000000 0.000000
vt 0.000000 0.000000
vt 0.000000 0.000000
vt 0.000000 0.000000
vt 0.000000 0.000000
vt 0.000000 0.000000
vt 0.000000 0.000000
vt 0.000000 0.000000
vt 0.000000 0.000000
vt 0.000000 0.000000
vt 0.000000 0.000000
vt 0.000000 0.000000
vt 0.000000 0.000000
vt 0.000000 0.000000
vt 0.000000 0.000000
vt 0.000000 0.000000
vt 0.000000 0.000000
vt 0.000000 0.000000
vt 0.000000 0.000000
vt 0.000000 0.000000
vt 0.000000 0.000000
vt 0.000000 0.000000
vt 0.000000 0.000000
vt 0.000000 0.000000
vt 0.000000 0.000000
vt 0.000000 0.000000
vt 0.000000 0.000000
vt 0.000000 0.000000
vt 0.000000 0.000000
vt 0.000000 0.000000
vt 0.000000 0.000000
vt 0.000000 0.000000
vt 0.000000 0.000000
vt 0.000000 0.000000
vt 0.000000 0.000000
vt 0.000000 0.000000
vt 0.000000 0.000000
vt 0.000000 0.000000
vt 0.000000 0.000000
vt 0.000000 0.000000
vt 0.000000 0.000000
vt 0.000000 0.000000
vt 0.000000 0.000000
vt 0.000000 0.000000
vt 0.000000 0.000000
vt 0.000000 0.000000
vt 0.000000 0.000000
vt 0.000000 0.000000
vt 0.000000 0.000000
vt 0.000000 0.000000
vt 0.000000 0.000000
vt 0.000000 0.000000
vt 0.000000 0.000000
vt 0.000000 0.000000
vt 0.000000 0.000000
vt 0.000000 0.000000
vt 0.000000 0.000000
vt 0.000000 0.000000
vt 0.000000 0.000000
vt 0.000000 0.000000
vt 0.000000 0.000000
vt 0.000000 0.000000
vt 0.000000 0.000000
vt 0.000000 0.000000
vt 0.000000 0.000000
vt 0.000000 0.000000
vt 0.000000 0.000000
vt 0.000000 0.000000
vt 0.000000 0.000000
vt 0.000000 0.000000
vt 0.000000 0.000000
vt 0.000000 0.000000
vt 0.000000 0.000000
vt 0.000000 0.000000
vt 0.000000 0.000000
vt 0.000000 0.000000
vt 0.000000 0.000000
vt 0.000000 0.000000
vt 0.000000 0.000000
vt 0.000000 0.000000
vt 0.000000 0.000000
vt 0.000000 0.000000
vt 0.000000 0.000000
vt 0.000000 0.000000
vt 0.000000 0.000000
vt 0.000000 0.000000
vt 0.000000 0.000000
vt 0.000000 0.000000
vt 0.000000 0.000000
vt 0.000000 0.000000
vt 0.000000 0.000000
vt 0.000000 0.000000
vt 0.000000 0.000000
vt 0.000000 0.000000
vt 0.000000 0.000000
vt 0.000000 0.000000
vt 0.000000 0.000000
vt 0.000000 0.000000
vt 0.000000 0.000000
vt 0.000000 0.000000
vt 0.000000 0.000000
vt 0.000000 0.000000
vt 0.000000 0.000000
vt 0.000000 0.000000
vt 0.000000 0.000000
vt 0.000000 0.000000
vt 0.000000 0.000000
vt 0.000000 0.000000
vt 0.000000 0.000000
vt 0.000000 0.000000
vt 0.000000 0.000000
vt 1.000000 0.500000
vt 1.000000 0.577417
vt 0.984572 0.500000
vt 0.875000 0.500000
vt 0.875000 1.000000
vt 0.773916 1.000000
vt 0.750000 0.937611
vt 0.750000 0.500000
vt 0.726066 1.000000
vt 0.625000 1.000000
vt 0.625000 0.500000
vt 0.500000 1.000000
vt 0.500000 0.500000
vt 0.375000 1.000000
vt 0.375000 0.511787
vt 0.383083 0.500000
vt 0.375000 0.500000
vt 0.366268 0.500000
vt 0.250000 0.500000
vt 0.250000 0.953149
vt 0.242799 1.000000
vt 0.125000 1.000000
vt 0.125000 0.500000
vt 0.000000 1.000000
vt 0.000000 0.577417
vt 0.016542 0.500000
vt 0.901820 0.401828
vt 0.750053 0.464736
vt 0.750000 0.490000
vt 0.770945 0.481324
vt 0.919706 0.419706
vt 0.249996 0.464788
vt 0.401782 0.401929
vt 0.419706 0.419706
vt 0.250000 0.490000
vt 0.964715 0.249992
vt 0.990000 0.250000
vt 0.490000 0.250000
vt 0.476550 0.282470
vt 0.901910 0.098227
vt 0.919706 0.080294
vt 0.464731 0.249902
vt 0.401791 0.098201
vt 0.419706 0.080294
vt 0.476540 0.217505
vt 0.749877 0.035220
vt 0.750000 0.010000
vt 0.250016 0.035151
vt 0.250000 0.010000
vt 0.598247 0.098200
vt 0.591268 0.075749
vt 0.580294 0.080294
vt 0.098209 0.098122
vt 0.080294 0.080294
vt 0.535239 0.249979
vt 0.575384 0.092150
vt 0.510000 0.250000
vt 0.010000 0.250000
vt 0.015228 0.237379
vt 0.598151 0.401810
vt 0.580294 0.419706
vt 0.035278 0.250052
vt 0.098195 0.401848
vt 0.080294 0.419706
vt 0.014050 0.259777
vt 0.727542 0.480698
vt 0.250000 1.000000
vt 0.259296 1.000000
vt 0.000000 0.500000
vt 1.000000 1.000000
vt 0.750000 1.000000
vt 0.131022 0.369126
vt 0.249992 0.418530
vt 0.750131 0.418380
vt 0.630909 0.368984
vt 0.750203 0.357059
vt 0.674237 0.325561
vt 0.638548 0.361326
vt 0.750144 0.407591
vt 0.174424 0.325904
vt 0.249992 0.357321
vt 0.249995 0.407741
vt 0.138662 0.361515
vt 0.368910 0.369293
vt 0.418369 0.249788
vt 0.869210 0.131088
vt 0.918350 0.249987
vt 0.368947 0.130965
vt 0.749730 0.081533
vt 0.250033 0.081351
vt 0.631112 0.131004
vt 0.131074 0.130799
vt 0.581569 0.249962
vt 0.081648 0.250128
vt 0.869025 0.369043
vt 0.865201 0.365220
vt 0.750140 0.412974
vt 0.861391 0.361402
vt 0.249991 0.413135
vt 0.365076 0.365486
vt 0.361245 0.361694
vt 0.912944 0.249986
vt 0.907548 0.250001
vt 0.412956 0.249774
vt 0.407639 0.249786
vt 0.865390 0.134924
vt 0.861732 0.138668
vt 0.365111 0.134792
vt 0.361389 0.138502
vt 0.749712 0.086952
vt 0.749717 0.092019
vt 0.250035 0.086745
vt 0.250015 0.092048
vt 0.634955 0.134837
vt 0.638564 0.138514
vt 0.134908 0.134611
vt 0.138729 0.138422
vt 0.586973 0.249957
vt 0.592327 0.249989
vt 0.087057 0.250137
vt 0.092456 0.250138
vt 0.634729 0.365157
vt 0.134852 0.365309
vt 0.750249 0.303532
vt 0.712041 0.287667
vt 0.680494 0.319285
vt 0.750208 0.348228
vt 0.212291 0.288221
vt 0.249991 0.303891
vt 0.249998 0.348479
vt 0.180674 0.319686
vt 0.325451 0.326090
vt 0.357101 0.249720
vt 0.825979 0.174379
vt 0.857061 0.249972
vt 0.325616 0.174098
vt 0.749644 0.142571
vt 0.250045 0.142478
vt 0.674337 0.174166
vt 0.174552 0.173983
vt 0.642838 0.249940
vt 0.142987 0.250195
vt 0.825677 0.325693
vt 0.819433 0.319438
vt 0.750208 0.352627
vt 0.822544 0.322562
vt 0.319174 0.319863
vt 0.322311 0.322966
vt 0.249991 0.352898
vt 0.848217 0.249985
vt 0.852634 0.249970
vt 0.348343 0.249737
vt 0.352660 0.249713
vt 0.819903 0.180542
vt 0.822834 0.177517
vt 0.319471 0.180214
vt 0.322470 0.177229
vt 0.749653 0.151038
vt 0.749637 0.147029
vt 0.250022 0.151216
vt 0.250048 0.146909
vt 0.680345 0.180249
vt 0.677488 0.177303
vt 0.180822 0.180224
vt 0.177696 0.177103
vt 0.651638 0.249970
vt 0.647270 0.249934
vt 0.151839 0.250194
vt 0.147421 0.250200
vt 0.677367 0.322425
vt 0.177562 0.322779
vt 0.750247 0.299606
vt 0.785091 0.285093
vt 0.799664 0.249908
vt 0.785528 0.214709
vt 0.749630 0.199442
vt 0.714595 0.214324
vt 0.700198 0.249863
vt 0.714832 0.284863
vt 0.284758 0.285573
vt 0.249998 0.299942
vt 0.215070 0.285460
vt 0.200466 0.250225
vt 0.215307 0.214408
vt 0.250073 0.199711
vt 0.285153 0.214317
vt 0.299781 0.249689
vt 0.287560 0.288349
vt 0.303646 0.249671
vt 0.788163 0.212005
vt 0.803610 0.249901
vt 0.287840 0.211642
vt 0.749615 0.195810
vt 0.250094 0.195857
vt 0.712020 0.211679
vt 0.212512 0.211621
vt 0.696292 0.249838
vt 0.196520 0.250232
vt 0.787866 0.287879
vt 0.750251 0.301551
vt 0.786467 0.286481
vt 0.286158 0.286951
vt 0.249991 0.301913
vt 0.801634 0.249897
vt 0.301658 0.249667
vt 0.786748 0.213404
vt 0.286430 0.213043
vt 0.749612 0.197816
vt 0.250098 0.197843
vt 0.713437 0.213081
vt 0.213918 0.213013
vt 0.698273 0.249831
vt 0.198501 0.250234
vt 0.713438 0.286267
vt 0.213694 0.286825
vn 0.0000 1.0000 0.0000
vn 0.0000 0.0000 -1.0000
vn 1.0000 0.0000 0.0000
vn 0.0000 -1.0000 0.0000
vn -1.0000 0.0000 0.0000
vn 0.0000 0.0000 1.0000
vn 0.0000 -0.3827 -0.9239
vn 0.9239 0.3827 0.0000
vn 0.0000 -0.9239 0.3827
vn -0.3827 0.9239 0.0000
vn -0.9239 0.3827 0.0000
vn 0.0000 0.9239 -0.3827
vn 0.0000 0.3827 -0.9239
vn 0.0000 0.9239 0.3827
vn 0.0000 0.3827 0.9239
vn 0.3827 0.9239 0.0000
vn 0.0000 -0.3827 0.9239
vn 0.3827 -0.9239 0.0000
vn 0.9239 -0.3827 0.0000
vn -0.3827 -0.9239 0.0000
vn -0.9239 -0.3827 0.0000
vn 0.0000 -0.9239 -0.3827
vn 0.6683 -0.4159 -0.6168
vn -0.3827 0.0000 -0.9239
vn -0.9239 0.0000 -0.3827
vn -0.9239 0.0000 0.3827
vn -0.3827 0.0000 0.9239
vn 0.3827 0.0000 0.9239
vn 0.9239 0.0000 0.3827
vn 0.9239 0.0000 -0.3827
vn 0.3827 0.0000 -0.9239
vn 0.7288 0.6494 -0.2172
vn 0.9835 -0.0274 -0.1787
vn 0.6904 -0.6882 -0.2230
vn 0.0211 -0.9458 -0.3240
vn -0.6322 -0.6494 -0.4226
vn -0.8870 0.0274 -0.4610
vn 0.0287 0.9996 0.0043
vn -0.5939 0.6882 -0.4168
vn 0.0754 0.9458 -0.3158
vn 0.1492 -0.0000 -0.9888
vn -0.6786 0.7273 -0.1024
vn -0.9884 0.0290 -0.1492
vn -0.7192 -0.6863 -0.1085
vn -0.0287 -0.9996 -0.0043
vn 0.6786 -0.7273 0.1024
vn 0.9884 -0.0290 0.1492
vn 0.7192 0.6863 0.1085
vn 0.0164 0.9962 0.0853
vn 0.6583 0.6641 0.3543
vn 0.9188 -0.0281 0.3936
vn 0.6191 -0.7038 0.3484
vn -0.0654 -0.9673 0.2451
vn -0.7336 -0.6641 0.1442
vn -0.9941 0.0281 0.1049
vn -0.6943 0.7038 0.1502
vn 0.0463 0.9924 -0.1140
vn -0.6559 0.7221 -0.2200
vn -0.9634 0.0288 -0.2664
vn -0.6962 -0.6814 -0.2260
vn -0.0106 -0.9924 -0.1226
vn 0.6916 -0.7221 -0.0166
vn 0.9991 -0.0288 0.0298
vn 0.7319 0.6814 -0.0105
vn 0.7230 0.6369 -0.2678
vn 0.9728 -0.0269 -0.2301
vn 0.6853 -0.6749 -0.2735
vn 0.0290 -0.9276 -0.3725
vn -0.6117 -0.6369 -0.4692
vn -0.8616 0.0269 -0.5069
vn -0.5741 0.6749 -0.4636
vn 0.0822 0.9276 -0.3645
vn -0.6814 0.7272 -0.0829
vn 0.7045 0.6840 0.1891
vn 0.9729 -0.0289 0.2296
vn 0.6641 -0.7249 0.1830
vn -0.0408 -0.9962 0.0766
vn -0.7290 -0.6840 -0.0272
vn -0.9973 0.0289 -0.0677
vn -0.6886 0.7249 -0.0211
vn -0.0099 0.9673 0.2535
vn -0.9911 0.0290 -0.1296
vn -0.7220 -0.6862 -0.0890
vn -0.0316 -0.9994 0.0152
vn 0.6755 -0.7272 0.1219
vn 0.9853 -0.0290 0.1686
vn 0.7161 0.6862 0.1280
vn 0.0257 0.9994 0.0238
vn 0.0064 0.9887 0.1495
vn -0.6932 0.7194 0.0439
vn -0.9996 0.0287 -0.0023
vn -0.7333 -0.6789 0.0379
vn -0.0503 -0.9887 0.1409
vn 0.6493 -0.7194 0.2465
vn 0.9558 -0.0287 0.2928
vn 0.6895 0.6789 0.2526
vn -0.1492 0.0000 0.9888
vn -0.9738 0.0171 0.2266
vn -0.1034 0.8544 -0.5092
vn 0.0211 0.9997 0.0152
vn 0.2157 -0.2439 0.9455
vn -0.2157 0.2439 -0.9455
vn 0.0811 -0.9053 0.4170
vn -0.0453 -0.9918 -0.1197
vn 0.9739 -0.0171 -0.2263
vn 0.1886 0.6171 0.7639
vn -0.1843 -0.6172 -0.7649
vn -0.0389 -0.9919 -0.1212
vn 0.1110 -0.8650 0.4893
vn 0.2407 -0.2442 0.9394
vn 0.2136 0.6165 0.7578
vn 0.0525 0.9939 0.0972
vn -0.0970 0.8543 -0.5106
vn -0.2114 0.2438 -0.9465
vn -0.3645 0.2435 -0.8988
vn -0.0915 0.9178 -0.3864
vn 0.0611 0.9797 0.1909
vn 0.1865 0.6172 0.7644
vn 0.2136 -0.2438 0.9460
vn 0.1176 -0.8137 0.5692
vn -0.0312 -0.9994 0.0179
vn -0.3377 -0.6070 -0.7194
vn -0.2599 0.2444 -0.9342
vn -0.1042 0.8845 -0.4548
vn 0.0457 0.9867 0.1559
vn 0.1908 0.6171 0.7634
vn 0.2179 -0.2439 0.9450
vn 0.1031 -0.8352 0.5402
vn -0.0449 -0.9973 -0.0579
vn -0.2328 -0.6157 -0.7528
vn -0.1580 -0.6174 -0.7706
vn -0.0322 -0.9903 -0.1354
vn 0.0830 -0.8823 0.4633
vn 0.2115 -0.2438 0.9465
vn 0.1844 0.6172 0.7649
vn 0.0238 0.9975 0.0668
vn -0.0900 0.8475 -0.5231
vn -0.1851 0.2432 -0.9521
vn -0.1666 -0.6174 -0.7688
vn -0.0439 -0.9902 -0.1327
vn 0.0921 -0.8986 0.4290
vn 0.2724 -0.2444 0.9306
vn 0.2453 0.6151 0.7493
vn 0.0324 0.9991 0.0287
vn -0.1018 0.8478 -0.5204
vn -0.1937 0.2434 -0.9504
vn 0.0652 -0.6012 -0.7964
vn 0.0165 -0.9992 0.0375
vn 0.1177 -0.8146 0.5679
vn 0.2155 -0.2438 0.9456
vn 0.1884 0.6171 0.7640
vn 0.0612 0.9800 0.1894
vn -0.0442 0.9283 -0.3691
vn 0.0390 0.2315 -0.9720
vn -0.3576 -0.6044 -0.7119
vn -0.0235 -0.9986 0.0481
vn -0.0842 0.9297 -0.3586
vn -0.3843 0.2430 -0.8907
vn 0.1452 0.2218 -0.9642
vn -0.0342 0.9008 -0.4328
vn 0.0550 0.9822 0.1798
vn 0.1708 0.6173 0.7679
vn 0.1979 -0.2435 0.9495
vn 0.1118 -0.8208 0.5601
vn 0.0256 -0.9992 -0.0321
vn 0.1705 -0.5828 -0.7945
vn -0.1886 -0.6171 -0.7639
vn -0.3360 -0.2045 -0.9194
vn 0.1113 0.2085 0.9717
vn 0.4039 0.0000 0.9148
vn 0.9148 0.0000 -0.4039
vn -0.9148 0.0000 0.4039
vn -0.4039 0.0000 -0.9148
vn -0.4039 0.0023 -0.9148
vn -0.8963 0.1999 0.3958
vn 0.4039 -0.0004 0.9148
vn 0.8963 0.1999 -0.3958
vn -0.8295 0.4217 0.3663
vn 0.8432 0.3879 -0.3723
vn 0.7614 0.5543 -0.3362
vn -0.7614 0.5543 0.3362
vn 0.0231 0.0000 0.9997
vn -0.6906 0.0000 0.7233
vn -0.9997 0.0000 0.0231
vn -0.7233 0.0000 -0.6906
vn -0.0231 0.0000 -0.9997
vn 0.6906 0.0000 -0.7233
vn 0.9997 0.0000 -0.0231
vn 0.7233 0.0000 0.6906
vn 0.2804 0.9118 -0.2999
vn 0.7533 0.3758 -0.5397
vn 0.7303 -0.3725 -0.5726
vn 0.2350 -0.8931 -0.3836
vn -0.4418 -0.8931 -0.0847
vn -0.9151 -0.3725 0.1540
vn 0.9351 -0.3544 -0.0005
vn -0.9064 0.3758 0.1931
vn -0.4106 0.9118 0.0052
vn -0.9351 -0.3544 0.0005
vn -0.3465 0.9238 0.1627
vn -0.3623 0.9234 0.1264
vn -0.8437 0.3827 0.3766
vn -0.8502 0.3827 0.3615
vn -0.8466 -0.3827 0.3698
vn -0.8399 -0.3827 0.3848
vn -0.3537 -0.9238 0.1464
vn -0.3375 -0.9234 0.1826
vn 0.3465 -0.9238 -0.1627
vn 0.3623 -0.9234 -0.1264
vn 0.8437 -0.3827 -0.3766
vn 0.8502 -0.3827 -0.3615
vn 0.8466 0.3827 -0.3698
vn 0.8399 0.3827 -0.3848
vn 0.3537 0.9238 -0.1464
vn 0.3375 0.9234 -0.1826
vn -0.3412 0.9237 0.1745
vn -0.8415 0.3827 0.3814
vn -0.8488 -0.3827 0.3649
vn -0.3588 -0.9237 0.1346
vn 0.3412 -0.9237 -0.1745
vn 0.8415 -0.3827 -0.3814
vn 0.8488 0.3827 -0.3649
vn 0.3588 0.9237 -0.1346
vn 0.4344 0.8985 0.0624
vn 0.9136 0.3732 -0.1616
vn 0.9100 -0.3746 -0.1777
vn 0.4216 -0.9064 0.0253
vn -0.2653 -0.9064 0.3286
vn -0.7444 -0.3746 0.5528
vn -0.7348 0.3732 0.5663
vn -0.2465 0.8985 0.3631
vn -0.4766 -0.8556 -0.2020
vn -0.1718 0.8556 0.4883
vn 0.4766 0.8556 0.2020
vn 0.1718 -0.8556 -0.4883
vn 0.6303 0.3544 -0.6908
vn -0.6303 -0.3544 0.6908
vn -0.9351 0.3544 0.0005
vn 0.4766 -0.8556 0.2020
vn 0.9351 0.3544 -0.0005
vn -0.6303 0.3544 0.6908
vn 0.6303 -0.3544 -0.6908
vn -0.4766 0.8556 -0.2020
vn -0.1718 -0.8556 0.4883
vn 0.4040 0.0000 0.9148
vn -0.4040 -0.0000 -0.9148
vn -0.3871 -0.9196 0.0664
vn -0.3098 -0.9196 0.2414
vn -0.8799 -0.3809 0.2840
vn -0.8026 -0.3809 0.4590
vn -0.8799 0.3809 0.2840
vn -0.8026 0.3809 0.4590
vn -0.3871 0.9196 0.0664
vn -0.3098 0.9196 0.2414
vn 0.3098 0.9196 -0.2414
vn 0.3871 0.9196 -0.0664
vn 0.8026 0.3809 -0.4590
vn 0.8799 0.3809 -0.2840
vn 0.8026 -0.3809 -0.4590
vn 0.8799 -0.3809 -0.2840
vn 0.3098 -0.9196 -0.2414
vn 0.3871 -0.9196 -0.0664
vn 0.1718 0.8556 -0.4883
vn 0.1966 0.8742 -0.4440
vn 0.6632 0.3621 -0.6550
vn 0.6632 -0.3621 -0.6550
vn 0.1966 -0.8742 -0.4440
vn -0.4632 -0.8742 -0.1455
vn -0.9298 -0.3621 0.0655
vn -0.3487 0.9239 0.1577
vn -0.9298 0.3621 0.0655
vn -0.4632 0.8742 -0.1455
vn -0.4121 -0.0000 -0.9111
vn -0.8418 0.3827 0.3807
vn -0.8418 -0.3827 0.3807
vn -0.3487 -0.9239 0.1577
vn 0.3487 -0.9239 -0.1577
vn 0.8418 -0.3827 -0.3807
vn 0.8418 0.3827 -0.3807
vn 0.3487 0.9239 -0.1577
vn -0.3138 0.9208 0.2318
vn 0.4413 0.8940 0.0771
vn 0.9185 0.3703 -0.1388
vn 0.9185 -0.3703 -0.1388
vn 0.4413 -0.8940 0.0771
vn -0.2335 -0.8940 0.3823
vn -0.7107 -0.3703 0.5981
vn -0.7107 0.3703 0.5981
vn -0.3955 0.9172 0.0476
vn -0.8850 0.3799 0.2690
vn -0.8850 -0.3799 0.2690
vn -0.3955 -0.9172 0.0476
vn 0.2969 -0.9172 -0.2656
vn 0.7864 -0.3799 -0.4870
vn 0.7864 0.3799 -0.4870
vn 0.2969 0.9172 -0.2656
vn 0.1700 0.8573 -0.4859
vn 0.6275 0.3551 -0.6929
vn 0.6275 -0.3551 -0.6929
vn 0.1700 -0.8573 -0.4859
vn -0.4771 -0.8573 -0.1932
vn -0.9347 -0.3551 0.0137
vn -0.9347 0.3551 0.0137
vn -0.4771 0.8573 -0.1932
vn -0.8335 0.3826 0.3986
vn 0.3812 0.9208 -0.0826
vn 0.8727 0.3814 -0.3049
vn 0.8727 -0.3814 -0.3049
vn 0.3812 -0.9208 -0.0826
vn -0.3138 -0.9208 0.2318
vn -0.8052 -0.3814 0.4541
vn -0.8052 0.3814 0.4541
vn -0.2335 0.8940 0.3823
vn -0.8335 -0.3826 0.3986
vn -0.3405 -0.9237 0.1756
vn 0.3567 -0.9237 -0.1397
vn 0.8497 -0.3826 -0.3627
vn 0.8497 0.3826 -0.3627
vn 0.3567 0.9237 -0.1397
vn -0.3405 0.9237 0.1756
vn -0.2844 0.9139 0.2898
vn -0.7721 0.3785 0.5104
vn -0.7721 -0.3785 0.5104
vn -0.2844 -0.9139 0.2898
vn 0.4054 -0.9139 -0.0222
vn 0.8932 -0.3785 -0.2428
vn 0.8932 0.3785 -0.2428
vn 0.4054 0.9139 -0.0222
vn 0.4121 0.0000 0.9111
vn -0.6449 0.0827 0.7598
vn 0.7195 -0.0431 -0.6931
vn -0.7858 0.0030 0.6184
vn 0.7196 -0.0431 -0.6931
vn -0.7195 0.0431 0.6931
vn -0.6829 0.1415 0.7166
vn -0.7478 -0.0558 0.6616
vn 0.7048 -0.3961 0.5885
vn 0.3108 -0.9264 0.2125
vn -0.2163 -0.9170 -0.3352
vn -0.5676 -0.3733 -0.7338
vn -0.5374 0.3861 -0.7497
vn -0.1434 0.9164 -0.3737
vn 0.3836 0.9069 0.1740
vn 0.7350 0.3633 0.5726
vn 0.5741 -0.3899 0.7200
vn 0.1784 -0.9225 0.3423
vn -0.3510 -0.9130 -0.2079
vn -0.7039 -0.3669 -0.6082
vn -0.6736 0.3958 -0.6242
vn 0.2516 0.9190 0.3037
vn 0.6045 0.3729 0.7040
vn 0.8788 0.3271 0.3474
vn 0.5513 0.8340 -0.0242
vn 0.0599 0.8428 -0.5349
vn -0.3075 0.3484 -0.8855
vn -0.3356 -0.3596 -0.8706
vn -0.0081 -0.8665 -0.4990
vn 0.4833 -0.8754 0.0116
vn 0.8507 -0.3809 0.3622
vn 0.6451 0.3714 0.6678
vn 0.2914 0.9187 0.2665
vn -0.6359 0.3944 -0.6634
vn -0.6663 -0.3701 -0.6474
vn -0.3126 -0.9175 -0.2462
vn 0.2180 -0.9270 0.3053
vn 0.6147 -0.3931 0.6838
vn -0.6482 0.0006 0.7615
vn -0.7826 0.0852 0.6167
vn -0.6908 -0.0568 0.7208
vn 0.6253 -0.3938 0.6737
vn 0.2286 -0.9277 0.2951
vn -0.6557 -0.3708 -0.6577
vn -0.6253 0.3938 -0.6737
vn 0.3020 0.9182 0.2564
vn 0.6557 0.3708 0.6577
vn -0.9733 -0.2109 0.0910
vn -0.3445 0.6354 0.6911
vn -0.3926 -0.5766 0.7165
vn -0.9533 0.2911 0.0805
vn -0.1122 0.2760 0.9546
vn -0.1322 -0.2260 0.9651
vn -0.7399 0.1426 0.6574
vn -0.2778 0.9285 -0.2465
vn -0.2392 0.9282 -0.2849
vn -0.3020 -0.9182 -0.2564
vn -0.2286 0.9277 -0.2951
vn -0.6928 0.6416 0.3291
vn -0.7410 -0.5703 0.3545
vn -0.6494 -0.6440 -0.4044
vn 0.1932 -0.6541 0.7313
vn 0.6494 0.6440 0.4044
vn 0.1671 0.7564 0.6324
vn 0.6717 -0.5569 0.4886
vn 0.3427 0.5569 -0.7566
vn -0.6717 0.5569 -0.4886
vn -0.1932 0.6541 -0.7313
vn -0.3427 -0.5569 0.7566
vn -0.3649 0.6440 0.6724
vn 0.3649 -0.6440 -0.6724
vn -0.1671 -0.7564 -0.6324
vn 0.9668 -0.0000 -0.2555
vn -0.9668 0.0000 0.2555
vn 0.9572 0.2895 0.0060
vn 0.5244 0.6988 0.4865
vn -0.2156 0.6988 0.6820
vn -0.8293 0.2895 0.4780
vn -0.9572 -0.2895 -0.0060
vn -0.5244 -0.6988 -0.4865
vn 0.2156 -0.6988 -0.6820
vn 0.8293 -0.2895 -0.4780
vn -0.9951 0.0000 0.0988
vn -0.0988 0.0000 -0.9951
vn 0.9951 0.0000 -0.0988
vn 0.0988 0.0000 0.9951
vn -0.4721 0.0000 -0.8816
vn 0.8816 0.0000 -0.4721
vn 0.9572 0.0000 0.2895
vn -0.2895 0.0000 0.9572
vn -0.8816 0.0000 0.4721
vn 0.2895 0.0000 -0.9572
vn -0.9572 0.0000 -0.2895
vn 0.4721 -0.0000 0.8816
vn -0.0950 0.2729 -0.9573
vn 0.0950 0.2729 0.9573
vn -0.0951 0.2730 -0.9573
vn 0.0951 0.2730 0.9573
vn -0.9842 0.0141 -0.1767
vn -0.9178 -0.0316 0.3959
vn -0.0000 0.9968 0.0796
vn 0.4724 -0.0702 0.8786
vn 0.9733 0.0183 -0.2290
vn -0.7956 -0.0482 0.6039
vn 0.0000 -0.9968 -0.0796
vn -0.9510 -0.0246 0.3081
vn -0.5403 -0.0670 0.8388
vn -0.9332 -0.0286 0.3582
vn -0.7208 -0.0552 0.6909
vn -0.9990 0.0036 -0.0451
vn 0.7865 0.0492 -0.6157
vn 0.9943 0.0085 -0.1065
vn 0.8520 0.0417 -0.5219
vn 0.7832 0.0495 -0.6198
vn 0.9969 0.0063 -0.0786
vn -0.7171 -0.0555 0.6948
vn 0.8931 -0.0358 0.4484
vn -0.7709 -0.0507 0.6349
vn 0.9988 0.0039 -0.0485
vn -0.8059 -0.0471 0.5901
vn 0.8417 0.0430 -0.5383
vn -0.2198 0.0777 -0.9724
vn 0.6212 -0.0624 0.7811
vn 0.8052 -0.0472 0.5911
vn 0.6178 -0.0626 0.7838
vn -0.4724 0.0702 -0.8786
vn -0.8951 -0.0355 0.4444
vn -0.6748 0.0588 -0.7357
vn -0.5849 0.0646 -0.8085
vn 0.5984 0.0638 -0.7987
vn -0.3634 0.0742 -0.9287
vn -0.2731 0.0766 -0.9589
vn 0.6489 0.0606 -0.7584
vn -0.1384 -0.5180 0.8441
vn -0.1350 -0.2344 0.9627
vn -0.1351 0.0786 0.9877
vn -0.1316 0.4196 0.8981
vn 0.1912 -0.5563 0.8087
vn 0.2260 -0.2341 0.9456
vn 0.2260 0.0810 0.9708
vn 0.1912 0.4258 0.8844
vn 0.5246 -0.5480 0.6515
vn 0.5959 -0.2210 0.7721
vn 0.5959 0.0957 0.7974
vn 0.5246 0.4376 0.7303
vn 0.6435 -0.5403 0.5422
vn 0.7250 -0.2109 0.6557
vn 0.7250 0.1042 0.6809
vn 0.6461 0.4398 0.6238
vn 0.8144 -0.5156 0.2663
vn 0.9178 -0.1855 0.3511
vn 0.9178 0.1274 0.3761
vn 0.8330 0.4266 0.3523
vn -0.6656 0.4465 -0.5980
vn -0.7083 0.1882 -0.6804
vn -0.7083 -0.0778 -0.7016
vn -0.6562 -0.3821 -0.6507
vn -0.4445 0.5310 -0.7215
vn -0.4891 0.2209 -0.8438
vn -0.4891 -0.0842 -0.8681
vn -0.4423 -0.4214 -0.7917
vn -0.4032 0.5439 -0.7360
vn -0.4526 0.2237 -0.8632
vn -0.4526 -0.0839 -0.8878
vn -0.4028 -0.4201 -0.8132
vn -0.3774 0.5325 -0.7577
vn -0.4344 0.2208 -0.8732
vn -0.4344 -0.0794 -0.8972
vn -0.3769 -0.4052 -0.8329
vn -0.2178 0.4988 -0.8389
vn -0.2540 0.2092 -0.9443
vn -0.2540 -0.0567 -0.9655
vn -0.2187 -0.3209 -0.9215
vn -0.8091 -0.3682 -0.4580
vn -0.8818 -0.1038 -0.4601
vn -0.8818 0.1755 -0.4378
vn -0.7915 0.4817 -0.3762
vn -0.8430 -0.5091 -0.1736
vn -0.9726 -0.1653 -0.1632
vn -0.9726 0.1891 -0.1349
vn -0.8272 0.5556 -0.0835
vn -0.7727 -0.6039 0.1956
vn -0.9430 -0.2233 0.2467
vn -0.9430 0.1813 0.2791
vn -0.7691 0.5701 0.2889
vn -0.5257 -0.5924 0.6104
vn -0.6427 -0.2412 0.7271
vn -0.6427 0.1227 0.7562
vn -0.5399 0.4576 0.7065
vn 0.8500 -0.4959 -0.1776
vn 0.9642 -0.1666 -0.2064
vn 0.9642 0.1973 -0.1773
vn 0.8300 0.5497 -0.0943
vn 0.5896 -0.5460 -0.5953
vn 0.6943 -0.1473 -0.7045
vn 0.6943 0.2573 -0.6721
vn 0.5926 0.6288 -0.5035
vn 0.2942 -0.4843 -0.8240
vn 0.3493 -0.1040 -0.9312
vn 0.3493 0.2505 -0.9029
vn 0.3022 0.5852 -0.7525
vn 0.0264 -0.3802 -0.9245
vn 0.0428 -0.0609 -0.9972
vn 0.0428 0.2184 -0.9749
vn 0.0311 0.4805 -0.8765
vn -0.3445 -0.4293 -0.8349
vn -0.3923 -0.4295 -0.8134
vn -0.4936 -0.4327 -0.7544
vn -0.5991 -0.4391 -0.6696
vn -0.3913 -0.0862 -0.9162
vn -0.4452 -0.0876 -0.8911
vn -0.5606 -0.0924 -0.8229
vn -0.6809 -0.0996 -0.7256
vn -0.3913 0.2305 -0.8909
vn -0.4452 0.2279 -0.8660
vn -0.5606 0.2218 -0.7978
vn -0.6809 0.2135 -0.7006
vn -0.3445 0.5563 -0.7562
vn -0.3923 0.5532 -0.7349
vn -0.4935 0.5470 -0.6762
vn -0.5997 0.5376 -0.5927
vn 0.3445 0.4293 0.8349
vn 0.3923 0.4295 0.8134
vn 0.4382 0.4310 0.7888
vn 0.4824 0.4337 0.7611
vn 0.3913 0.0862 0.9162
vn 0.4452 0.0876 0.8912
vn 0.4972 0.0896 0.8630
vn 0.5474 0.0923 0.8318
vn 0.3912 -0.2305 0.8910
vn 0.4452 -0.2279 0.8660
vn 0.4972 -0.2255 0.8378
vn 0.5474 -0.2232 0.8066
vn 0.3445 -0.5563 0.7562
vn 0.3923 -0.5532 0.7349
vn 0.4382 -0.5507 0.7104
vn 0.4824 -0.5490 0.6826
vn -0.1141 0.0791 -0.9903
vn 0.5779 0.0650 -0.8135
vn 0.9008 0.0346 -0.4328
vn -0.9746 -0.0178 0.2232
vn -0.9846 0.0139 -0.1742
vn -0.7480 0.0528 -0.6616
vn 0.9676 0.0201 -0.2517
vn 0.1597 0.0786 -0.9840
vn 0.4554 0.0709 -0.8875
vn -0.9461 0.0258 -0.3230
vn -0.8347 0.0438 -0.5490
vn -0.6442 0.0609 -0.7624
vn 0.0000 -0.8507 0.5257
vn 0.0000 0.8507 0.5257
vn 0.0000 0.8507 -0.5257
vn 0.0000 -0.8507 -0.5257
vn -0.7097 0.0000 0.7045
vn -0.7045 0.0000 -0.7097
vn 0.7097 0.0000 -0.7045
vn 0.7045 0.0000 0.7097
vn -0.4688 0.0000 -0.8833
vn -0.9561 0.0000 -0.2931
vn -0.7418 0.2730 -0.6125
vn -0.7712 0.0000 -0.6366
vn 0.2931 0.0000 -0.9561
vn 0.8833 0.0000 -0.4688
vn 0.9561 0.0000 0.2931
vn 0.4688 -0.0000 0.8833
vn 0.7418 0.2730 0.6125
vn 0.7711 0.0000 0.6367
vn -0.2931 0.0000 0.9561
vn -0.8833 0.0000 0.4688
vn 0.3792 0.0000 0.9253
vn -0.3861 0.0000 0.9224
vn -0.9253 0.0000 0.3792
vn -0.9224 0.0000 -0.3861
vn -0.3792 0.0000 -0.9253
vn 0.3861 0.0000 -0.9224
vn 0.9253 0.0000 -0.3792
vn 0.9224 0.0000 0.3861
vn 0.7042 0.6839 0.1907
vn 0.9725 -0.0289 0.2312
vn 0.6638 -0.7248 0.1846
vn -0.0410 -0.9961 0.0782
vn -0.7291 -0.6839 -0.0256
vn -0.9974 0.0289 -0.0661
vn -0.6887 0.7248 -0.0195
vn 0.0161 0.9961 0.0868
vn 0.0252 0.9993 0.0271
vn -0.6819 0.7271 -0.0796
vn -0.9916 0.0290 -0.1263
vn -0.7224 -0.6861 -0.0857
vn -0.0321 -0.9993 0.0185
vn 0.6750 -0.7271 0.1252
vn 0.9847 -0.0290 0.1719
vn 0.7155 0.6861 0.1313
vn 0.7188 0.6863 0.1109
vn 0.9880 -0.0290 0.1516
vn 0.6783 -0.7273 0.1048
vn -0.0290 -0.9996 -0.0019
vn -0.7195 -0.6863 -0.1061
vn -0.9887 0.0290 -0.1468
vn -0.6790 0.7273 -0.1000
vn 0.0283 0.9996 0.0067
vn -0.2251 -0.2079 -0.9519
vn 0.0308 -0.9780 0.2063
vn 0.2252 0.2079 0.9519
vn -0.0308 0.9780 -0.2063
vn -0.0536 -0.9863 -0.1557
vn 0.9738 -0.0171 -0.2266
vn 0.0457 0.9605 0.2744
vn 0.2157 -0.2438 0.9455
vn 0.9827 0.0674 0.1728
vn -0.7387 0.1168 0.6638
vn -0.7387 0.1167 0.6638
vn -0.1109 0.8345 -0.5398
vn -0.1020 0.8580 -0.5034
vn -0.0438 -0.9926 -0.1131
vn 0.8173 0.1434 0.5580
vn -0.8810 0.0709 0.4678
vn -0.0774 0.9125 -0.4018
vn -0.0172 -0.9999 0.0016
vn 0.8494 0.1344 0.5104
vn -0.8589 0.0797 0.5059
vn -0.0568 0.9481 -0.3129
vn 0.0089 -0.9932 0.1158
vn 0.9298 0.1038 0.3532
vn -0.8540 0.0815 0.5139
vn -0.0615 0.9422 -0.3293
vn -0.0008 -0.9969 0.0786
vn 0.9475 0.0943 0.3055
vn -0.7905 0.1025 0.6039
vn -0.0580 0.9470 -0.3158
vn 0.0029 -0.9957 0.0930
vn 0.9585 0.0874 0.2714
vn -0.7544 0.1126 0.6466
vn -0.0661 0.9349 -0.3486
vn -0.0055 -0.9983 0.0581
vn 0.9826 0.0674 0.1728
vn -0.0693 0.9433 -0.3245
vn 0.0091 -0.9968 0.0790
vn -0.0182 -0.9998 -0.0025
vn 0.9904 0.0021 -0.1381
vn -0.9480 0.0368 0.3161
vn -0.0783 0.9107 -0.4055
vn -0.0182 -0.9998 -0.0028
vn 0.9967 0.0455 0.0672
vn -0.9309 0.0471 0.3623
vn -0.0784 0.9106 -0.4058
vn -0.0009 -0.9974 0.0717
vn 0.8731 0.1268 0.4709
vn -0.8962 0.0644 0.4389
vn -0.0618 0.9395 -0.3368
vn 0.0029 -0.9961 0.0879
vn 0.4799 0.1955 0.8553
vn -0.8622 0.0784 0.5005
vn -0.0582 0.9451 -0.3215
vn 0.0008 -0.9969 0.0788
vn 0.3330 0.2046 0.9204
vn -0.8992 0.0630 0.4329
vn -0.0602 0.9420 -0.3301
vn 0.0020 -0.9942 0.1077
vn -0.0504 0.9509 -0.3052
vn -0.0053 -0.9983 0.0588
vn -0.0662 0.9347 -0.3493
vn 0.0031 -0.9956 0.0936
vn -0.0582 0.9468 -0.3164
vn -0.0006 -0.9968 0.0793
vn -0.0617 0.9420 -0.3300
vn 0.0061 -0.9945 0.1041
vn -0.0537 0.9524 -0.3002
vn -0.0524 0.9541 -0.2949
vn -0.0618 0.9418 -0.3303
vn -0.0582 0.9467 -0.3167
vn -0.0663 0.9345 -0.3496
vn -0.0519 0.9425 -0.3301
vn 0.0108 -0.9944 0.1051
vn -0.0054 -0.9983 0.0584
vn 0.0030 -0.9956 0.0933
vn -0.0007 -0.9969 0.0790
vn 0.0076 -0.9939 0.1103
vn 0.0980 0.9740 0.2045
vn 0.0044 -0.9953 0.0970
vn -0.0005 -0.9968 0.0797
vn 0.0031 -0.9956 0.0939
vn -0.0052 -0.9982 0.0591
vn -0.0082 -0.9964 0.0846
vn -0.0593 0.9512 -0.3027
vn -0.0661 0.9348 -0.3489
vn -0.0581 0.9469 -0.3161
vn -0.0616 0.9421 -0.3296
vn -0.0552 0.9504 -0.3061
vn 0.1054 -0.8132 0.5723
vn 0.1288 -0.8385 0.5295
vn 0.3501 -0.9239 -0.1546
vn -0.8452 0.3827 0.3732
vn -0.2514 -0.2517 0.9346
vn 0.8601 0.2517 0.4437
vn -0.3501 0.9239 0.1546
vn 0.3501 0.9239 -0.1546
vn -0.3501 -0.9239 0.1546
vn 0.8452 0.3827 -0.3732
vn -0.8452 -0.3827 0.3732
vn 0.8451 0.3827 -0.3732
vn 0.8452 -0.3827 -0.3732
vn 0.8451 -0.3827 -0.3732
vn 0.2515 -0.2517 -0.9346
vn -0.8601 0.2517 -0.4437
vn 0.8601 -0.2516 0.4437
vn -0.2514 0.2517 0.9346
vn -0.0741 -0.6076 -0.7908
vn -0.5345 0.6076 -0.5875
vn 0.5345 -0.6076 0.5875
vn -0.0741 0.6076 -0.7908
vn 0.0741 0.6076 0.7908
vn -0.5345 -0.6076 -0.5875
vn 0.5345 0.6076 0.5875
vn 0.0741 -0.6076 0.7908
vn 0.2515 0.2517 -0.9346
vn -0.8601 -0.2516 -0.4437
vn 0.1727 -0.4583 -0.8718
vn -0.9811 0.0000 -0.1935
vn -0.0299 0.9974 -0.0660
vn -0.0299 -0.9974 -0.0660
vn -0.7844 0.4326 -0.4445
vn -0.9859 0.0000 0.1676
vn 0.5025 0.0000 -0.8646
vn 0.7769 0.0000 -0.6297
vn -0.7844 -0.4326 -0.4445
vn 0.1727 0.4583 -0.8718
vn 0.0397 0.9990 -0.0209
vn -0.3690 -0.8693 -0.3290
vn -0.6579 0.3970 0.6399
vn -0.2584 0.9291 0.2647
vn 0.6579 -0.3970 -0.6399
vn 0.2584 -0.9291 -0.2647
vn -0.3309 -0.8937 0.3029
vn -0.6863 -0.3164 0.6549
vn 0.3309 0.8937 -0.3029
vn 0.6863 0.3164 -0.6549
vn -0.0397 -0.9990 0.0209
vn 0.2482 0.2803 -0.9273
vn 0.3277 -0.0328 -0.9442
vn 0.2236 -0.3377 -0.9143
vn -0.2994 0.8813 -0.3657
vn -0.9163 0.3501 0.1944
vn -0.6436 -0.7564 -0.1168
vn -0.0788 0.7694 -0.6339
vn -0.1406 -0.7865 -0.6013
vn -0.9555 0.0441 0.2918
vn -0.5818 0.7995 -0.1494
vn -0.9409 -0.2679 0.2074
vn -0.3056 -0.2888 0.9073
vn 0.0944 0.8163 0.5699
vn -0.3809 0.0345 0.9240
vn 0.5517 -0.8279 0.1015
vn 0.6158 0.7850 0.0677
vn 0.0303 -0.7966 0.6037
vn -0.2802 0.3499 0.8939
vn 0.3332 0.8972 0.2900
vn 0.8979 -0.3610 -0.2520
vn 0.9373 -0.0445 -0.3458
vn 0.9233 0.2778 -0.2654
vn 0.2614 -0.9078 0.3279
vn 0.6933 -0.0124 0.7205
vn 0.6068 -0.3926 0.6911
vn 0.2102 -0.9263 0.3126
vn -0.3202 -0.9168 -0.2386
vn -0.6739 -0.3696 -0.6398
vn -0.6435 0.3948 -0.6558
vn 0.2836 0.9190 0.2740
vn 0.6372 0.3718 0.6751
vn 0.2994 -0.8813 0.3657
vn 0.9409 0.2679 -0.2074
vn 0.9555 -0.0441 -0.2918
vn 0.9163 -0.3501 -0.1944
vn 0.3690 0.8693 0.3290
vn -0.2236 0.3377 0.9143
vn 0.0788 -0.7694 0.6339
vn 0.6436 0.7564 0.1168
vn 0.5818 -0.7995 0.1494
vn -0.3277 0.0328 0.9442
vn 0.1406 0.7865 0.6013
vn -0.2482 -0.2803 0.9273
vn -0.9233 -0.2778 0.2654
vn -0.5517 0.8279 -0.1015
vn -0.9373 0.0445 0.3458
vn -0.0944 -0.8163 -0.5699
vn -0.0303 0.7966 -0.6037
vn -0.6158 -0.7850 -0.0676
vn -0.8979 0.3610 0.2520
vn -0.2614 0.9078 -0.3279
vn 0.2802 -0.3499 -0.8939
vn 0.3809 -0.0345 -0.9240
vn 0.3056 0.2888 -0.9073
vn -0.3332 -0.8972 -0.2900
vn -0.6933 0.0124 -0.7205
vn -0.2469 0.9285 -0.2773
vn -0.5504 0.4025 0.7315
vn -0.5836 -0.3613 0.7272
vn -0.2753 -0.9143 0.2972
vn 0.1949 -0.9314 -0.3076
vn 0.5504 -0.4025 -0.7315
vn 0.5836 0.3613 -0.7272
vn 0.2753 0.9143 -0.2972
vn 0.4684 0.8740 -0.1297
vn 0.7663 0.3395 -0.5455
vn 0.7341 -0.3987 -0.5496
vn 0.3906 -0.9099 -0.1397
vn -0.0638 -0.8934 0.4448
vn -0.3620 -0.3589 0.8603
vn -0.3298 0.3794 0.8645
vn 0.0139 0.8905 0.4548
vn -0.8224 -0.4137 -0.3905
vn -0.7884 0.0378 -0.6140
vn 0.8078 -0.1661 0.5656
vn -0.9731 -0.1437 -0.1801
vn 0.7428 -0.1638 0.6492
vn -0.9568 0.2297 -0.1780
vn 0.7001 -0.0874 0.7087
vn -0.7831 0.4880 -0.3855
vn 0.7047 0.0182 0.7092
vn -0.1949 0.9314 0.3076
vn -0.2752 -0.9143 0.2972
vn -0.1949 0.9314 0.3075
vn 0.8570 -0.0931 0.5069
vn -0.5927 -0.4221 -0.6860
vn 0.8616 0.0125 0.5075
vn -0.4187 -0.1638 -0.8932
vn 0.8189 0.0889 0.5670
vn -0.4024 0.2096 -0.8911
vn 0.7539 0.0913 0.6506
vn -0.5534 0.4796 -0.6809
vn 0.9241 0.3817 -0.0211
vn 0.9241 -0.3817 0.0211
vn 0.3831 -0.9223 0.0509
vn -0.3831 -0.9223 0.0509
vn -0.9241 -0.3817 0.0211
vn -0.9241 0.3817 -0.0211
vn -0.3831 0.9223 -0.0509
vn -0.3703 0.8773 -0.3054
vn -0.8932 0.3548 -0.2763
vn -0.8932 -0.3830 -0.2356
vn -0.3703 -0.9056 -0.2070
vn 0.3703 -0.9056 -0.2070
vn 0.8932 -0.3831 -0.2356
vn 0.8932 0.3548 -0.2763
vn 0.3703 0.8773 -0.3054
vn 0.1872 -0.4025 0.8961
vn -0.0000 0.0551 0.9985
vn -0.0529 -0.1820 -0.9819
vn 0.4518 -0.1385 0.8813
vn 0.0529 -0.1820 -0.9819
vn 0.4518 0.2347 0.8607
vn 0.1278 -0.1074 -0.9860
vn 0.1872 0.4987 0.8463
vn 0.1278 -0.0018 -0.9918
vn 0.3831 0.9223 -0.0509
vn -0.9241 -0.3817 0.0210
vn -0.1278 -0.1074 -0.9860
vn -0.1872 -0.4025 0.8961
vn -0.1278 -0.0018 -0.9918
vn -0.4518 -0.1385 0.8813
vn -0.0529 0.0729 -0.9959
vn -0.4518 0.2347 0.8607
vn 0.0529 0.0729 -0.9959
vn -0.1872 0.4987 0.8463
vn 0.0600 0.3775 0.9241
vn -0.0600 -0.3775 0.9241
vn -0.1451 -0.9122 0.3831
vn -0.1451 -0.9122 -0.3831
vn -0.0600 -0.3775 -0.9241
vn 0.0600 0.3775 -0.9241
vn 0.1451 0.9122 -0.3831
vn 0.3936 0.8414 -0.3703
vn 0.3112 0.3246 -0.8932
vn 0.1952 -0.4052 -0.8932
vn 0.1132 -0.9220 -0.3703
vn 0.1132 -0.9220 0.3703
vn 0.1952 -0.4052 0.8932
vn 0.3112 0.3246 0.8932
vn 0.3936 0.8414 0.3703
vn -0.9326 -0.3087 0.1872
vn -0.9876 0.1570 0.0000
vn 0.9581 -0.2816 -0.0529
vn -0.8909 -0.0476 0.4518
vn 0.9581 -0.2816 0.0529
vn -0.8322 0.3216 0.4518
vn 0.9698 -0.2077 0.1278
vn -0.7908 0.5827 0.1872
vn 0.9864 -0.1033 0.1278
vn 0.1451 0.9122 0.3831
vn 0.0601 0.3775 0.9241
vn -0.0601 -0.3775 0.9240
vn 0.9698 -0.2078 -0.1278
vn -0.9326 -0.3087 -0.1872
vn 0.9864 -0.1033 -0.1278
vn -0.8909 -0.0476 -0.4518
vn 0.9982 -0.0295 -0.0529
vn -0.8322 0.3216 -0.4518
vn 0.9982 -0.0295 0.0529
vn -0.7908 0.5827 -0.1872
vn -0.4324 0.4025 0.8069
vn -0.4659 -0.3613 0.8077
vn -0.2267 -0.9143 0.3357
vn 0.1457 -0.9314 -0.3337
vn 0.4324 -0.4025 -0.8069
vn 0.4659 0.3613 -0.8077
vn 0.2267 0.9143 -0.3357
vn 0.4431 0.8740 -0.1996
vn 0.6741 0.3395 -0.6560
vn 0.6417 -0.3987 -0.6552
vn 0.3648 -0.9099 -0.1977
vn 0.0048 -0.8934 0.4493
vn -0.2266 -0.3589 0.9055
vn -0.1942 0.3794 0.9046
vn 0.0831 0.8905 0.4474
vn -0.8723 -0.4137 -0.2605
vn -0.8728 0.0378 -0.4866
vn 0.8846 -0.1661 0.4358
vn -0.9892 -0.1437 -0.0296
vn 0.8331 -0.1637 0.5283
vn -0.9728 0.2298 -0.0300
vn 0.8000 -0.0874 0.5936
vn -0.8327 0.4880 -0.2615
vn 0.8047 0.0182 0.5935
vn -0.1457 0.9314 0.3337
vn 0.2268 0.9143 -0.3357
vn -0.2268 -0.9143 0.3357
vn -0.4325 0.4025 0.8068
vn 0.4660 0.3613 -0.8077
vn 0.9242 -0.0931 0.3703
vn -0.6904 -0.4221 -0.5876
vn 0.9289 0.0125 0.3702
vn -0.5500 -0.1638 -0.8189
vn 0.8958 0.0889 0.4355
vn -0.5336 0.2096 -0.8193
vn 0.8443 0.0913 0.5280
vn -0.6508 0.4797 -0.5886
vn 0.4721 0.0000 0.8815
vn 0.8815 0.0000 -0.4721
vn 0.2896 -0.0000 -0.9572
vn -0.4721 0.0000 -0.8815
vn -0.4652 -0.0614 -0.8831
vn 0.4613 -0.1918 0.8663
vn 0.4613 0.0518 0.8857
vn -0.4652 0.2008 -0.8621
vn -0.7283 0.5305 0.4339
vn -0.7283 -0.5926 0.3442
vn -0.0993 0.0569 -0.9934
vn 0.6344 0.0442 -0.7718
vn 0.9951 0.0057 -0.0987
vn 0.7744 -0.0362 0.6317
vn 0.0993 -0.0569 0.9934
vn -0.6343 -0.0442 0.7718
vn 0.4826 -0.8203 0.3070
vn -0.9951 -0.0057 0.0987
vn -0.7744 0.0362 -0.6317
vn -0.3818 0.7441 0.5482
vn 0.0000 0.9941 0.1080
vn -0.0000 -0.9941 -0.1080
vn 0.4677 0.7513 0.4656
vn 0.3818 -0.7441 -0.5482
vn -0.6122 -0.7903 -0.0248
vn 0.3966 0.8284 -0.3956
vn -0.6092 0.7796 0.1455
vn 0.0624 -0.8413 0.5369
vn 0.0594 0.7329 0.6778
vn 0.6092 -0.7795 -0.1455
vn -0.4677 -0.7513 -0.4656
vn -0.0594 -0.7329 -0.6778
vn 0.6122 0.7903 0.0248
vn -0.4826 0.8203 -0.3070
vn -0.0624 0.8413 -0.5369
vn -0.3967 -0.8284 0.3956
vn 0.6343 0.0442 -0.7718
vn -0.6344 -0.0442 0.7718
vn 0.3967 0.8284 -0.3956
vn 0.6092 -0.7796 -0.1455
vn -0.8922 0.4516 0.0000
vn 0.0000 0.6119 -0.7909
vn 0.0000 0.6119 0.7909
vn 0.0000 -0.1804 0.9836
vn 0.8922 0.4516 0.0000
vn 0.9929 -0.1191 0.0000
vn 0.0000 0.1032 0.9947
vn 0.0000 0.2414 0.9704
vn 0.0000 0.3692 0.9293
vn 0.9977 0.0677 0.0000
vn 0.9870 0.1606 0.0000
vn 0.9678 0.2515 0.0000
vn 0.0000 0.1032 -0.9947
vn 0.0000 0.2414 -0.9704
vn 0.0000 0.3693 -0.9293
vn -0.9977 0.0677 0.0000
vn -0.9870 0.1606 0.0000
vn -0.9678 0.2516 0.0000
vn 0.0000 -0.1804 -0.9836
vn -0.2368 0.9716 0.0000
vn -0.6729 0.7397 0.0000
vn -0.9593 0.2826 0.0000
vn 0.0000 0.9875 -0.1575
vn 0.0000 0.8594 -0.5114
vn 0.0000 0.4106 -0.9118
vn 0.2368 0.9716 0.0000
vn 0.6729 0.7397 0.0000
vn 0.9593 0.2826 0.0000
vn 0.0000 0.9875 0.1575
vn 0.0000 0.8594 0.5114
vn 0.0000 0.4106 0.9118
vn -0.9929 -0.1191 0.0000
vn -0.2452 -0.9695 0.0000
vn -0.7748 -0.6322 0.0000
vn -0.9997 0.0249 0.0000
vn 0.0000 -0.9866 -0.1632
vn 0.0000 -0.7802 -0.6256
vn 0.0000 0.0381 -0.9993
vn 0.2452 -0.9695 0.0000
vn 0.7748 -0.6322 -0.0000
vn 0.9997 0.0249 -0.0000
vn 0.0000 -0.9866 0.1632
vn 0.0000 -0.7802 0.6256
vn 0.0000 0.0381 0.9993
vn 0.6367 0.0000 -0.7711
vn -0.6367 0.0000 0.7711
vn 0.6733 0.2789 -0.6848
vn -0.6733 0.2789 -0.6848
vn -0.2789 -0.6732 -0.6848
vn 0.6733 -0.2789 -0.6848
vn 0.2789 0.6732 -0.6848
vn -0.2789 0.6732 -0.6848
vn -0.6733 -0.2789 -0.6848
vn 0.2789 -0.6733 -0.6848
vn 0.3822 0.9228 0.0487
vn 0.9228 0.3822 0.0487
vn 0.9228 -0.3822 0.0487
vn 0.3822 -0.9228 0.0487
vn -0.3822 -0.9228 0.0487
vn -0.9228 -0.3822 0.0487
vn -0.9228 0.3822 0.0487
vn -0.3822 0.9228 0.0487
vn 0.1857 -0.9826 0.0000
vn -0.3018 -0.9534 0.0000
vn -0.6194 -0.7850 0.0000
vn -0.8514 -0.5246 0.0000
vn -0.9819 -0.1896 0.0000
vn -0.1951 0.9808 0.0000
vn -0.5556 0.8315 0.0000
vn -0.8315 0.5556 0.0000
vn -0.9808 0.1951 0.0000
vn 0.3645 -0.9312 0.0000
vn 0.6559 -0.7548 0.0000
vn 0.8635 -0.5044 0.0000
vn 0.9827 -0.1852 0.0000
vn 0.1951 0.9808 0.0000
vn 0.5556 0.8315 0.0000
vn 0.8315 0.5556 0.0000
vn 0.9808 0.1951 0.0000
vn -0.1156 -0.9933 0.0000
vn 0.6071 0.7537 0.2515
vn -0.6071 0.7537 0.2515
vn -0.2515 0.7537 -0.6071
vn 0.6071 0.7538 -0.2515
vn 0.2515 0.7538 0.6071
vn -0.2515 0.7537 0.6071
vn -0.6071 0.7538 -0.2515
vn 0.2515 0.7537 -0.6071
vn 0.3820 -0.0595 0.9222
vn 0.9222 -0.0595 0.3820
vn 0.9222 -0.0595 -0.3820
vn 0.3820 -0.0595 -0.9222
vn -0.3820 -0.0595 -0.9222
vn -0.9222 -0.0595 -0.3820
vn -0.9222 -0.0595 0.3820
vn -0.3820 -0.0595 0.9222
vn -0.7392 -0.5999 0.3062
vn -0.1172 0.9919 -0.0486
vn 0.1172 0.9919 0.0486
vn -0.7392 -0.5999 -0.3062
vn -0.3062 -0.5999 -0.7392
vn 0.0486 0.9919 0.1172
vn -0.0486 0.9919 -0.1173
vn 0.3062 -0.5999 -0.7392
vn 0.1172 0.9919 -0.0486
vn -0.3062 -0.5999 0.7392
vn -0.1172 0.9919 0.0486
vn 0.3062 -0.5999 0.7392
vn 0.0486 0.9919 -0.1173
vn 0.7392 -0.5999 0.3062
vn -0.0486 0.9919 0.1172
vn 0.7392 -0.5999 -0.3062
vn -0.2216 0.5349 -0.8154
vn 0.5349 -0.2215 -0.8154
vn -0.5349 -0.2215 -0.8154
vn 0.2216 0.5349 -0.8154
vn 0.2216 -0.5349 -0.8154
vn -0.2216 -0.5349 -0.8154
vn -0.5348 0.2215 -0.8154
vn 0.5349 0.2215 -0.8154
vn 0.5349 -0.2216 -0.8154
vn -0.5349 -0.2216 -0.8154
vn -0.5348 0.2216 -0.8154
vn 0.5349 0.2216 -0.8154
vn 0.0173 -0.9987 0.0476
vn -0.0897 0.9341 -0.3456
vn -0.0526 0.9352 -0.3503
vn -0.0171 -0.9977 0.0651
vn -0.0435 0.9321 -0.3597
vn 0.0083 -0.9983 0.0575
vn -0.0289 -0.9977 0.0618
vn -0.0780 0.9362 -0.3428
vn 0.2611 0.7736 0.5774
vn -0.5099 0.8288 0.2306
vn 0.6239 0.7792 0.0589
vn 0.5068 0.7346 0.4511
vn -0.3926 -0.7608 0.5167
vn 0.0132 -0.7419 0.6704
vn 0.4798 0.8501 -0.2170
vn 0.4799 -0.8501 -0.2170
vn 0.0132 0.7419 0.6704
vn -0.3926 0.7608 0.5167
vn 0.5068 -0.7346 0.4511
vn 0.6239 -0.7792 0.0589
vn -0.5099 -0.8287 0.2306
vn 0.2611 -0.7736 0.5774
vn 0.1359 0.9846 -0.1102
vn 0.1359 -0.9546 -0.2651
vn 0.2534 -0.9670 -0.0266
vn 0.1606 -0.9612 -0.2242
vn 0.2816 0.9541 0.1017
vn 0.1757 0.9781 -0.1116
vn 0.2385 -0.9689 -0.0663
vn 0.2534 0.9590 0.1272
vn 0.1606 0.9846 -0.0688
vn 0.2816 -0.9582 -0.0511
vn 0.2385 0.9671 0.0883
vn 0.1757 -0.9480 -0.2654
vn -0.0383 0.0094 -0.9992
vn -0.5088 0.1030 -0.8547
vn 0.1573 -0.9754 -0.1544
vn 0.0017 -0.9785 -0.2065
vn -0.1578 0.1801 0.9709
vn 0.4855 0.0913 -0.8695
vn -0.2100 -0.9728 -0.0978
vn -0.2572 -0.9647 0.0564
vn 0.9869 0.0479 0.1541
vn -0.6282 0.0934 0.7725
vn -0.1509 -0.9533 0.2618
vn -0.0009 -0.9503 0.3112
vn 0.9974 0.0593 -0.0418
vn -0.0395 -0.9988 0.0275
vn 0.2067 -0.9556 0.2100
vn 0.2611 -0.9635 0.0588
vn 0.0202 -0.9985 0.0505
vn 0.0101 -0.9967 0.0803
vn -0.0197 -0.9973 0.0705
vn -0.0099 -0.9991 0.0405
vn 0.9917 0.1234 -0.0368
vn 0.7689 0.1521 0.6210
vn -0.4401 0.0790 0.8945
vn 0.9768 0.2092 -0.0463
vn 0.0346 0.1648 0.9857
vn -0.6217 0.1526 0.7682
vn -0.6147 0.2438 0.7501
vn 0.0082 0.9407 0.3393
vn -0.9919 0.1236 0.0294
vn -0.7754 0.1008 -0.6234
vn -0.7365 0.1361 0.6626
vn -0.2392 0.0769 -0.9679
vn -0.0431 0.0851 -0.9954
vn 0.6208 0.0918 -0.7786
vn 0.0061 -0.9986 0.0534
vn -0.0378 0.1599 -0.9864
vn 0.0128 -0.9989 0.0450
vn -0.6520 0.0759 -0.7544
vn 0.9367 0.0613 0.3448
vn 0.9340 0.1769 0.3104
vn -0.5337 -0.0025 -0.8456
vn 0.3459 0.8165 -0.4623
vn -0.7187 -0.0087 -0.6952
vn 0.0626 0.9910 -0.1184
vn 0.8674 0.1534 0.4733
vn 0.2007 0.9366 -0.2874
vn -0.6623 -0.0067 -0.7492
vn 0.8695 0.0602 0.4902
vn -0.0442 -0.9924 0.1152
vn -0.7039 0.0644 -0.7073
vn 0.8291 0.0592 0.5559
vn -0.7175 0.0612 -0.6939
vn 0.0681 -0.9974 -0.0235
vn 0.8227 0.1394 0.5511
vn -0.4853 -0.0011 -0.8744
vn 0.2130 0.9291 -0.3023
vn 0.8330 0.1426 0.5346
vn 0.1663 0.9551 -0.2454
vn -0.7145 -0.0085 -0.6996
vn 0.8316 0.0593 0.5521
vn 0.6275 0.0225 -0.7783
vn 0.6144 0.1727 -0.7698
vn 0.6523 0.0529 0.7561
vn -0.4605 0.1108 -0.8807
vn -0.0819 -0.9835 0.1612
vn 0.6578 0.0934 0.7474
vn 0.9574 0.1694 0.2339
vn -0.9964 0.0256 0.0804
vn 0.9743 0.1534 0.1652
vn -0.9736 0.0410 0.2244
vn -0.9636 0.1304 0.2333
vn -0.0010 -1.0000 0.0018
vn -0.9962 0.0507 -0.0711
vn 0.9750 0.0539 0.2155
vn 0.0113 0.9092 0.4161
vn -0.0089 -0.9793 -0.2022
vn 0.9776 0.0527 0.2038
vn -0.9902 0.0966 0.1009
vn -0.8591 0.1884 0.4760
vn 0.9659 0.0041 -0.2590
vn -0.9971 0.0085 -0.0750
vn 0.9606 0.1668 0.2224
vn 0.0020 0.9836 0.1803
vn -0.0027 -0.9991 -0.0425
vn 0.0382 0.1067 0.9936
vn 0.0360 0.2568 0.9658
vn -0.8787 0.0667 0.4727
vn 0.9661 0.0429 -0.2547
vn 0.0054 0.9639 0.2664
vn -0.0021 -0.9997 -0.0253
vn -0.3013 0.9146 -0.2698
vn 0.8669 -0.0164 -0.4983
vn 0.5039 -0.0055 -0.8638
vn -0.7314 0.0595 0.6794
vn -0.2748 0.9288 -0.2487
vn 0.0512 -0.9938 0.0989
vn -0.6546 0.1166 0.7470
vn 0.4933 0.0899 -0.8652
vn -0.9516 0.0616 0.3011
vn 0.8654 -0.0040 -0.5011
vn -0.9448 0.1907 0.2666
vn 0.0970 -0.9860 0.1356
vn -0.3324 0.8960 -0.2943
vn 0.4935 -0.0052 -0.8697
vn -0.2071 -0.9719 -0.1120
vn 0.4820 -0.0049 -0.8762
vn 0.0000 0.9996 -0.0285
vn -0.6648 0.0575 0.7448
vn -0.7760 0.0243 -0.6303
vn -0.7620 0.1748 -0.6235
vn -0.7376 0.0597 0.6726
vn 0.4668 0.0947 -0.8793
vn -0.7473 0.1387 0.6498
vn 0.1142 -0.9822 0.1494
vn 0.7270 0.0006 -0.6866
vn 0.2513 0.9518 0.1761
vn 0.7951 0.1073 -0.5969
vn -0.4175 0.1848 0.8897
vn 0.7907 0.0097 -0.6122
vn 0.3306 0.9124 0.2414
vn -0.1206 -0.9919 -0.0388
vn 0.3736 -0.0247 -0.9273
vn -0.5074 0.1633 0.8461
vn 0.7332 0.0845 -0.6748
vn -0.0873 -0.9961 -0.0115
vn -0.5260 0.0713 0.8475
vn 0.2998 -0.0449 -0.9530
vn 0.1465 0.9851 0.0904
vn -0.0752 0.1009 0.9920
vn 0.3466 0.9028 0.2546
vn 0.3703 -0.0387 -0.9281
vn -0.0397 0.2480 0.9679
vn -0.2685 -0.9497 -0.1614
vn 0.6224 0.0475 -0.7812
vn -0.1316 0.2363 0.9627
vn 0.2998 -0.0441 -0.9530
vn 0.0031 -0.9981 0.0620
vn -0.1413 0.0981 0.9851
vn 0.7761 0.0911 0.6240
vn 0.7592 0.2412 0.6046
vn -0.2396 0.0930 0.9664
vn 0.4531 0.8229 0.3430
vn 0.6004 -0.0152 -0.7996
vn -0.1747 0.2300 0.9574
vn 0.3892 0.0493 0.9198
vn 0.1564 -0.9863 0.0529
vn -0.2251 -0.0138 -0.9742
vn -0.3864 0.9222 -0.0164
vn -0.1413 0.0821 0.9866
vn 0.0601 -0.9965 0.0573
vn -0.0542 0.1606 0.9855
vn -0.1273 -0.0198 -0.9917
vn -0.6487 0.1566 -0.7448
vn -0.6360 0.0147 -0.7715
vn 0.3871 0.0582 0.9202
vn -0.4492 0.8933 -0.0130
vn -0.3378 0.0967 -0.9362
vn 0.2502 0.0601 0.9663
vn -0.2335 0.9721 -0.0239
vn 0.0725 -0.9958 0.0568
vn -0.0438 0.0777 0.9960
vn -0.1362 0.0559 -0.9891
vn -0.9978 0.0559 0.0354
vn -0.9780 0.2068 0.0282
vn -0.3522 -0.0057 -0.9359
vn 0.2537 0.0926 0.9628
vn 0.0369 0.9987 -0.0351
vn -0.1576 -0.9854 0.0651
vn -0.0508 0.9967 0.0635
vn -0.0503 0.9987 -0.0105
vn -0.0431 0.9991 -0.0048
vn -0.0031 0.9991 0.0425
vn -0.0647 0.9912 -0.1153
vn -0.0764 0.9969 0.0194
vn -0.0813 0.9967 -0.0018
vn -0.0793 0.9966 -0.0240
vn 0.0091 0.3826 0.9239
vn 0.0035 0.9239 0.3827
vn -0.1425 0.6419 0.7535
vn -0.0081 0.3829 -0.9237
vn -0.9698 0.2325 -0.0731
vn 0.9840 0.1701 0.0526
vn -0.9877 0.0249 0.1541
vn 0.9872 0.0440 0.1531
vn -0.9925 0.0496 -0.1116
vn 0.9912 0.1018 0.0851
vn -0.9946 0.1035 -0.0037
vn 0.9972 0.0232 0.0709
vn 0.0424 0.9438 0.3277
vn 0.0368 -0.2733 -0.9612
vn -0.1387 0.5719 -0.8086
vn -0.0031 0.9237 -0.3832
vn 0.0073 -0.3237 0.9461
vn 0.0027 0.4401 0.8979
vn -0.2823 -0.0189 0.9591
vn -0.0057 0.8937 -0.4486
vn -0.9925 0.1109 0.0520
vn 0.9961 0.0492 0.0732
vn -0.9966 -0.0445 0.0699
vn 0.9970 -0.0319 0.0701
vn -0.9983 0.0531 -0.0234
vn 0.9979 0.0125 0.0628
vn -0.9987 0.0374 0.0353
vn 0.9994 -0.0122 0.0315
vn 0.0827 0.4910 0.8672
vn 0.0806 0.4282 -0.9001
vn -0.2643 0.9357 -0.2338
vn -0.0020 0.9499 0.3126
vn 0.0000 -0.7538 -0.6571
vn -0.0073 0.3827 -0.9239
vn -0.0026 0.9239 -0.3826
vn 0.2674 0.6243 -0.7340
vn 0.0058 0.3838 0.9234
vn 0.9914 0.1257 0.0358
vn -0.9956 0.0910 -0.0244
vn 0.9962 0.0133 -0.0858
vn -0.9967 0.0235 -0.0781
vn 0.9981 0.0264 0.0557
vn -0.9977 0.0542 -0.0416
vn 0.9985 0.0549 -0.0018
vn -0.9994 0.0123 -0.0339
vn -0.0777 0.9419 -0.3268
vn -0.0762 -0.2726 0.9591
vn 0.2510 0.5593 0.7900
vn 0.0020 0.9235 0.3835
vn -0.0073 0.0224 0.9997
vn -0.0026 -0.6911 0.7227
vn 0.0077 -0.4013 -0.9159
vn 0.9914 -0.1295 0.0179
vn -0.9956 -0.0734 0.0590
vn 0.9962 0.0225 0.0839
vn -0.9967 0.0100 0.0809
vn 0.2510 -0.8305 -0.4973
vn -0.0002 0.9145 -0.4046
vn -0.0817 0.9963 -0.0261
vn -0.0817 0.9963 -0.0263
vn -0.0417 0.9991 -0.0050
vn 0.0025 0.9989 0.0474
vn -0.0656 0.9897 -0.1270
vn -0.0785 0.9967 0.0219
vn -0.0840 0.9965 -0.0016
vn -0.0497 0.9987 -0.0113
vn 0.2884 0.9559 0.0550
vn -0.3766 0.9228 0.0815
vn 0.2471 0.9415 0.2294
vn -0.2933 0.9328 -0.2097
vn -0.0208 0.9340 0.3566
vn -0.0510 0.9418 -0.3322
vn -0.1720 0.9507 0.2581
vn 0.2360 0.9417 -0.2396
vn -0.3850 0.9170 -0.1046
vn 0.2853 0.9482 -0.1399
vn -0.3856 0.8915 -0.2380
vn 0.1632 0.9630 0.2144
vn -0.0964 0.9347 -0.3422
vn -0.0675 0.9425 0.3272
vn 0.1092 0.9598 -0.2585
vn -0.2922 0.9249 0.2433
vn -0.0502 0.9962 0.0706
vn -0.0827 0.9962 -0.0274
vn -0.0346 0.9994 -0.0056
vn 0.0022 0.9989 0.0469
vn -0.0656 0.9894 -0.1295
vn -0.0758 0.9969 0.0188
vn -0.0904 0.9959 -0.0011
vn -0.0520 0.9986 -0.0085
vn 0.1828 0.9809 0.0662
vn -0.2822 0.9555 0.0857
vn 0.1724 0.9695 0.1743
vn -0.2151 0.9663 -0.1413
vn -0.0180 0.9647 0.2629
vn -0.0401 0.9731 -0.2268
vn -0.1026 0.9789 0.1767
vn 0.1750 0.9715 -0.1601
vn -0.2873 0.9504 -0.1189
vn 0.1810 0.9726 -0.1458
vn -0.3186 0.9296 -0.1854
vn 0.0799 0.9861 0.1456
vn -0.1022 0.9653 -0.2404
vn -0.0816 0.9698 0.2300
vn 0.0352 0.9846 -0.1714
vn -0.2390 0.9558 0.1713
vn -0.0498 0.9960 0.0736
vn -0.0851 0.9959 -0.0297
vn -0.0260 0.9996 -0.0064
vn 0.0041 0.9988 0.0482
vn -0.0660 0.9884 -0.1369
vn -0.0736 0.9972 0.0163
vn -0.0987 0.9951 -0.0006
vn -0.0545 0.9985 -0.0057
vn 0.2094 0.9751 0.0726
vn -0.3082 0.9467 0.0933
vn 0.1982 0.9597 0.1992
vn -0.2381 0.9588 -0.1552
vn -0.0080 0.9562 0.2925
vn -0.0320 0.9659 -0.2570
vn -0.1118 0.9744 0.1949
vn 0.1966 0.9632 -0.1830
vn -0.3125 0.9414 -0.1271
vn 0.2099 0.9654 -0.1548
vn -0.3402 0.9172 -0.2072
vn 0.1003 0.9823 0.1580
vn -0.1110 0.9568 -0.2687
vn -0.0887 0.9627 0.2557
vn 0.0480 0.9804 -0.1909
vn -0.2583 0.9465 0.1936
vn -0.0492 0.9956 0.0798
vn -0.0879 0.9956 -0.0325
vn -0.0168 0.9998 -0.0072
vn 0.0089 0.9986 0.0521
vn -0.0668 0.9864 -0.1503
vn -0.0725 0.9973 0.0150
vn -0.1082 0.9941 0.0001
vn -0.0566 0.9984 -0.0032
vn 0.1604 0.9834 0.0852
vn -0.2651 0.9586 0.1042
vn 0.1697 0.9685 0.1823
vn -0.2018 0.9720 -0.1207
vn 0.0012 0.9671 0.2543
vn -0.0198 0.9777 -0.2090
vn -0.0711 0.9856 0.1533
vn 0.1763 0.9734 -0.1464
vn -0.2668 0.9531 -0.1432
vn 0.1631 0.9719 -0.1698
vn -0.3183 0.9280 -0.1937
vn 0.0620 0.9902 0.1255
vn -0.1212 0.9663 -0.2273
vn -0.1023 0.9713 0.2148
vn 0.0078 0.9891 -0.1471
vn -0.2389 0.9575 0.1618
vn -0.0482 0.9948 0.0898
vn -0.0947 0.9947 -0.0390
vn -0.0026 1.0000 -0.0085
vn 0.0136 0.9983 0.0558
vn -0.0677 0.9839 -0.1657
vn -0.0694 0.9975 0.0116
vn -0.1221 0.9925 0.0011
vn -0.0603 0.9982 0.0011
vn 0.2531 0.9627 0.0959
vn -0.3521 0.9280 0.1220
vn 0.2467 0.9358 0.2517
vn -0.2725 0.9469 -0.1707
vn 0.0220 0.9380 0.3460
vn -0.0062 0.9529 -0.3034
vn -0.1133 0.9690 0.2196
vn 0.2455 0.9439 -0.2209
vn -0.3546 0.9219 -0.1561
vn 0.2598 0.9465 -0.1914
vn -0.3897 0.8828 -0.2622
vn 0.1344 0.9748 0.1781
vn -0.1387 0.9370 -0.3207
vn -0.1133 0.9469 0.3009
vn 0.0558 0.9752 -0.2141
vn -0.2968 0.9269 0.2298
vn -0.0470 0.9936 0.1023
vn -0.0545 0.9985 -0.0054
vn 0.0221 0.9997 -0.0107
vn 0.0257 0.9975 0.0655
vn -0.0697 0.9773 -0.1999
vn -0.0657 0.9978 0.0074
vn -0.1467 0.9892 0.0028
vn -0.0663 0.9978 0.0081
vn 0.1941 0.9715 0.1361
vn -0.3051 0.9379 0.1649
vn 0.2326 0.9373 0.2594
vn -0.2295 0.9660 -0.1186
vn 0.0574 0.9467 0.3171
vn 0.0332 0.9685 -0.2468
vn -0.0384 0.9863 0.1607
vn 0.2457 0.9526 -0.1791
vn -0.3029 0.9302 -0.2073
vn 0.2084 0.9458 -0.2492
vn -0.3844 0.8814 -0.2745
vn 0.0818 0.9882 0.1294
vn -0.1741 0.9452 -0.2762
vn -0.1544 0.9555 0.2514
vn -0.0163 0.9889 -0.1477
vn -0.2913 0.9362 0.1964
vn -0.0444 0.9907 0.1285
vn -0.9623 0.2586 -0.0840
vn 0.9810 0.1887 0.0445
vn -0.9827 0.0027 0.1851
vn 0.9857 0.0394 0.1638
vn -0.9906 0.0345 -0.1321
vn 0.9919 0.0720 0.1042
vn -0.9943 0.1069 -0.0022
vn 0.9973 0.0113 0.0721
vn -0.8892 0.1098 -0.4441
vn -0.8440 0.4099 0.3460
vn 0.9513 0.0561 -0.3032
vn 0.8990 0.2957 0.3230
vn -0.9192 -0.3922 0.0352
vn -0.8527 0.4002 0.3357
vn 0.9630 -0.2661 0.0434
vn 0.8675 0.3986 0.2977
vn -0.9145 -0.4024 0.0428
vn -0.9101 0.3306 -0.2500
vn 0.9294 -0.2785 0.2422
vn 0.9466 0.3225 -0.0039
vn -0.9331 -0.0454 0.3567
vn -0.8535 0.2734 -0.4437
vn 0.9211 -0.1232 0.3694
vn 0.9479 0.1514 -0.2802
vn -0.9535 0.2860 -0.0953
vn 0.9775 0.2078 0.0362
vn -0.9760 -0.0109 0.2174
vn 0.9841 0.0349 0.1743
vn -0.9885 0.0272 -0.1489
vn 0.9915 0.0734 0.1077
vn -0.9943 0.1067 -0.0022
vn 0.9977 -0.0003 0.0673
vn -0.7886 0.4601 0.4078
vn -0.8449 0.1176 -0.5219
vn 0.8604 0.3422 0.3776
vn 0.9165 0.0482 -0.3970
vn -0.7987 0.4536 0.3954
vn -0.8745 -0.4825 0.0492
vn 0.8184 0.4677 0.3339
vn 0.9370 -0.3483 0.0269
vn -0.8785 0.3770 -0.2933
vn -0.8698 -0.4904 0.0545
vn 0.9229 0.3840 -0.0270
vn 0.8923 -0.3577 0.2753
vn -0.8033 0.2974 -0.5160
vn -0.9028 -0.0744 0.4236
vn 0.9137 0.1695 -0.3693
vn 0.8868 -0.1699 0.4298
vn -0.9315 0.3438 -0.1188
vn 0.9685 0.2485 0.0181
vn -0.9573 -0.0403 0.2863
vn 0.9801 0.0252 0.1970
vn -0.9826 0.0112 -0.1851
vn 0.9904 0.0764 0.1149
vn -0.9944 0.1061 -0.0023
vn 0.9981 -0.0248 0.0571
vn -0.7559 0.5447 0.3631
vn -0.8186 0.2373 -0.5231
vn 0.8398 0.4126 0.3527
vn 0.8900 0.1132 -0.4416
vn -0.7718 0.3956 0.4978
vn -0.8483 -0.4966 0.1835
vn 0.7853 0.4895 0.3791
vn 0.9283 -0.3650 0.0708
vn -0.8947 0.2896 -0.3400
vn -0.8622 -0.5065 -0.0125
vn 0.9312 0.3644 -0.0043
vn 0.8764 -0.3805 0.2952
vn -0.7895 0.3037 -0.5333
vn -0.9204 -0.0542 0.3871
vn 0.9012 0.1401 -0.4102
vn 0.8808 -0.2154 0.4217
vn 0.9898 0.1020 0.0998
vn -0.9895 0.1444 0.0065
vn -0.9905 0.1253 0.0567
vn 0.9953 0.0590 0.0764
vn -0.9952 -0.0634 0.0748
vn 0.9967 -0.0373 0.0727
vn -0.9979 0.0543 -0.0362
vn 0.9982 -0.0050 0.0603
vn -0.9986 0.0382 0.0370
vn 0.9995 -0.0170 0.0281
vn -0.9690 0.2022 -0.1417
vn -0.9529 0.0411 0.3006
vn 0.9864 0.1278 -0.1029
vn 0.9723 0.0064 0.2336
vn -0.9782 -0.1705 -0.1186
vn -0.9560 0.0405 0.2907
vn 0.9906 -0.1142 -0.0750
vn 0.9621 0.0584 0.2662
vn -0.9768 -0.1778 -0.1195
vn -0.9757 0.2183 0.0166
vn 0.9815 -0.1917 -0.0016
vn 0.9861 0.1291 0.1047
vn -0.9811 -0.1439 0.1292
vn -0.9571 0.2766 -0.0861
vn 0.9789 -0.1762 0.1034
vn 0.9856 0.1572 -0.0620
vn -0.9881 0.1406 0.0619
vn 0.9944 0.0692 0.0797
vn -0.9934 -0.0796 0.0830
vn 0.9962 -0.0425 0.0754
vn -0.9973 0.0573 -0.0451
vn 0.9981 -0.0056 0.0621
vn -0.9986 0.0381 0.0369
vn 0.9996 -0.0198 0.0225
vn -0.9316 0.0411 0.3611
vn -0.9539 0.2421 -0.1775
vn 0.9597 0.0058 0.2811
vn 0.9761 0.1609 -0.1460
vn -0.9357 0.0428 0.3502
vn -0.9643 -0.2187 -0.1495
vn 0.9446 0.0766 0.3191
vn 0.9835 -0.1431 -0.1110
vn -0.9658 0.2588 0.0155
vn -0.9627 -0.2247 -0.1507
vn 0.9793 0.1638 0.1187
vn 0.9703 -0.2416 -0.0159
vn -0.9383 0.3268 -0.1128
vn -0.9718 -0.1825 0.1492
vn 0.9754 0.1997 -0.0932
vn 0.9683 -0.2220 0.1147
vn -0.9820 0.1740 0.0733
vn 0.9920 0.0913 0.0868
vn -0.9881 -0.1155 0.1012
vn 0.9952 -0.0540 0.0812
vn -0.9959 0.0636 -0.0645
vn 0.9978 -0.0069 0.0659
vn -0.9986 0.0379 0.0367
vn 0.9996 -0.0256 0.0106
vn -0.9181 0.0986 0.3838
vn -0.9442 0.2995 -0.1370
vn 0.9525 0.0450 0.3013
vn 0.9677 0.2065 -0.1444
vn -0.9242 -0.0225 0.3813
vn -0.9550 -0.2789 -0.1006
vn 0.9315 0.0706 0.3569
vn 0.9810 -0.1660 -0.1000
vn -0.9709 0.2368 -0.0347
vn -0.9603 -0.2082 -0.1858
vn 0.9818 0.1471 0.1202
vn 0.9651 -0.2614 -0.0160
vn -0.9327 0.3402 -0.1195
vn -0.9773 -0.1593 0.1395
vn 0.9714 0.2042 -0.1209
vn 0.9663 -0.2388 0.0957
vn 0.9976 0.0077 0.0686
vn -0.9974 0.0495 0.0527
vn 0.9892 0.1406 0.0420
vn -0.9947 0.1012 -0.0202
vn 0.9947 0.0015 -0.1027
vn -0.9963 0.0211 -0.0839
vn 0.9976 0.0184 0.0667
vn -0.9979 0.0383 -0.0518
vn 0.9984 0.0568 -0.0025
vn -0.9994 0.0060 -0.0345
vn 0.9657 0.0631 0.2519
vn 0.9474 0.2429 -0.2086
vn -0.9851 0.0307 0.1695
vn -0.9690 0.1687 -0.1807
vn 0.9752 -0.2200 -0.0233
vn 0.9508 0.2356 -0.2012
vn -0.9893 -0.1446 -0.0199
vn -0.9574 0.2329 -0.1704
vn 0.9736 -0.2265 -0.0277
vn 0.9726 0.1871 0.1378
vn -0.9791 -0.1552 -0.1314
vn -0.9841 0.1773 0.0058
vn 0.9792 -0.0251 -0.2013
vn 0.9523 0.1616 0.2588
vn -0.9766 -0.0692 -0.2038
vn -0.9841 0.0830 0.1573
vn 0.9865 0.1565 0.0485
vn -0.9936 0.1117 -0.0158
vn 0.9927 -0.0058 -0.1205
vn -0.9958 0.0187 -0.0897
vn 0.9970 0.0145 0.0758
vn -0.9978 0.0391 -0.0536
vn 0.9984 0.0567 -0.0025
vn -0.9995 -0.0001 -0.0320
vn 0.9240 0.2845 -0.2556
vn 0.9491 0.0700 0.3072
vn -0.9549 0.2012 -0.2184
vn -0.9737 0.0270 0.2263
vn 0.9284 0.2783 -0.2461
vn 0.9595 -0.2799 -0.0321
vn -0.9379 0.2839 -0.1992
vn -0.9812 -0.1929 -0.0113
vn 0.9616 0.2184 0.1664
vn 0.9577 -0.2855 -0.0353
vn -0.9765 0.2148 0.0187
vn -0.9665 -0.2051 -0.1543
vn 0.9317 0.1828 0.3138
vn 0.9690 -0.0421 -0.2436
vn -0.9728 0.0952 0.2112
vn -0.9648 -0.0979 -0.2442
vn 0.9795 0.1913 0.0625
vn -0.9909 0.1345 -0.0061
vn 0.9869 -0.0219 -0.1596
vn -0.9947 0.0136 -0.1021
vn 0.9954 0.0060 0.0955
vn -0.9975 0.0407 -0.0575
vn 0.9984 0.0563 -0.0025
vn -0.9996 -0.0131 -0.0265
vn 0.9088 0.3455 -0.2337
vn 0.9383 0.1441 0.3144
vn -0.9468 0.2464 -0.2071
vn -0.9644 0.0647 0.2563
vn 0.9162 0.2476 -0.3151
vn 0.9493 -0.2937 -0.1120
vn -0.9235 0.3049 -0.2327
vn -0.9784 -0.2035 -0.0358
vn 0.9674 0.1660 0.1911
vn 0.9550 -0.2967 0.0037
vn -0.9793 0.2025 0.0060
vn -0.9608 -0.2208 -0.1678
vn 0.9256 0.1888 0.3280
vn 0.9750 -0.0303 -0.2200
vn -0.9684 0.0795 0.2363
vn -0.9626 -0.1247 -0.2406
vn -0.9973 0.0544 -0.0495
vn 0.9970 0.0769 -0.0072
vn 0.9892 -0.1456 0.0182
vn -0.9947 -0.0844 0.0593
vn 0.9947 0.0401 0.0946
vn -0.9963 0.0146 0.0853
vn 0.9657 -0.1594 -0.2050
vn 0.9474 -0.1381 0.2888
vn -0.9851 -0.0964 -0.1427
vn -0.9690 -0.0815 0.2334
vn 0.9752 0.2107 -0.0673
vn 0.9508 -0.1345 0.2791
vn -0.9893 0.1403 -0.0401
vn -0.9574 -0.1444 0.2499
vn 0.9865 -0.1628 0.0188
vn -0.9936 -0.0958 0.0595
vn 0.9927 0.0540 0.1079
vn -0.9958 0.0191 0.0896
vn 0.9240 -0.1572 0.3486
vn 0.9491 -0.1880 -0.2529
vn -0.9549 -0.0960 0.2810
vn -0.9737 -0.1160 -0.1961
vn 0.9284 -0.1554 0.3374
vn 0.9595 0.2690 -0.0835
vn -0.9379 -0.1794 0.2968
vn -0.9812 0.1810 -0.0675
vn 0.9795 -0.2002 0.0200
vn -0.9909 -0.1206 0.0598
vn 0.9869 0.0844 0.1372
vn -0.9947 0.0288 0.0989
vn 0.9088 -0.2219 0.3532
vn 0.9383 -0.2587 -0.2294
vn -0.9468 -0.1419 0.2889
vn -0.9644 -0.1626 -0.2083
vn 0.9162 -0.0995 0.3882
vn 0.9493 0.3139 -0.0160
vn -0.9235 -0.1851 0.3360
vn -0.9785 0.2005 -0.0492
vn 0.0033 0.6909 -0.7230
vn 0.0057 0.3609 -0.9326
vn 0.0118 -0.9938 -0.1104
vn 0.0330 -0.9936 -0.1079
vn 0.0391 -0.9962 -0.0781
vn 0.0109 -0.9967 -0.0807
vn -0.3510 0.2088 0.9128
vn 0.3400 -0.0673 -0.9380
vn 0.0715 -0.9637 -0.2572
vn -0.0302 -0.9658 -0.2575
vn 0.9327 0.0562 -0.3561
vn -0.4367 -0.0916 -0.8949
vn 0.2284 -0.9734 -0.0172
vn 0.2098 -0.9667 -0.1464
vn 0.3316 0.2241 0.9164
vn -0.2768 0.3129 0.9085
vn -0.1654 -0.9353 0.3129
vn 0.0992 -0.9860 0.1339
vn 0.1081 -0.9681 0.2259
vn -0.9282 0.0368 -0.3701
vn -0.3694 -0.9189 -0.1386
vn -0.5116 -0.8543 0.0922
vn -0.9127 0.2061 0.3528
vn -0.9231 0.1290 -0.3622
vn -0.9100 0.2185 -0.3525
vn 0.1883 0.9790 0.0786
vn 0.3120 0.3000 0.9015
vn -0.3193 0.2791 0.9056
vn -0.3079 0.3487 0.8852
vn 0.3071 0.3397 0.8890
vn 0.9247 0.1609 -0.3451
vn 0.8989 0.2471 0.3619
vn -0.0971 0.9473 -0.3053
vn 0.9062 0.2584 -0.3347
vn -0.3402 0.0873 -0.9363
vn 0.3390 0.1011 -0.9353
vn 0.3378 0.1379 -0.9311
vn -0.9961 0.0661 0.0588
vn 0.6158 0.0653 0.7852
vn -0.2896 0.9558 0.0515
vn -0.2049 0.3204 0.9248
vn -0.3098 -0.2704 -0.9115
vn -0.9342 0.2233 0.2782
vn 0.0878 -0.9887 -0.1218
vn 0.4001 0.0870 -0.9123
vn 0.3596 -0.1354 -0.9232
vn -0.1435 0.9892 0.0293
vn -0.4919 -0.2533 -0.8330
vn 0.1050 -0.9928 -0.0568
vn -0.3503 0.1718 0.9207
vn 0.3196 0.4113 0.8536
vn -0.9652 0.2614 0.0038
vn 0.2608 0.3501 0.8997
vn 0.9439 -0.0060 -0.3302
vn -0.0518 -0.9952 -0.0836
vn 0.9355 0.0673 -0.3468
vn 0.0917 0.3633 0.9272
vn 0.9152 0.0024 -0.4030
vn -0.2035 0.9756 0.0828
vn -0.2389 0.2050 0.9492
vn -0.2412 -0.3836 -0.8915
vn -0.9741 0.1643 0.1552
vn 0.9862 -0.1410 0.0871
vn 0.0100 0.9998 0.0144
vn 0.0953 -0.9953 -0.0183
vn -0.9577 0.0820 0.2758
vn 0.4300 0.0795 -0.8993
vn 0.4450 -0.1593 -0.8812
vn -0.1872 0.2232 0.9566
vn -0.1494 0.0467 -0.9877
vn 0.0593 -0.9949 -0.0810
vn -0.3012 0.8942 0.3311
vn -0.0854 0.9897 -0.1149
vn -0.3105 -0.3095 -0.8988
vn 0.0944 -0.9896 0.1082
vn 0.3585 0.9203 0.1564
vn -0.0477 0.2595 0.9646
vn 0.9831 0.0134 -0.1825
vn -0.3120 0.9417 0.1258
vn -0.1790 0.1859 0.9661
vn 0.2055 0.9739 0.0965
vn 0.1530 -0.9835 0.0965
vn -0.9807 0.0797 0.1786
vn 0.4626 -0.0442 -0.8855
vn 0.3945 -0.1028 -0.9131
vn -0.2406 0.2551 0.9365
vn 0.9020 0.1218 -0.4143
vn -0.1429 -0.9680 -0.2065
vn 0.0374 0.6263 0.7787
vn -0.1363 0.9761 -0.1691
vn -0.2731 -0.2309 -0.9339
vn 0.0721 -0.9901 -0.1207
vn -0.3383 -0.0290 -0.9406
vn 0.9083 0.1942 0.3705
vn -0.9153 0.1570 0.3709
vn -0.5515 0.7954 0.2512
vn 0.8730 0.3335 0.3559
vn -0.3425 0.1425 -0.9286
vn -0.9968 0.0697 -0.0382
vn 0.4028 -0.0089 -0.9153
vn 0.3827 -0.0741 -0.9209
vn -0.1484 0.2786 0.9489
vn 0.9812 0.0416 -0.1884
vn -0.1823 -0.9675 -0.1753
vn -0.1889 0.7814 0.5948
vn -0.1340 0.9423 -0.3067
vn -0.2465 -0.1472 -0.9579
vn 0.1812 -0.9701 -0.1612
vn -0.9750 0.2132 -0.0626
vn -0.0336 -0.6414 -0.7665
vn 0.0409 -0.9990 -0.0188
vn -0.7948 0.5197 0.3135
vn -0.8263 0.2808 0.4882
vn -0.7248 0.5054 0.4682
vn 0.0769 -0.9808 -0.1791
vn 0.9884 -0.0769 0.1308
vn -0.9817 0.1580 0.1066
vn -0.1949 0.9568 0.2156
vn 0.9105 -0.1581 -0.3821
vn -0.3175 0.8993 0.3007
vn -0.9277 0.1518 0.3411
vn 0.8092 -0.4419 -0.3871
vn 0.2159 -0.2090 0.9538
vn 0.2218 -0.1248 0.9671
vn 0.9529 -0.2818 0.1119
vn -0.9142 0.3789 0.1436
vn -0.0635 -0.9899 -0.1266
vn 0.9738 -0.1302 0.1863
vn 0.5680 -0.1226 0.8138
vn -0.2665 0.1133 -0.9572
vn 0.1499 0.9848 -0.0876
vn -0.1774 -0.0636 -0.9821
vn 0.0064 -0.9951 -0.0991
vn 0.5993 -0.0956 0.7948
vn -0.1264 -0.9909 0.0465
vn 0.3803 0.9206 0.0885
vn 0.4727 0.8812 -0.0023
vn -0.2334 -0.9700 -0.0673
vn -0.3217 -0.0529 -0.9454
vn 0.6142 0.0521 0.7874
vn 0.7762 0.0527 -0.6282
vn 0.7622 0.1238 -0.6354
vn -0.4837 -0.0146 -0.8751
vn 0.6087 0.0193 0.7932
vn -0.4493 0.1180 -0.8856
vn 0.5726 -0.1708 0.8019
vn -0.0932 -0.9679 -0.2336
vn -0.2418 0.2557 0.9360
vn 0.9165 -0.3638 0.1666
vn -0.8672 -0.2872 -0.4069
vn 0.2108 0.9711 0.1118
vn -0.2294 0.2603 0.9379
vn -0.2153 0.3263 0.9204
vn 0.1775 0.9802 0.0873
vn 0.3769 -0.0463 -0.9251
vn 0.3737 -0.1999 -0.9057
vn -0.2410 0.2549 0.9365
vn -0.0566 -0.9830 -0.1744
vn -0.8825 -0.2467 -0.4005
vn 0.9685 0.1871 0.1643
vn -0.2082 -0.9771 0.0443
vn 0.4269 0.8159 -0.3899
vn -0.8406 0.1222 -0.5277
vn 0.9799 0.1872 0.0685
vn -0.8885 -0.2226 -0.4012
vn 0.9870 0.0103 0.1606
vn -0.2505 -0.9606 0.1200
vn 0.4153 0.8840 -0.2145
vn 0.9251 -0.2575 0.2793
vn -0.9278 -0.0157 -0.3727
vn 0.4863 -0.1752 -0.8560
vn 0.4810 -0.0556 -0.8749
vn 0.9828 0.1269 0.1345
vn -0.8912 -0.1766 -0.4179
vn -0.2311 -0.9713 0.0560
vn 0.4015 0.8299 -0.3874
vn 0.0017 0.9835 0.1807
vn -0.0282 0.9840 0.1759
vn -0.0233 0.9929 0.1164
vn -0.0234 0.9951 0.0965
vn -0.0336 0.9944 0.1005
vn -0.0047 0.9949 0.1004
vn 0.0094 0.9938 0.1108
vn 0.0143 0.9933 0.1143
vn 0.0303 0.9909 0.1312
vn -0.0239 0.9952 0.0954
vn -0.0257 0.9923 0.1215
vn -0.0303 0.9982 0.0525
vn -0.0237 0.9928 0.1176
vn 0.0362 0.9948 0.0957
vn -0.0091 0.9986 0.0522
vn 0.0207 0.9921 0.1239
vn -0.0799 0.9122 0.4019
vn 0.1265 0.9781 -0.1653
vn 0.0572 0.9161 0.3969
vn -0.1500 0.9737 -0.1713
vn -0.5118 0.8542 -0.0919
vn 0.4751 0.8331 0.2832
vn -0.5097 0.8148 0.2762
vn 0.4729 0.8747 -0.1057
vn 0.0827 0.9796 -0.1833
vn -0.1191 0.9147 0.3862
vn -0.1255 0.9754 -0.1814
vn 0.0891 0.9189 0.3843
vn 0.2581 0.9390 0.2274
vn -0.3060 0.9520 0.0018
vn 0.2666 0.9638 -0.0033
vn -0.3030 0.9304 0.2062
vn -0.0460 0.9919 0.1185
vn -0.0249 0.9953 0.0932
vn 0.0194 0.9910 0.1325
vn -0.0191 0.9941 0.1065
vn -0.0246 0.9925 0.1197
vn -0.0046 0.9829 0.1839
vn 0.1514 0.9468 -0.2839
vn -0.1326 0.8564 0.4990
vn -0.1718 0.9414 -0.2904
vn 0.1135 0.8624 0.4933
vn 0.6076 0.7261 0.3219
vn -0.6404 0.7528 -0.1525
vn 0.6049 0.7784 -0.1677
vn -0.6378 0.7027 0.3154
vn -0.1564 0.8580 0.4893
vn 0.1218 0.9474 -0.2960
vn 0.1306 0.8638 0.4866
vn -0.1653 0.9417 -0.2932
vn -0.4126 0.9098 -0.0440
vn 0.3651 0.8918 0.2673
vn -0.4099 0.8796 0.2412
vn 0.3753 0.9257 -0.0477
vn -0.0182 0.9839 0.1777
vn -0.0594 0.9919 0.1127
vn -0.0594 0.9932 0.1004
vn 0.0132 0.9927 0.1198
vn 0.1649 0.9384 -0.3038
vn -0.1345 0.8430 0.5208
vn -0.1994 0.9314 -0.3044
vn 0.1014 0.8476 0.5208
vn 0.3954 0.8832 0.2523
vn -0.4297 0.9009 -0.0612
vn 0.3937 0.9170 -0.0641
vn -0.4280 0.8670 0.2552
vn -0.1637 0.8449 0.5093
vn 0.1295 0.9391 -0.3182
vn 0.1388 0.8510 0.5065
vn -0.1731 0.9331 -0.3153
vn -0.4269 0.9017 -0.0685
vn 0.3926 0.8823 0.2596
vn -0.4308 0.8678 0.2477
vn 0.3966 0.9162 -0.0566
vn -0.0266 0.9870 0.1586
vn -0.0311 0.9788 0.2024
vn 0.1014 0.9680 -0.2296
vn -0.1372 0.8928 0.4290
vn -0.1377 0.9634 -0.2298
vn 0.1020 0.8973 0.4294
vn 0.3114 0.9233 0.2248
vn -0.3472 0.9375 -0.0255
vn 0.3100 0.9503 -0.0278
vn -0.3458 0.9104 0.2271
vn -0.1349 0.8927 0.4299
vn 0.0991 0.9680 -0.2306
vn 0.1066 0.8976 0.4278
vn -0.1423 0.9631 -0.2285
vn -0.3449 0.9381 -0.0313
vn 0.3092 0.9226 0.2306
vn -0.3482 0.9110 0.2212
vn 0.3124 0.9497 -0.0217
vn -0.0065 0.9793 0.2022
vn 0.1279 0.9440 -0.3043
vn -0.1624 0.8526 0.4968
vn -0.1630 0.9384 -0.3047
vn 0.1285 0.8581 0.4971
vn 0.3831 0.8897 0.2484
vn -0.4177 0.9069 -0.0559
vn 0.3814 0.9225 -0.0587
vn -0.4160 0.8740 0.2512
vn -0.1595 0.8525 0.4978
vn 0.1250 0.9440 -0.3052
vn 0.1341 0.8584 0.4951
vn -0.1686 0.9380 -0.3027
vn -0.4149 0.9077 -0.0630
vn 0.3804 0.8888 0.2555
vn -0.4187 0.8748 0.2439
vn 0.3842 0.9218 -0.0514
vn 0.1151 0.9565 -0.2682
vn -0.1502 0.8729 0.4642
vn -0.1508 0.9514 -0.2686
vn 0.1157 0.8779 0.4647
vn 0.3486 0.9068 0.2372
vn -0.3837 0.9225 -0.0411
vn 0.3470 0.9369 -0.0437
vn -0.3822 0.8925 0.2396
vn -0.1476 0.8728 0.4652
vn 0.1125 0.9565 -0.2692
vn 0.1208 0.8783 0.4627
vn -0.1559 0.9511 -0.2668
vn -0.3811 0.9233 -0.0476
vn 0.3460 0.9060 0.2436
vn -0.3847 0.8932 0.2330
vn 0.3496 0.9362 -0.0371
vn -0.2895 -0.9491 0.1239
vn -0.2690 -0.9547 0.1272
vn -0.2630 -0.9519 0.1569
vn -0.2901 -0.9446 0.1534
vn -0.2421 0.5107 0.8250
vn 0.2731 -0.3823 -0.8828
vn -0.2284 -0.9733 -0.0234
vn -0.3260 -0.9450 -0.0272
vn 0.8945 -0.3091 -0.3228
vn -0.4735 -0.1632 -0.8655
vn -0.0737 -0.9731 0.2182
vn -0.0937 -0.9915 0.0903
vn 0.4136 0.3222 0.8515
vn -0.1403 0.5840 0.7995
vn -0.4268 -0.7435 0.5148
vn -0.1956 -0.9110 0.3630
vn -0.1787 -0.8757 0.4485
vn -0.8866 0.2246 -0.4044
vn -0.6315 -0.7727 0.0642
vn -0.7402 -0.6167 0.2681
vn -0.7972 0.5452 0.2595
vn -0.8539 0.3102 -0.4180
vn -0.8142 0.3914 -0.4288
vn 0.4748 0.8683 -0.1436
vn 0.4171 0.3948 0.8186
vn -0.1911 0.5647 0.8029
vn -0.1601 0.6209 0.7673
vn 0.4239 0.4300 0.7971
vn 0.9185 -0.2072 -0.3367
vn 0.9431 0.0450 0.3294
vn 0.1804 0.8346 -0.5205
vn 0.9304 -0.1090 -0.3500
vn -0.3294 -0.0360 -0.9435
vn 0.3225 -0.2255 -0.9193
vn 0.3325 -0.1901 -0.9238
vn -0.9283 0.3719 0.0030
vn 0.6329 0.0598 0.7720
vn 0.0112 0.9830 -0.1832
vn -0.0690 0.5733 0.8165
vn -0.4065 -0.3704 -0.8352
vn -0.8150 0.5501 0.1822
vn -0.2158 -0.9697 0.1146
vn 0.3773 -0.2514 -0.8913
vn 0.2719 -0.4477 -0.8518
vn 0.1597 0.9652 -0.2069
vn -0.5725 -0.2819 -0.7699
vn -0.1985 -0.9635 0.1795
vn -0.2522 0.4781 0.8413
vn 0.4561 0.4844 0.7466
vn -0.8423 0.5306 -0.0947
vn 0.3832 0.4560 0.8033
vn 0.8875 -0.3639 -0.2827
vn -0.3496 -0.9252 0.1478
vn 0.9008 -0.2975 -0.3162
vn 0.2268 0.5250 0.8203
vn 0.8602 -0.3646 -0.3565
vn 0.1003 0.9830 -0.1540
vn -0.1351 0.4822 0.8656
vn -0.3742 -0.4909 -0.7867
vn -0.8748 0.4787 0.0747
vn 0.9013 -0.4043 0.1558
vn 0.3089 0.9258 -0.2178
vn -0.2071 -0.9539 0.2170
vn -0.8797 0.4258 0.2117
vn 0.4040 -0.2642 -0.8758
vn 0.3476 -0.4856 -0.8021
vn -0.0801 0.4854 0.8706
vn -0.1613 -0.1424 -0.9766
vn -0.2435 -0.9575 0.1546
vn -0.0090 0.9947 0.1024
vn 0.2105 0.9148 -0.3448
vn -0.4184 -0.4034 -0.8138
vn -0.2021 -0.9189 0.3386
vn 0.6222 0.7814 -0.0477
vn 0.0640 0.4793 0.8753
vn 0.9356 -0.3233 -0.1422
vn -0.0119 0.9940 -0.1086
vn -0.0831 0.4507 0.8888
vn 0.4902 0.8627 -0.1244
vn -0.1448 -0.9335 0.3281
vn -0.9056 0.4078 0.1168
vn 0.3986 -0.3852 -0.8323
vn 0.3152 -0.4256 -0.8482
vn -0.1222 0.5262 0.8415
vn 0.8829 -0.2528 -0.3958
vn -0.4324 -0.9015 0.0185
vn 0.2487 0.7501 0.6128
vn 0.1561 0.9047 -0.3963
vn -0.3605 -0.3500 -0.8646
vn -0.2312 -0.9661 0.1154
vn -0.3625 -0.1452 -0.9206
vn 0.9366 -0.0047 0.3504
vn -0.8137 0.5047 0.2884
vn -0.2800 0.9593 0.0380
vn 0.9441 0.1313 0.3024
vn -0.3148 0.0176 -0.9490
vn -0.9311 0.3528 -0.0922
vn 0.3511 -0.3417 -0.8718
vn 0.3123 -0.3974 -0.8629
vn -0.0268 0.5233 0.8517
vn 0.9420 -0.2979 -0.1546
vn -0.4689 -0.8820 0.0472
vn 0.0731 0.9182 0.3893
vn 0.1436 0.8407 -0.5221
vn -0.3109 -0.2860 -0.9064
vn -0.1225 -0.9896 0.0756
vn -0.8683 0.4734 -0.1483
vn -0.2492 -0.7623 -0.5973
vn -0.2602 -0.9413 0.2153
vn -0.5922 0.7911 0.1530
vn -0.6880 0.6201 0.3771
vn -0.5247 0.7931 0.3095
vn -0.2258 -0.9725 0.0567
vn 0.9240 -0.3354 0.1835
vn -0.8855 0.4638 0.0287
vn 0.1072 0.9940 -0.0203
vn 0.8084 -0.5069 -0.2992
vn -0.0241 0.9972 0.0710
vn -0.8280 0.4967 0.2601
vn 0.6269 -0.7405 -0.2421
vn 0.1750 -0.0355 0.9839
vn 0.2063 0.0437 0.9775
vn 0.8283 -0.5189 0.2113
vn -0.7539 0.6568 0.0160
vn -0.3606 -0.9269 0.1044
vn 0.8960 -0.3674 0.2492
vn 0.5321 -0.0931 0.8416
vn -0.2520 -0.0388 -0.9669
vn 0.4344 0.8464 -0.3080
vn -0.2208 -0.2348 -0.9466
vn -0.2945 -0.9461 0.1350
vn 0.5693 -0.0819 0.8180
vn -0.4151 -0.8687 0.2704
vn 0.6407 0.7594 -0.1130
vn 0.7141 0.6742 -0.1885
vn -0.5147 -0.8440 0.1507
vn -0.3540 -0.1734 -0.9190
vn 0.6275 0.0486 0.7771
vn 0.7352 -0.3291 -0.5926
vn 0.7428 -0.2608 -0.6166
vn -0.4947 -0.0733 -0.8660
vn 0.6126 0.0212 0.7901
vn -0.4226 0.0368 -0.9056
vn 0.5217 -0.1419 0.8413
vn -0.3859 -0.9225 -0.0059
vn -0.1231 0.5269 0.8409
vn 0.7708 -0.5712 0.2821
vn -0.9264 -0.1021 -0.3625
vn 0.4950 0.8621 -0.1086
vn -0.1099 0.5280 0.8421
vn -0.0773 0.5808 0.8104
vn 0.4651 0.8748 -0.1358
vn 0.3149 -0.3709 -0.8737
vn 0.2666 -0.5076 -0.8193
vn -0.1226 0.5261 0.8416
vn -0.3536 -0.9337 0.0565
vn -0.9286 -0.0586 -0.3664
vn 0.9851 -0.0773 0.1539
vn -0.4891 -0.8320 0.2618
vn 0.6380 0.5371 -0.5518
vn -0.7827 0.2408 -0.5740
vn 0.9928 -0.1030 0.0613
vn -0.9273 -0.0346 -0.3728
vn 0.9497 -0.2473 0.1922
vn -0.5221 -0.7865 0.3299
vn 0.6532 0.6444 -0.3976
vn 0.8146 -0.4490 0.3672
vn -0.9019 0.1752 -0.3948
vn 0.3831 -0.5066 -0.7724
vn 0.4131 -0.3989 -0.8187
vn 0.9797 -0.1442 0.1395
vn -0.9166 0.0049 -0.3999
vn -0.5089 -0.8171 0.2710
vn 0.6181 0.5582 -0.5536
vn 0.3016 0.9520 -0.0527
vn 0.2730 0.9602 -0.0586
vn 0.2784 0.9531 -0.1183
vn 0.2783 0.9505 -0.1381
vn 0.2685 0.9538 -0.1345
vn 0.2962 0.9457 -0.1336
vn 0.3096 0.9429 -0.1227
vn 0.3143 0.9418 -0.1190
vn 0.3294 0.9387 -0.1014
vn 0.2778 0.9505 -0.1393
vn 0.2761 0.9544 -0.1133
vn 0.2712 0.9452 -0.1819
vn 0.2780 0.9534 -0.1172
vn 0.3350 0.9323 -0.1366
vn 0.2915 0.9392 -0.1815
vn 0.3203 0.9410 -0.1092
vn 0.2098 0.9618 0.1757
vn 0.4075 0.8291 -0.3829
vn 0.3415 0.9234 0.1752
vn 0.1423 0.9061 -0.3983
vn -0.2358 0.9218 -0.3076
vn 0.7115 0.6955 0.1003
vn -0.2334 0.9706 0.0594
vn 0.7089 0.6440 -0.2874
vn 0.3656 0.8393 -0.4024
vn 0.1726 0.9722 0.1585
vn 0.1658 0.8979 -0.4077
vn 0.3724 0.9135 0.1637
vn 0.5343 0.8452 0.0131
vn -0.0072 0.9729 -0.2312
vn 0.5422 0.8119 -0.2166
vn -0.0040 0.9996 -0.0274
vn 0.2565 0.9595 -0.1169
vn 0.2769 0.9504 -0.1415
vn 0.3191 0.9424 -0.1006
vn 0.2824 0.9507 -0.1281
vn 0.2771 0.9539 -0.1151
vn 0.2954 0.9541 -0.0497
vn 0.4180 0.7650 -0.4899
vn 0.1460 0.9486 0.2807
vn 0.1079 0.8548 -0.5075
vn 0.3823 0.8794 0.2836
vn 0.8072 0.5659 0.1679
vn -0.3909 0.8521 -0.3480
vn 0.8040 0.5011 -0.3201
vn -0.3878 0.9141 0.1185
vn 0.1235 0.9548 0.2702
vn 0.3895 0.7717 -0.5029
vn 0.3989 0.8740 0.2775
vn 0.1140 0.8525 -0.5101
vn -0.1231 0.9549 -0.2700
vn 0.6235 0.7789 0.0669
vn -0.1200 0.9927 0.0141
vn 0.6330 0.7338 -0.2467
vn 0.2826 0.9576 -0.0564
vn 0.2435 0.9621 -0.1231
vn 0.2435 0.9604 -0.1354
vn 0.3133 0.9428 -0.1136
vn 0.4277 0.7486 -0.5067
vn 0.1410 0.9418 0.3052
vn 0.0781 0.8506 -0.5199
vn 0.3673 0.8757 0.3134
vn 0.6495 0.7584 0.0556
vn -0.1426 0.9477 -0.2854
vn 0.6474 0.7165 -0.2599
vn -0.1405 0.9896 0.0301
vn 0.1133 0.9496 0.2924
vn 0.3936 0.7566 -0.5222
vn 0.4035 0.8644 0.3000
vn 0.1033 0.8418 -0.5299
vn -0.1399 0.9460 -0.2926
vn 0.6467 0.7601 0.0628
vn -0.1433 0.9894 0.0225
vn 0.6502 0.7167 -0.2523
vn 0.2749 0.9585 -0.0761
vn 0.2696 0.9624 -0.0318
vn 0.3785 0.8121 -0.4441
vn 0.1503 0.9673 0.2043
vn 0.1489 0.8793 -0.4525
vn 0.3797 0.9003 0.2128
vn 0.5804 0.8141 0.0162
vn -0.0518 0.9653 -0.2559
vn 0.5788 0.7807 -0.2356
vn -0.0501 0.9987 -0.0042
vn 0.1524 0.9668 0.2053
vn 0.3762 0.8127 -0.4449
vn 0.3841 0.8988 0.2115
vn 0.1446 0.8807 -0.4511
vn -0.0495 0.9639 -0.2616
vn 0.5783 0.8155 0.0220
vn -0.0523 0.9986 -0.0102
vn 0.5810 0.7809 -0.2296
vn 0.2932 0.9555 -0.0311
vn 0.3940 0.7647 -0.5099
vn 0.1165 0.9534 0.2784
vn 0.1149 0.8462 -0.5203
vn 0.3955 0.8719 0.2888
vn 0.6395 0.7671 0.0497
vn -0.1291 0.9509 -0.2812
vn 0.6376 0.7265 -0.2564
vn -0.1271 0.9916 0.0250
vn 0.1192 0.9527 0.2796
vn 0.3912 0.7654 -0.5110
vn 0.4008 0.8700 0.2870
vn 0.1096 0.8480 -0.5185
vn -0.1265 0.9492 -0.2881
vn 0.6369 0.7689 0.0567
vn -0.1298 0.9914 0.0177
vn 0.6402 0.7267 -0.2491
vn 0.3868 0.7885 -0.4782
vn 0.1330 0.9609 0.2427
vn 0.1315 0.8630 -0.4878
vn 0.3882 0.8864 0.2522
vn 0.6113 0.7907 0.0334
vn -0.0916 0.9587 -0.2692
vn 0.6095 0.7535 -0.2465
vn -0.0897 0.9959 0.0108
vn 0.1355 0.9604 0.2436
vn 0.3843 0.7890 -0.4793
vn 0.3930 0.8848 0.2504
vn 0.1267 0.8647 -0.4861
vn -0.0892 0.9572 -0.2755
vn 0.6089 0.7923 0.0398
vn -0.0922 0.9957 0.0041
vn 0.6119 0.7537 -0.2398
vn -0.3955 0.1000 -0.9130
vn -0.9184 -0.0315 0.3945
vn -0.3950 -0.0571 0.9169
vn 0.3827 -0.0441 0.9228
vn 0.9240 -0.0164 0.3821
vn 0.6216 0.2525 0.7415
vn 0.3879 0.0368 -0.9210
vn -0.3873 0.0481 -0.9207
vn 0.0347 0.9973 0.0649
vn 0.0353 -0.9994 0.0019
vn 0.0397 0.9987 0.0309
vn 0.0929 -0.9957 0.0071
vn 0.0078 0.9997 0.0237
vn -0.0207 -0.9997 -0.0086
vn 0.1190 0.9929 0.0061
vn 0.0861 -0.9961 -0.0171
vn 0.0126 0.9925 0.1213
vn 0.0222 -0.9992 0.0336
vn 0.0249 0.9996 -0.0123
vn 0.0513 -0.9987 -0.0009
vn 0.0519 0.9978 0.0419
vn 0.0116 -0.9999 -0.0083
vn 0.0574 0.9981 0.0227
vn 0.0545 -0.9985 -0.0041
vn 0.9416 -0.0950 0.3231
vn -0.2725 -0.0426 -0.9612
vn -0.8839 0.0799 -0.4608
vn -0.9219 0.0225 -0.3868
vn 0.0739 -0.1358 0.9880
vn -0.9937 -0.0856 -0.0723
vn 0.5574 0.2954 -0.7759
vn 0.9222 0.0133 -0.3865
vn 0.0583 -0.9983 -0.0056
vn 0.0637 0.9975 0.0294
vn 0.0681 0.9973 0.0276
vn 0.0629 -0.9980 -0.0075
vn 0.0490 -0.9980 0.0395
vn 0.0013 0.9998 0.0210
vn -0.0253 -0.9995 -0.0206
vn 0.1330 0.9911 0.0002
vn 0.0957 -0.9952 -0.0211
vn 0.0014 0.9905 0.1372
vn 0.0199 -0.9990 0.0391
vn 0.0174 0.9996 -0.0227
vn 0.0362 -0.9993 0.0087
vn 0.0537 0.9976 0.0427
vn 0.0057 -1.0000 -0.0077
vn 0.0355 -0.9994 0.0015
vn 0.0391 0.9988 0.0295
vn 0.2360 0.9593 0.1548
vn -0.1727 0.9848 -0.0157
vn 0.2149 -0.9737 0.0758
vn -0.1013 -0.9933 -0.0548
vn 0.2265 0.9727 -0.0509
vn -0.2095 0.9692 0.1296
vn 0.2044 -0.9787 -0.0208
vn -0.1515 -0.9809 0.1224
vn 0.0908 0.9736 -0.2094
vn -0.0648 0.9821 0.1770
vn 0.0411 -0.9791 -0.1992
vn -0.0915 -0.9868 0.1337
vn 0.0599 0.9780 -0.1998
vn 0.2309 0.9438 0.2365
vn 0.0290 -0.9793 -0.2001
vn 0.1600 -0.9782 0.1321
vn -0.2085 0.9761 0.0616
vn 0.2238 0.9472 0.2295
vn -0.1368 -0.9904 -0.0211
vn 0.2212 -0.9674 0.1229
vn -0.2147 0.9745 0.0656
vn 0.1773 0.9799 -0.0912
vn -0.1471 -0.9855 0.0849
vn 0.1679 -0.9848 -0.0452
vn -0.0238 0.9729 0.2301
vn 0.1536 0.9662 -0.2071
vn -0.0656 -0.9860 0.1536
vn 0.0786 -0.9789 -0.1886
vn 0.1528 0.9585 0.2406
vn -0.0120 0.9879 -0.1548
vn 0.1258 -0.9803 0.1523
vn -0.0188 -0.9808 -0.1939
vn 0.0306 0.9973 0.0673
vn 0.0774 0.9967 0.0239
vn 0.0728 -0.9973 -0.0116
vn 0.0510 -0.9977 0.0445
vn -0.0040 0.9998 0.0188
vn -0.0344 -0.9991 -0.0244
vn 0.1482 0.9889 -0.0060
vn 0.1057 -0.9941 -0.0252
vn -0.0055 0.9881 0.1540
vn 0.0177 -0.9989 0.0445
vn 0.0137 0.9994 -0.0314
vn 0.0369 -0.9993 0.0104
vn 0.0536 0.9977 0.0427
vn -0.0001 -0.9999 -0.0101
vn 0.0355 -0.9994 0.0017
vn 0.0377 0.9989 0.0260
vn -0.2210 0.9749 -0.0267
vn 0.2758 0.9439 0.1816
vn -0.1388 -0.9878 -0.0701
vn 0.2611 -0.9606 0.0951
vn -0.2657 0.9528 0.1467
vn 0.2638 0.9618 -0.0728
vn -0.2013 -0.9680 0.1498
vn 0.2488 -0.9681 -0.0291
vn -0.0869 0.9744 0.2073
vn 0.1020 0.9594 -0.2628
vn -0.1221 -0.9777 0.1707
vn 0.0451 -0.9665 -0.2525
vn 0.2710 0.9207 0.2809
vn 0.0665 0.9651 -0.2533
vn 0.1911 -0.9670 0.1686
vn 0.0256 -0.9670 -0.2537
vn 0.2650 0.9251 0.2718
vn -0.2656 0.9616 0.0693
vn 0.2702 -0.9508 0.1513
vn -0.1827 -0.9827 -0.0290
vn 0.2074 0.9710 -0.1189
vn -0.2710 0.9599 0.0723
vn 0.2035 -0.9774 -0.0572
vn -0.1945 -0.9750 0.1071
vn 0.1741 0.9496 -0.2607
vn -0.0399 0.9620 0.2700
vn 0.0903 -0.9667 -0.2393
vn -0.0929 -0.9769 0.1925
vn -0.0226 0.9802 -0.1966
vn 0.1775 0.9428 0.2823
vn -0.0337 -0.9686 -0.2463
vn 0.1501 -0.9701 0.1905
vn 0.0282 0.9969 0.0732
vn 0.0431 0.9983 0.0388
vn 0.0343 -0.9994 0.0042
vn 0.0553 -0.9970 0.0550
vn -0.0157 0.9998 0.0140
vn -0.0541 -0.9980 -0.0327
vn 0.1812 0.9832 -0.0195
vn 0.1272 -0.9913 -0.0342
vn -0.0208 0.9814 0.1908
vn 0.0128 -0.9983 0.0564
vn 0.0057 0.9987 -0.0501
vn 0.0385 -0.9992 0.0141
vn 0.0533 0.9977 0.0426
vn -0.0124 -0.9998 -0.0152
vn 0.0354 -0.9994 0.0019
vn 0.0347 0.9992 0.0186
vn -0.2137 0.9769 0.0016
vn 0.2530 0.9467 0.1992
vn -0.1277 -0.9896 -0.0657
vn 0.2768 -0.9556 0.1015
vn -0.2782 0.9505 0.1382
vn 0.2350 0.9691 -0.0753
vn -0.2196 -0.9590 0.1789
vn 0.2592 -0.9658 -0.0085
vn -0.0923 0.9838 0.1537
vn 0.0787 0.9593 -0.2712
vn -0.1613 -0.9738 0.1604
vn 0.0131 -0.9597 -0.2808
vn 0.3297 0.9076 0.2597
vn 0.1372 0.9556 -0.2608
vn 0.2342 -0.9592 0.1583
vn 0.0614 -0.9575 -0.2819
vn 0.2360 0.9113 0.3374
vn -0.2790 0.9493 0.1449
vn 0.2905 -0.9390 0.1840
vn -0.1928 -0.9812 -0.0056
vn 0.1573 0.9773 -0.1420
vn -0.2817 0.9589 0.0352
vn 0.1919 -0.9804 -0.0453
vn -0.2097 -0.9704 0.1202
vn 0.1799 0.9445 -0.2747
vn -0.0287 0.9684 0.2479
vn 0.0753 -0.9618 -0.2631
vn -0.1184 -0.9748 0.1891
vn 0.0039 0.9838 -0.1795
vn 0.1913 0.9443 0.2678
vn -0.0252 -0.9618 -0.2727
vn 0.1704 -0.9676 0.1865
vn 0.0233 0.9961 0.0855
usemtl DarkWood
s off
f 1/1/1 5/2/1 7/3/1 3/4/1
f 15/5/2 10/6/2 13/7/2 12/8/2
f 10/9/3 9/10/3 16/11/3 13/12/3
f 6/13/4 2/14/4 4/15/4 8/16/4
f 11/17/5 15/5/5 12/8/5 14/18/5
f 9/10/6 11/17/6 14/18/6 16/11/6
f 11/17/3 35/19/3 39/20/3 15/5/3
f 59/21/4 52/22/4 27/23/4 24/24/4
f 8/16/2 17/25/2 46/26/2 4/15/2
f 16/11/5 55/27/5 49/28/5 13/12/5
f 24/24/4 27/23/4 25/29/4 57/30/4
f 7/3/3 20/31/3 62/32/3 5/2/3
f 43/33/1 36/34/1 30/35/1 23/36/1
f 23/36/1 30/35/1 32/37/1 41/38/1
f 9/10/2 29/39/2 35/19/2 11/17/2
f 4/15/5 46/26/5 44/40/5 2/14/5
f 12/8/3 28/41/3 51/42/3 14/18/3
f 1/1/5 60/43/5 22/44/5 3/4/5
f 15/5/6 39/20/6 33/45/6 10/6/6
f 14/18/2 51/42/2 55/27/2 16/11/2
f 22/44/7 21/46/7 58/47/7 20/31/7
f 19/48/8 18/49/8 42/50/8 17/25/8
f 10/9/5 33/51/5 29/39/5 9/10/5
f 41/38/1 32/37/1 38/52/1 47/53/1
f 63/54/4 54/55/4 52/22/4 59/21/4
f 57/30/4 25/29/4 54/55/4 63/54/4
f 5/2/6 62/32/6 60/43/6 1/1/6
f 27/23/9 26/56/9 50/57/9 25/29/9
f 47/53/1 38/52/1 36/34/1 43/33/1
f 30/35/10 31/58/10 34/59/10 32/37/10
f 31/60/11 29/39/11 33/51/11 34/61/11
f 36/34/12 37/62/12 31/63/12 30/35/12
f 37/64/13 35/19/13 29/39/13 31/65/13
f 32/37/14 34/66/14 40/67/14 38/52/14
f 34/68/15 33/45/15 39/20/15 40/69/15
f 38/52/16 40/70/16 37/71/16 36/34/16
f 40/70/8 39/20/8 35/19/8 37/71/8
f 2/14/6 44/40/6 19/48/6 6/13/6
f 18/49/16 23/36/16 41/38/16 42/50/16
f 44/40/15 45/72/15 18/49/15 19/48/15
f 45/72/14 43/33/14 23/36/14 18/49/14
f 17/25/13 42/50/13 48/73/13 46/26/13
f 42/50/12 41/38/12 47/53/12 48/73/12
f 46/26/11 48/73/11 45/72/11 44/40/11
f 48/73/10 47/53/10 43/33/10 45/72/10
f 6/13/3 19/48/3 17/25/3 8/16/3
f 26/74/17 28/41/17 49/75/17 50/76/17
f 52/22/18 53/77/18 26/78/18 27/23/18
f 53/77/19 51/42/19 28/41/19 26/78/19
f 25/29/20 50/79/20 56/80/20 54/55/20
f 50/81/21 49/28/21 55/27/21 56/82/21
f 54/55/22 56/83/22 53/84/22 52/22/22
f 56/85/7 55/27/7 51/42/7 53/86/7
f 13/7/6 49/75/6 28/41/6 12/8/6
f 21/46/22 24/24/22 57/30/22 58/47/22
f 60/43/21 61/87/21 21/46/21 22/44/21
f 61/87/20 59/21/20 24/24/20 21/46/20
f 20/31/19 58/47/19 64/88/19 62/32/19
f 58/47/18 57/30/18 63/54/18 64/88/18
f 62/32/17 64/88/17 61/87/17 60/43/17
f 64/88/9 63/54/9 59/21/9 61/87/9
f 3/4/2 22/44/2 20/31/2 7/3/2
f 77/89/5 66/90/5 68/91/5 78/92/5
f 78/92/2 68/91/2 72/93/2 79/94/2
f 79/94/3 72/93/3 70/95/3 80/96/3
f 80/96/6 70/95/6 66/97/6 77/98/6
f 67/99/4 71/100/4 69/101/4 65/102/4
f 72/93/1 68/103/1 66/104/1 70/95/1
f 69/101/6 76/105/6 73/106/6 65/107/6
f 71/100/3 75/108/3 76/105/3 69/101/3
f 67/109/2 74/110/2 75/108/2 71/100/2
f 65/111/5 73/112/5 74/110/5 67/109/5
f 76/105/6 80/96/6 77/98/6 73/106/6
f 75/108/3 79/94/3 80/96/3 76/105/3
f 94/113/3 95/114/3 85/115/3 83/116/3
f 95/114/2 96/117/2 89/118/2 85/115/2
f 96/117/5 97/119/5 87/120/5 89/118/5
f 97/119/6 94/121/6 83/122/6 87/120/6
f 84/123/4 82/124/4 86/125/4 88/126/4
f 89/118/1 87/120/1 83/127/1 85/128/1
f 86/125/6 82/129/6 90/130/6 93/131/6
f 88/126/5 86/125/5 93/131/5 92/132/5
f 84/133/2 88/126/2 92/132/2 91/134/2
f 82/135/3 84/133/3 91/134/3 90/136/3
f 93/131/6 90/130/6 94/121/6 97/119/6
f 92/132/5 93/131/5 97/119/5 96/117/5
f 107/137/6 111/138/6 126/139/6 122/140/6
f 119/141/4 117/142/4 81/143/4 115/144/4
f 111/138/1 110/145/1 125/146/1 126/139/1
f 96/117/1 95/147/1 126/148/1 127/149/1
f 124/150/2 121/151/2 81/143/2 117/142/2
f 110/152/5 111/138/5 101/153/5 99/154/5
f 111/138/6 112/155/6 105/156/6 101/153/6
f 112/155/3 113/157/3 103/158/3 105/156/3
f 113/157/2 110/145/2 99/159/2 103/158/2
f 100/160/4 98/161/4 102/162/4 104/163/4
f 105/156/1 103/158/1 99/164/1 101/165/1
f 102/162/2 98/166/2 106/167/2 109/168/2
f 104/163/3 102/162/3 109/168/3 108/169/3
f 100/170/6 104/163/6 108/169/6 107/137/6
f 98/171/5 100/170/5 107/137/5 106/172/5
f 109/168/2 106/167/2 110/145/2 113/157/2
f 108/169/3 109/168/3 113/157/3 112/155/3
f 75/108/3 108/169/3 112/155/3 79/94/3
f 91/134/3 122/140/3 126/139/3 95/147/3
f 77/98/6 94/121/6 90/130/6 73/112/6
f 92/132/4 123/173/4 122/140/4 91/134/4
f 74/174/2 91/175/2 95/147/2 78/92/2
f 125/146/3 114/176/3 116/177/3 126/148/3
f 126/148/6 116/177/6 120/178/6 127/149/6
f 127/149/5 120/178/5 118/179/5 128/180/5
f 128/180/2 118/179/2 114/181/2 125/182/2
f 121/151/23 122/140/23 115/183/23 119/141/23 117/142/23 124/150/23
f 120/178/1 116/184/1 114/185/1 118/179/1
f 79/94/1 112/155/1 111/138/1 78/92/1
f 119/141/5 123/173/5 124/150/5 117/142/5
f 115/144/6 122/140/6 123/173/6 119/141/6
f 74/174/5 78/92/5 111/138/5 107/186/5
f 124/150/2 128/180/2 125/182/2 121/187/2
f 123/173/5 127/149/5 128/180/5 124/150/5
f 110/145/2 106/172/2 121/187/2 125/182/2
f 75/108/4 74/174/4 107/137/4 108/169/4
f 122/140/3 115/144/3 81/143/3 121/151/3
f 107/137/4 122/140/4 121/151/4 106/172/4
f 78/92/1 95/147/1 94/113/1 77/98/1
f 92/132/5 96/117/5 127/149/5 123/173/5
f 74/174/4 73/112/4 90/136/4 91/175/4
f 4245/188/6 4249/189/6 4236/190/6 4234/191/6
f 4251/192/3 4253/193/3 4252/194/3 4254/195/3 4256/196/3 4255/197/3 4248/198/3 4250/199/3 4249/189/3 4245/188/3 4247/200/3 4246/201/3
f 4255/197/1 4242/202/1 4237/203/1 4248/198/1
f 4233/204/5 4235/205/5 4234/206/5 4236/207/5 4238/208/5 4237/209/5 4242/210/5 4244/211/5 4243/212/5 4239/213/5 4241/214/5 4240/215/5
f 4239/213/2 4243/212/2 4254/195/2 4252/194/2
f 4251/192/22 4240/216/22 4241/217/22 4253/218/22
f 4253/218/7 4241/219/7 4239/213/7 4252/194/7
f 4242/202/12 4255/197/12 4256/220/12 4244/221/12
f 4244/222/13 4256/220/13 4254/195/13 4243/212/13
f 4233/223/9 4246/201/9 4247/224/9 4235/225/9
f 4235/226/17 4247/224/17 4245/188/17 4234/191/17
f 4248/198/14 4237/203/14 4238/227/14 4250/228/14
f 4250/228/15 4238/229/15 4236/190/15 4249/189/15
f 4240/216/4 4251/192/4 4246/201/4 4233/223/4
f 4403/230/4 4401/231/4 4436/232/4 4439/233/4
f 4420/234/1 4421/235/1 4438/236/1 4435/237/1
f 4410/238/1 4396/239/1 4430/240/1 4449/241/1
f 4415/242/4 4414/243/4 4453/244/4 4454/245/4
f 4419/246/1 4420/234/1 4435/237/1 4432/247/1
f 4395/248/4 4409/249/4 4448/250/4 4427/251/4
f 4398/252/1 4396/239/1 4410/238/1 4408/253/1 4406/254/1 4404/255/1 4402/256/1 4400/257/1
f 4416/258/4 4415/242/4 4454/245/4 4455/259/4
f 4400/257/1 4402/256/1 4437/260/1 4434/261/1
f 4395/248/4 4397/262/4 4399/263/4 4401/231/4 4403/230/4 4405/264/4 4407/265/4 4409/249/4
f 4425/266/24 4418/267/24 4411/268/24 4426/269/24
f 4424/270/25 4417/271/25 4418/267/25 4425/266/25
f 4423/272/26 4416/258/26 4417/271/26 4424/270/26
f 4422/273/27 4415/242/27 4416/258/27 4423/272/27
f 4421/235/28 4414/243/28 4415/242/28 4422/273/28
f 4420/234/29 4413/274/29 4414/243/29 4421/235/29
f 4419/246/30 4412/275/30 4413/274/30 4420/234/30
f 4426/276/31 4411/277/31 4412/275/31 4419/246/31
f 4426/276/1 4419/246/1 4432/247/1 4458/278/1
f 4417/271/4 4416/258/4 4455/259/4 4456/279/4
f 4401/231/4 4399/263/4 4433/280/4 4436/232/4
f 4408/253/1 4410/238/1 4449/241/1 4446/281/1
f 4418/267/4 4417/271/4 4456/279/4 4457/282/4
f 4409/249/4 4407/265/4 4445/283/4 4448/250/4
f 4411/268/4 4418/267/4 4457/282/4 4431/284/4
f 4398/252/1 4400/257/1 4434/261/1 4429/285/1
f 4431/286/31 4430/287/31 4429/288/31 4451/289/31
f 4451/289/30 4429/288/30 4434/290/30 4452/291/30
f 4452/291/29 4434/290/29 4437/292/29 4453/244/29
f 4453/244/28 4437/292/28 4440/293/28 4454/245/28
f 4454/245/27 4440/293/27 4443/294/27 4455/259/27
f 4455/259/26 4443/294/26 4446/295/26 4456/279/26
f 4456/279/25 4446/295/25 4449/296/25 4457/282/25
f 4457/282/24 4449/296/24 4430/297/24 4431/284/24
f 4427/298/31 4458/278/31 4432/247/31 4428/299/31
f 4428/299/30 4432/247/30 4435/237/30 4433/300/30
f 4433/300/29 4435/237/29 4438/236/29 4436/301/29
f 4436/301/28 4438/236/28 4441/302/28 4439/303/28
f 4439/303/27 4441/302/27 4444/304/27 4442/305/27
f 4442/305/26 4444/304/26 4447/306/26 4445/307/26
f 4445/307/25 4447/306/25 4450/308/25 4448/309/25
f 4448/309/24 4450/308/24 4458/310/24 4427/311/24
f 4414/243/4 4413/274/4 4452/291/4 4453/244/4
f 4421/235/1 4422/273/1 4441/302/1 4438/236/1
f 4402/256/1 4404/255/1 4440/312/1 4437/260/1
f 4413/274/4 4412/275/4 4451/289/4 4452/291/4
f 4422/273/1 4423/272/1 4444/304/1 4441/302/1
f 4412/275/4 4411/277/4 4431/286/4 4451/289/4
f 4423/272/1 4424/270/1 4447/306/1 4444/304/1
f 4405/264/4 4403/230/4 4439/233/4 4442/313/4
f 4397/262/4 4395/248/4 4427/251/4 4428/314/4
f 4424/270/1 4425/266/1 4450/308/1 4447/306/1
f 4404/255/1 4406/254/1 4443/315/1 4440/312/1
f 4396/239/1 4398/252/1 4429/285/1 4430/240/1
f 4425/266/1 4426/269/1 4458/310/1 4450/308/1
f 4407/265/4 4405/264/4 4442/313/4 4445/283/4
f 4406/254/1 4408/253/1 4446/281/1 4443/315/1
f 4399/263/4 4397/262/4 4428/314/4 4433/280/4
usemtl Wood
f 145/316/32 130/317/32 132/318/32 146/319/32
f 146/319/33 132/318/33 134/320/33 147/321/33
f 147/321/34 134/320/34 136/322/34 148/323/34
f 148/323/35 136/322/35 138/324/35 149/325/35
f 149/325/36 138/324/36 140/326/36 150/327/36
f 150/327/37 140/326/37 142/328/37 151/329/37
f 130/330/38 144/331/38 208/332/38 202/333/38
f 151/329/39 142/328/39 144/331/39 152/334/39
f 152/334/40 144/331/40 130/330/40 145/335/40
f 129/336/41 131/337/41 133/338/41 135/339/41 137/340/41 139/341/41 141/342/41 143/343/41
f 159/344/38 152/334/38 145/335/38 160/345/38
f 158/346/42 151/329/42 152/334/42 159/344/42
f 157/347/43 150/327/43 151/329/43 158/346/43
f 156/348/44 149/325/44 150/327/44 157/347/44
f 155/349/45 148/323/45 149/325/45 156/348/45
f 154/350/46 147/321/46 148/323/46 155/349/46
f 153/351/47 146/319/47 147/321/47 154/350/47
f 160/352/48 145/316/48 146/319/48 153/351/48
f 192/353/49 177/354/49 184/355/49 185/356/49
f 200/357/50 160/352/50 153/351/50 199/358/50
f 199/358/51 153/351/51 154/350/51 198/359/51
f 198/359/52 154/350/52 155/349/52 197/360/52
f 197/360/53 155/349/53 156/348/53 196/361/53
f 196/361/54 156/348/54 157/347/54 195/362/54
f 195/362/55 157/347/55 158/346/55 194/363/55
f 194/363/56 158/346/56 159/344/56 193/364/56
f 175/365/57 167/366/57 168/367/57 176/368/57
f 174/369/58 166/370/58 167/366/58 175/365/58
f 173/371/59 165/372/59 166/370/59 174/369/59
f 172/373/60 164/374/60 165/372/60 173/371/60
f 171/375/61 163/376/61 164/374/61 172/373/61
f 170/377/62 162/378/62 163/376/62 171/375/62
f 169/379/63 161/380/63 162/378/63 170/377/63
f 176/381/64 168/382/64 161/380/64 169/379/64
f 129/383/65 176/381/65 169/379/65 131/384/65
f 131/384/66 169/379/66 170/377/66 133/385/66
f 133/385/67 170/377/67 171/375/67 135/386/67
f 135/386/68 171/375/68 172/373/68 137/387/68
f 137/387/69 172/373/69 173/371/69 139/388/69
f 139/388/70 173/371/70 174/369/70 141/389/70
f 141/389/71 174/369/71 175/365/71 143/390/71
f 143/390/72 175/365/72 176/368/72 129/391/72
f 166/370/73 191/392/73 192/353/73 167/366/73
f 185/393/74 184/394/74 183/395/74 186/396/74
f 186/396/75 183/395/75 182/397/75 187/398/75
f 187/398/76 182/397/76 181/399/76 188/400/76
f 188/400/77 181/399/77 180/401/77 189/402/77
f 189/402/78 180/401/78 179/403/78 190/404/78
f 190/404/79 179/403/79 178/405/79 191/392/79
f 191/392/80 178/405/80 177/354/80 192/353/80
f 193/364/81 159/344/81 160/345/81 200/406/81
f 165/372/82 190/404/82 191/392/82 166/370/82
f 164/374/83 189/402/83 190/404/83 165/372/83
f 163/376/84 188/400/84 189/402/84 164/374/84
f 162/378/85 187/398/85 188/400/85 163/376/85
f 161/380/86 186/396/86 187/398/86 162/378/86
f 168/382/87 185/393/87 186/396/87 161/380/87
f 167/366/88 192/353/88 185/356/88 168/367/88
f 177/354/89 193/364/89 200/406/89 184/355/89
f 178/405/90 194/363/90 193/364/90 177/354/90
f 179/403/91 195/362/91 194/363/91 178/405/91
f 180/401/92 196/361/92 195/362/92 179/403/92
f 181/399/93 197/360/93 196/361/93 180/401/93
f 182/397/94 198/359/94 197/360/94 181/399/94
f 183/395/95 199/358/95 198/359/95 182/397/95
f 184/394/96 200/357/96 199/358/96 183/395/96
f 201/407/97 202/408/97 208/409/97 207/410/97 206/411/97 205/412/97 204/413/97 203/414/97
f 132/318/48 130/317/48 202/415/48 201/416/48
f 136/322/46 134/320/46 203/417/46 204/418/46
f 142/328/43 140/326/43 206/419/43 207/420/43
f 138/324/45 136/322/45 204/418/45 205/421/45
f 144/331/42 142/328/42 207/420/42 208/332/42
f 134/320/47 132/318/47 201/416/47 203/417/47
f 140/326/44 138/324/44 205/421/44 206/419/44
f 318/422/98 314/423/98 249/424/98 247/425/98 245/426/98
f 283/427/99 237/428/99 239/429/99 284/430/99
f 284/430/100 239/429/100 241/431/100 285/432/100
f 286/433/101 319/434/101 318/435/101 245/436/101 287/437/101
f 282/438/102 316/439/102 315/440/102 237/428/102 283/427/102
f 287/437/103 245/436/103 247/441/103 288/442/103
f 288/442/104 247/441/104 249/443/104 289/444/104
f 234/445/105 236/446/105 238/447/105 240/448/105 242/449/105 244/450/105 246/451/105 248/452/105
f 285/432/106 241/431/106 317/453/106 319/434/106 286/433/106
f 273/454/107 257/455/107 250/456/107 266/457/107
f 272/458/108 256/459/108 257/455/108 273/454/108
f 271/460/109 255/461/109 256/459/109 272/458/109
f 270/462/110 254/463/110 255/461/110 271/460/110
f 269/464/111 253/465/111 254/463/111 270/462/111
f 268/466/112 252/467/112 253/465/112 269/464/112
f 267/468/113 251/469/113 252/467/113 268/466/113
f 266/470/114 250/471/114 251/469/114 267/468/114
f 298/472/115 265/473/115 258/474/115 299/475/115
f 299/475/116 258/474/116 259/476/116 300/477/116
f 300/477/117 259/476/117 260/478/117 301/479/117
f 301/479/118 260/478/118 261/480/118 302/481/118
f 302/481/119 261/480/119 262/482/119 303/483/119
f 303/483/120 262/482/120 263/484/120 304/485/120
f 304/485/121 263/484/121 264/486/121 305/487/121
f 305/487/122 264/486/122 265/488/122 298/489/122
f 265/473/123 266/470/123 267/468/123 258/474/123
f 258/474/124 267/468/124 268/466/124 259/476/124
f 259/476/125 268/466/125 269/464/125 260/478/125
f 260/478/126 269/464/126 270/462/126 261/480/126
f 261/480/127 270/462/127 271/460/127 262/482/127
f 262/482/128 271/460/128 272/458/128 263/484/128
f 263/484/129 272/458/129 273/454/129 264/486/129
f 264/486/130 273/454/130 266/457/130 265/488/130
f 257/455/131 281/490/131 274/491/131 250/456/131
f 256/459/132 280/492/132 281/490/132 257/455/132
f 255/461/133 279/493/133 280/492/133 256/459/133
f 254/463/134 278/494/134 279/493/134 255/461/134
f 253/465/135 277/495/135 278/494/135 254/463/135
f 252/467/136 276/496/136 277/495/136 253/465/136
f 251/469/137 275/497/137 276/496/137 252/467/137
f 250/471/138 274/498/138 275/497/138 251/469/138
f 281/490/139 289/444/139 282/499/139 274/491/139
f 280/492/140 288/442/140 289/444/140 281/490/140
f 279/493/141 287/437/141 288/442/141 280/492/141
f 278/494/142 286/433/142 287/437/142 279/493/142
f 277/495/143 285/432/143 286/433/143 278/494/143
f 276/496/144 284/430/144 285/432/144 277/495/144
f 275/497/145 283/427/145 284/430/145 276/496/145
f 274/498/146 282/438/146 283/427/146 275/497/146
f 312/500/147 296/501/147 297/502/147 313/503/147
f 311/504/148 295/505/148 296/501/148 312/500/148
f 310/506/149 294/507/149 295/505/149 311/504/149
f 309/508/150 293/509/150 294/507/150 310/506/150
f 308/510/151 292/511/151 293/509/151 309/508/151
f 307/512/152 291/513/152 292/511/152 308/510/152
f 306/514/153 290/515/153 291/513/153 307/512/153
f 313/516/154 297/517/154 290/515/154 306/514/154
f 296/501/155 305/487/155 298/489/155 297/502/155
f 295/505/156 304/485/156 305/487/156 296/501/156
f 294/507/149 303/483/149 304/485/149 295/505/149
f 293/509/150 302/481/150 303/483/150 294/507/150
f 292/511/151 301/479/151 302/481/151 293/509/151
f 291/513/152 300/477/152 301/479/152 292/511/152
f 290/515/157 299/475/157 300/477/157 291/513/157
f 297/517/158 298/472/158 299/475/158 290/515/158
f 234/518/159 313/516/159 306/514/159 236/519/159
f 236/519/160 306/514/160 307/512/160 238/520/160
f 238/520/161 307/512/161 308/510/161 240/521/161
f 240/521/162 308/510/162 309/508/162 242/522/162
f 242/522/163 309/508/163 310/506/163 244/523/163
f 244/523/164 310/506/164 311/504/164 246/524/164
f 246/524/165 311/504/165 312/500/165 248/525/165
f 248/525/166 312/500/166 313/503/166 234/526/166
f 289/444/167 249/443/167 314/527/167 316/528/167 282/499/167
f 314/423/168 315/529/168 316/530/168
f 317/531/169 318/435/169 319/434/169
f 237/532/98 315/533/98 317/534/98 241/535/98 239/536/98
f 525/537/170 528/538/170 547/539/170 543/540/170
f 520/541/171 531/542/171 550/543/171 535/544/171
f 524/545/172 532/546/172 552/547/172 540/548/172
f 532/546/173 534/549/173 553/550/173 552/547/173
f 531/542/170 524/545/170 540/548/170 550/543/170
f 519/551/173 517/552/173 526/553/173 529/554/173
f 517/552/172 515/555/172 525/537/172 526/553/172
f 515/555/170 516/556/170 528/538/170 525/537/170
f 516/556/171 519/551/171 529/554/171 528/538/171
f 517/552/4 519/551/4 516/556/4 515/555/4
f 587/557/174 558/558/174 538/559/174 537/560/174 535/544/174 559/561/174 591/562/174
f 567/563/170 574/564/170 572/565/170 573/566/170
f 559/561/1 535/544/1 550/543/1 544/567/1 556/568/1
f 656/569/1 659/570/1 657/571/1 658/572/1
f 650/573/1 660/574/1 662/575/1 661/576/1
f 700/577/1 683/578/1 677/579/1 709/580/1
f 701/581/1 707/582/1 702/583/1 703/584/1
f 705/585/1 552/547/1 553/550/1 699/586/1 710/587/1
f 709/580/1 677/579/1 642/588/1 645/589/1 648/590/1 650/573/1 661/576/1 663/591/1 666/592/1 671/593/1 659/570/1 656/569/1 670/594/1 667/595/1 641/596/1 644/597/1 647/598/1 651/599/1 655/600/1 658/572/1 657/571/1 654/601/1 688/602/1 693/603/1 662/575/1 660/574/1 669/604/1 676/605/1 680/606/1 683/578/1 700/577/1 694/607/1 690/608/1 695/609/1 703/584/1 702/583/1 696/610/1 691/611/1 699/586/1 553/550/1 537/560/1 538/559/1 552/547/1 705/585/1 704/612/1 706/613/1 707/582/1 701/581/1 673/614/1 665/615/1 664/616/1
f 692/617/1 678/618/1 681/619/1 684/620/1 686/621/1 652/622/1 718/623/1 717/624/1 643/625/1 646/626/1 649/627/1 685/628/1 687/629/1 689/630/1 698/631/1 672/632/1 675/633/1 544/567/1 550/543/1 540/548/1 541/634/1 711/635/1 712/636/1 714/637/1 716/638/1 720/639/1
f 711/635/1 541/634/1 544/567/1 675/633/1 679/640/1 682/641/1 685/628/1 649/627/1 713/642/1 715/643/1 719/644/1 721/645/1 718/623/1 652/622/1 653/646/1 668/647/1 674/648/1 678/618/1 692/617/1 697/649/1 708/650/1
f 546/651/175 556/568/175 585/652/175 580/653/175
f 522/654/173 520/541/173 535/544/173 537/560/173
f 546/651/172 526/553/172 525/537/172 543/540/172 559/561/172 556/568/172
f 529/554/173 526/553/173 546/651/173 549/655/173
f 547/539/171 528/538/171 529/554/171 549/655/171 555/656/171 558/558/171
f 534/549/172 522/654/172 537/560/172 553/550/172
f 534/549/1 532/546/1 524/545/1 531/542/1 520/541/1 522/654/1
f 582/657/173 580/653/173 576/658/173 570/659/173
f 555/656/1 541/634/1 540/548/1 552/547/1 538/559/1 558/558/1
f 590/660/170 588/661/170 574/564/170 567/563/170
f 578/662/170 568/663/170 564/664/170 594/665/170
f 585/652/170 583/666/170 568/663/170 578/662/170
f 556/568/176 544/567/176 541/634/176 555/656/176 583/666/176 585/652/176
f 547/539/177 558/558/177 587/557/177 588/661/177
f 580/653/178 585/652/178 578/662/178 576/658/178
f 591/562/178 590/660/178 567/563/178 565/667/178
f 555/656/177 549/655/177 582/657/177 583/666/177
f 549/655/173 546/651/173 580/653/173 582/657/173
f 583/666/179 582/657/179 570/659/179 568/663/179
f 588/661/179 587/557/179 579/668/179 574/564/179
f 587/557/173 591/562/173 565/667/173 579/668/173
f 559/561/175 543/540/175 590/660/175 591/562/175
f 543/540/170 547/539/170 588/661/170 590/660/170
f 594/665/1 564/664/1 563/669/1 592/670/1
f 561/671/1 573/566/1 572/565/1 595/672/1
f 574/564/180 579/668/180 595/672/180 572/565/180
f 576/658/181 578/662/181 594/665/181 592/670/181
f 570/659/173 576/658/173 592/670/173 563/669/173
f 565/667/181 567/563/181 573/566/181 561/671/181
f 579/668/173 565/667/173 561/671/173 595/672/173
f 568/663/180 570/659/180 563/669/180 564/664/180
f 710/673/182 514/674/182 518/675/182 705/676/182
f 518/675/183 521/677/183 704/678/183 705/676/183
f 521/677/184 523/679/184 706/680/184 704/678/184
f 523/679/185 527/681/185 702/682/185 707/683/185 706/680/185
f 527/681/186 530/684/186 696/685/186 702/682/186
f 696/685/187 530/684/187 533/686/187 691/687/187
f 691/687/188 533/686/188 536/688/188 699/689/188
f 699/689/189 536/688/189 514/690/189 710/691/189
f 518/692/1 514/693/1 536/694/1 533/695/1 530/696/1 527/697/1 523/698/1 521/699/1
f 701/700/182 539/701/182 542/702/182 673/703/182
f 542/702/183 545/704/183 665/705/183 673/703/183
f 545/704/184 548/706/184 664/707/184 665/705/184
f 548/706/185 551/708/185 700/709/185 709/710/185 664/707/185
f 551/708/186 554/711/186 694/712/186 700/709/186
f 694/712/187 554/711/187 557/713/187 690/714/187
f 690/714/188 557/713/188 560/715/188 695/716/188
f 695/716/189 560/715/189 539/717/189 701/718/189 703/719/189
f 554/720/1 551/721/1 548/722/1 545/723/1 542/724/1 539/725/1 560/726/1 557/727/1
f 683/728/182 562/729/182 566/730/182 642/731/182 677/732/182
f 566/730/183 569/733/183 645/734/183 642/731/183
f 569/733/184 571/735/184 648/736/184 645/734/184
f 571/735/185 575/737/185 660/738/185 650/739/185 648/736/185
f 575/737/186 577/740/186 669/741/186 660/738/186
f 669/741/187 577/740/187 581/742/187 676/743/187
f 676/743/188 581/742/188 584/744/188 680/745/188
f 680/745/189 584/744/189 562/746/189 683/747/189
f 566/748/1 562/749/1 584/750/1 581/751/1 577/752/1 575/753/1 571/754/1 569/755/1
f 661/756/182 586/757/182 589/758/182 663/759/182
f 589/758/183 593/760/183 666/761/183 663/759/183
f 593/760/184 596/762/184 671/763/184 666/761/184
f 596/762/185 597/764/185 657/765/185 659/766/185 671/763/185
f 597/764/186 598/767/186 654/768/186 657/765/186
f 654/768/187 598/767/187 599/769/187 688/770/187
f 688/770/188 599/769/188 600/771/188 693/772/188
f 693/772/189 600/771/189 586/773/189 661/774/189 662/775/189
f 598/776/1 597/777/1 596/778/1 593/779/1 589/780/1 586/781/1 600/782/1 599/783/1
f 656/784/182 601/785/182 602/786/182 670/787/182
f 602/786/183 603/788/183 667/789/183 670/787/183
f 603/788/184 604/790/184 641/791/184 667/789/184
f 604/790/185 605/792/185 644/793/185 641/791/185
f 605/792/186 606/794/186 647/795/186 644/793/186
f 647/795/187 606/794/187 607/796/187 651/797/187
f 651/797/188 607/796/188 608/798/188 655/799/188
f 655/799/189 608/798/189 601/800/189 656/801/189 658/802/189
f 604/803/1 603/804/1 602/805/1 601/806/1 608/807/1 607/808/1 606/809/1 605/810/1
f 672/811/188 609/812/188 610/813/188 675/814/188
f 675/814/189 610/813/189 611/815/189 679/816/189
f 679/816/182 611/815/182 612/817/182 682/818/182
f 612/817/183 613/819/183 685/820/183 682/818/183
f 613/819/184 614/821/184 687/822/184 685/820/184
f 614/821/185 615/823/185 689/824/185 687/822/185
f 615/823/186 616/825/186 698/826/186 689/824/186
f 698/826/187 616/825/187 609/827/187 672/828/187
f 612/829/1 611/830/1 610/831/1 609/832/1 616/833/1 615/834/1 614/835/1 613/836/1
f 649/837/188 617/838/188 618/839/188 713/840/188
f 713/840/189 618/839/189 619/841/189 715/842/189
f 715/842/182 619/841/182 620/843/182 719/844/182
f 620/843/183 621/845/183 721/846/183 719/844/183
f 621/845/184 622/847/184 717/848/184 718/849/184 721/846/184
f 622/847/185 623/850/185 643/851/185 717/848/185
f 623/850/186 624/852/186 646/853/186 643/851/186
f 646/853/187 624/852/187 617/854/187 649/855/187
f 620/856/1 619/857/1 618/858/1 617/859/1 624/860/1 623/861/1 622/862/1 621/863/1
f 652/864/188 625/865/188 626/866/188 653/867/188
f 653/867/189 626/866/189 627/868/189 668/869/189
f 668/869/182 627/868/182 628/870/182 674/871/182
f 628/870/183 629/872/183 678/873/183 674/871/183
f 629/872/184 630/874/184 681/875/184 678/873/184
f 630/874/185 631/876/185 684/877/185 681/875/185
f 631/876/186 632/878/186 686/879/186 684/877/186
f 686/879/187 632/878/187 625/880/187 652/881/187
f 626/882/1 625/883/1 632/884/1 631/885/1 630/886/1 629/887/1 628/888/1 627/889/1
f 692/890/188 633/891/188 634/892/188 697/893/188
f 697/893/189 634/892/189 635/894/189 708/895/189
f 708/895/182 635/894/182 636/896/182 711/897/182
f 636/896/183 637/898/183 712/899/183 711/897/183
f 637/898/184 638/900/184 714/901/184 712/899/184
f 638/900/185 639/902/185 716/903/185 714/901/185
f 639/902/186 640/904/186 720/905/186 716/903/186
f 720/905/187 640/904/187 633/906/187 692/907/187
f 638/908/1 637/909/1 636/910/1 635/911/1 634/912/1 633/913/1 640/914/1 639/915/1
f 754/916/190 723/917/190 725/918/190 755/919/190
f 755/919/191 725/918/191 727/920/191 756/921/191
f 756/921/192 727/920/192 729/922/192 757/923/192
f 757/923/193 729/922/193 731/924/193 758/925/193
f 758/925/194 731/924/194 733/926/194 759/927/194
f 759/927/195 733/926/195 735/928/195 760/929/195
f 727/920/196 791/930/196 793/931/196 729/922/196
f 760/929/197 735/928/197 737/932/197 761/933/197
f 761/933/198 737/932/198 723/934/198 754/935/198
f 734/936/199 798/937/199 796/938/199 732/939/199
f 768/940/200 753/941/200 738/942/200 769/943/200
f 753/941/201 752/944/201 739/945/201 738/942/201
f 767/946/202 751/947/202 753/941/202 768/940/202
f 751/947/203 750/948/203 752/944/203 753/941/203
f 766/949/204 749/950/204 751/947/204 767/946/204
f 749/950/205 748/951/205 750/948/205 751/947/205
f 765/952/206 747/953/206 749/950/206 766/949/206
f 747/953/207 746/954/207 748/951/207 749/950/207
f 764/955/208 745/956/208 747/953/208 765/952/208
f 745/956/209 744/957/209 746/954/209 747/953/209
f 763/958/210 743/959/210 745/956/210 764/955/210
f 743/959/211 742/960/211 744/957/211 745/956/211
f 762/961/212 741/962/212 743/959/212 763/958/212
f 741/962/213 740/963/213 742/960/213 743/959/213
f 769/964/214 738/965/214 741/962/214 762/961/214
f 738/965/215 739/966/215 740/963/215 741/962/215
f 752/944/216 761/933/216 754/935/216 739/945/216
f 750/948/217 760/929/217 761/933/217 752/944/217
f 748/951/218 759/927/218 760/929/218 750/948/218
f 746/954/219 758/925/219 759/927/219 748/951/219
f 744/957/220 757/923/220 758/925/220 746/954/220
f 742/960/221 756/921/221 757/923/221 744/957/221
f 740/963/222 755/919/222 756/921/222 742/960/222
f 739/966/223 754/916/223 755/919/223 740/963/223
f 722/967/224 769/964/224 762/961/224 724/968/224
f 724/968/225 762/961/225 763/958/225 726/969/225
f 726/969/226 763/958/226 764/955/226 728/970/226
f 728/970/227 764/955/227 765/952/227 730/971/227
f 730/971/228 765/952/228 766/949/228 732/939/228
f 732/939/229 766/949/229 767/946/229 734/936/229
f 734/936/230 767/946/230 768/940/230 736/972/230
f 736/972/231 768/940/231 769/943/231 722/973/231
f 732/939/232 796/938/232 794/974/232 730/971/232
f 737/932/233 801/975/233 789/976/233 723/934/233
f 723/917/234 789/977/234 788/978/234 725/918/234
f 730/971/235 794/974/235 792/979/235 728/970/235
f 726/969/236 790/980/236 787/981/236 724/968/236
f 733/926/237 797/982/237 799/983/237 735/928/237
f 736/972/238 800/984/238 798/937/238 734/936/238
f 731/924/239 729/922/239 793/931/239 795/985/239
f 725/918/240 788/978/240 791/930/240 727/920/240
f 735/928/241 799/983/241 801/975/241 737/932/241
f 728/970/242 792/979/242 790/980/242 726/969/242
f 736/972/243 722/973/243 786/986/243 800/984/243
f 731/924/244 795/985/244 797/982/244 733/926/244
f 803/987/173 802/988/173 786/989/173 787/990/173
f 805/991/170 804/992/170 788/993/170 789/994/170
f 806/995/173 803/987/173 787/990/173 790/996/173
f 804/992/245 807/997/245 791/998/245 788/993/245
f 808/999/173 806/995/173 790/996/173 792/1000/173
f 807/997/245 809/1001/245 793/1002/245 791/998/245
f 810/1003/173 808/999/173 792/1000/173 794/1004/173
f 809/1001/170 811/1005/170 795/1006/170 793/1002/170
f 812/1007/173 810/1003/173 794/1004/173 796/1008/173
f 811/1005/170 813/1009/170 797/1010/170 795/1006/170
f 814/1011/246 812/1007/246 796/1008/246 798/1012/246
f 813/1009/170 815/1013/170 799/1014/170 797/1010/170
f 816/1015/173 814/1011/173 798/1012/173 800/1016/173
f 815/1013/170 817/1017/170 801/1018/170 799/1014/170
f 802/988/173 816/1015/173 800/1016/173 786/989/173
f 817/1017/170 805/991/170 789/994/170 801/1018/170
f 819/1019/247 818/1020/247 802/988/247 803/987/247
f 821/1021/248 820/1022/248 804/992/248 805/991/248
f 822/1023/249 819/1019/249 803/987/249 806/995/249
f 820/1022/250 823/1024/250 807/997/250 804/992/250
f 824/1025/251 822/1023/251 806/995/251 808/999/251
f 823/1024/252 825/1026/252 809/1001/252 807/997/252
f 826/1027/253 824/1025/253 808/999/253 810/1003/253
f 825/1026/254 827/1028/254 811/1005/254 809/1001/254
f 828/1029/255 826/1027/255 810/1003/255 812/1007/255
f 827/1028/256 829/1030/256 813/1009/256 811/1005/256
f 830/1031/257 828/1029/257 812/1007/257 814/1011/257
f 829/1030/258 831/1032/258 815/1013/258 813/1009/258
f 832/1033/259 830/1031/259 814/1011/259 816/1015/259
f 831/1032/260 833/1034/260 817/1017/260 815/1013/260
f 818/1020/261 832/1033/261 816/1015/261 802/988/261
f 833/1034/262 821/1021/262 805/991/262 817/1017/262
f 771/1035/173 770/1036/173 818/1020/173 819/1019/173
f 773/1037/170 772/1038/170 820/1022/170 821/1021/170
f 774/1039/173 771/1035/173 819/1019/173 822/1023/173
f 772/1038/170 775/1040/170 823/1024/170 820/1022/170
f 776/1041/173 774/1039/173 822/1023/173 824/1025/173
f 775/1040/170 777/1042/170 825/1026/170 823/1024/170
f 778/1043/173 776/1041/173 824/1025/173 826/1027/173
f 777/1042/170 779/1044/170 827/1028/170 825/1026/170
f 780/1045/173 778/1043/173 826/1027/173 828/1029/173
f 779/1044/245 781/1046/245 829/1030/245 827/1028/245
f 782/1047/173 780/1045/173 828/1029/173 830/1031/173
f 781/1046/170 783/1048/170 831/1032/170 829/1030/170
f 784/1049/173 782/1047/173 830/1031/173 832/1033/173
f 783/1048/170 785/1050/170 833/1034/170 831/1032/170
f 770/1036/173 784/1049/173 832/1033/173 818/1020/173
f 785/1050/245 773/1037/245 821/1021/245 833/1034/245
f 724/968/263 787/981/263 786/1051/263 722/967/263
f 882/1052/264 867/1053/264 869/1054/264 883/1055/264
f 883/1055/265 869/1054/265 871/1056/265 884/1057/265
f 884/1057/266 871/1056/266 873/1058/266 885/1059/266
f 885/1059/267 873/1058/267 875/1060/267 886/1061/267
f 886/1061/268 875/1060/268 877/1062/268 887/1063/268
f 887/1063/269 877/1062/269 879/1064/269 888/1065/269
f 867/1066/270 881/1067/270 945/1068/270 939/1069/270
f 888/1065/271 879/1064/271 881/1067/271 889/1070/271
f 889/1070/272 881/1067/272 867/1066/272 882/1071/272
f 866/1072/273 868/1073/273 870/1074/273 872/1075/273 874/1076/273 876/1077/273 878/1078/273 880/1079/273
f 896/1080/270 889/1070/270 882/1071/270 897/1081/270
f 895/1082/274 888/1065/274 889/1070/274 896/1080/274
f 894/1083/275 887/1063/275 888/1065/275 895/1082/275
f 893/1084/276 886/1061/276 887/1063/276 894/1083/276
f 892/1085/277 885/1059/277 886/1061/277 893/1084/277
f 891/1086/278 884/1057/278 885/1059/278 892/1085/278
f 890/1087/279 883/1055/279 884/1057/279 891/1086/279
f 897/1088/280 882/1052/280 883/1055/280 890/1087/280
f 929/1089/281 914/1090/281 921/1091/281 922/1092/281
f 937/1093/282 897/1088/282 890/1087/282 936/1094/282
f 936/1094/283 890/1087/283 891/1086/283 935/1095/283
f 935/1095/284 891/1086/284 892/1085/284 934/1096/284
f 934/1096/285 892/1085/285 893/1084/285 933/1097/285
f 933/1097/286 893/1084/286 894/1083/286 932/1098/286
f 932/1098/287 894/1083/287 895/1082/287 931/1099/287
f 931/1099/288 895/1082/288 896/1080/288 930/1100/288
f 912/1101/289 904/1102/289 905/1103/289 913/1104/289
f 911/1105/290 903/1106/290 904/1102/290 912/1101/290
f 910/1107/291 902/1108/291 903/1106/291 911/1105/291
f 909/1109/292 901/1110/292 902/1108/292 910/1107/292
f 908/1111/293 900/1112/293 901/1110/293 909/1109/293
f 907/1113/294 899/1114/294 900/1112/294 908/1111/294
f 906/1115/295 898/1116/295 899/1114/295 907/1113/295
f 913/1117/296 905/1118/296 898/1116/296 906/1115/296
f 866/1119/297 913/1117/297 906/1115/297 868/1120/297
f 868/1120/298 906/1115/298 907/1113/298 870/1121/298
f 870/1121/299 907/1113/299 908/1111/299 872/1122/299
f 872/1122/300 908/1111/300 909/1109/300 874/1123/300
f 874/1123/301 909/1109/301 910/1107/301 876/1124/301
f 876/1124/302 910/1107/302 911/1105/302 878/1125/302
f 878/1125/303 911/1105/303 912/1101/303 880/1126/303
f 880/1126/304 912/1101/304 913/1104/304 866/1127/304
f 903/1106/305 928/1128/305 929/1089/305 904/1102/305
f 922/1129/306 921/1130/306 920/1131/306 923/1132/306
f 923/1132/307 920/1131/307 919/1133/307 924/1134/307
f 924/1134/308 919/1133/308 918/1135/308 925/1136/308
f 925/1136/309 918/1135/309 917/1137/309 926/1138/309
f 926/1138/310 917/1137/310 916/1139/310 927/1140/310
f 927/1140/311 916/1139/311 915/1141/311 928/1128/311
f 928/1128/312 915/1141/312 914/1090/312 929/1089/312
f 930/1100/313 896/1080/313 897/1081/313 937/1142/313
f 902/1108/314 927/1140/314 928/1128/314 903/1106/314
f 901/1110/315 926/1138/315 927/1140/315 902/1108/315
f 900/1112/316 925/1136/316 926/1138/316 901/1110/316
f 899/1114/317 924/1134/317 925/1136/317 900/1112/317
f 898/1116/318 923/1132/318 924/1134/318 899/1114/318
f 905/1118/319 922/1129/319 923/1132/319 898/1116/319
f 904/1102/320 929/1089/320 922/1092/320 905/1103/320
f 914/1090/321 930/1100/321 937/1142/321 921/1091/321
f 915/1141/322 931/1099/322 930/1100/322 914/1090/322
f 916/1139/323 932/1098/323 931/1099/323 915/1141/323
f 917/1137/324 933/1097/324 932/1098/324 916/1139/324
f 918/1135/325 934/1096/325 933/1097/325 917/1137/325
f 919/1133/326 935/1095/326 934/1096/326 918/1135/326
f 920/1131/327 936/1094/327 935/1095/327 919/1133/327
f 921/1130/328 937/1093/328 936/1094/328 920/1131/328
f 938/1143/329 939/1144/329 945/1145/329 944/1146/329 943/1147/329 942/1148/329 941/1149/329 940/1150/329
f 869/1054/280 867/1053/280 939/1151/280 938/1152/280
f 873/1058/278 871/1056/278 940/1153/278 941/1154/278
f 879/1064/275 877/1062/275 943/1155/275 944/1156/275
f 875/1060/277 873/1058/277 941/1154/277 942/1157/277
f 881/1067/274 879/1064/274 944/1156/274 945/1068/274
f 871/1056/279 869/1054/279 938/1152/279 940/1153/279
f 877/1062/276 875/1060/276 942/1157/276 943/1155/276
f 1071/1158/330 1179/1159/330 1193/1160/330 1098/1161/330
f 1094/1162/331 1093/1163/331 1103/1164/331 1104/1165/331
f 1065/1166/332 1067/1167/332 1096/1168/332 1191/1169/332
f 1189/1170/333 1094/1162/333 1104/1165/333 1195/1171/333
f 1061/1172/334 1179/1159/334 1071/1158/334 1069/1173/334 1181/1174/334 1067/1167/334 1065/1166/334 1063/1175/334
f 1069/1173/335 1071/1158/335 1098/1161/335 1097/1176/335
f 1090/1177/331 1189/1178/331 1195/1179/331 1099/1180/331
f 1178/1181/331 1060/1182/331 1062/1183/331 1064/1184/331 1066/1185/331 1180/1186/331 1068/1187/331 1070/1188/331
f 1063/1175/336 1065/1166/336 1191/1169/336 1095/1189/336
f 1187/1190/337 1183/1191/337 1182/1192/337 1083/1193/337
f 1083/1193/338 1182/1192/338 1072/1194/338 1084/1195/338
f 1084/1195/339 1072/1194/339 1073/1196/339 1085/1197/339
f 1085/1197/340 1073/1196/340 1074/1198/340 1086/1199/340
f 1086/1199/341 1074/1198/341 1184/1200/341 1087/1201/341
f 1087/1201/342 1184/1200/342 1075/1202/342 1088/1203/342
f 1088/1203/343 1075/1202/343 1076/1204/343 1089/1205/343
f 1089/1205/344 1076/1204/344 1183/1206/344 1187/1207/344
f 1183/1191/345 1185/1208/345 1077/1209/345 1182/1192/345
f 1182/1192/346 1077/1209/346 1078/1210/346 1072/1194/346
f 1072/1194/347 1078/1210/347 1079/1211/347 1073/1196/347
f 1073/1196/348 1079/1211/348 1080/1212/348 1074/1198/348
f 1074/1198/349 1080/1212/349 1186/1213/349 1184/1200/349
f 1075/1202/350 1081/1214/350 1082/1215/350 1076/1204/350
f 1076/1204/351 1082/1215/351 1185/1216/351 1183/1206/351
f 1070/1217/352 1089/1205/352 1187/1207/352 1178/1218/352
f 1068/1219/353 1088/1203/353 1089/1205/353 1070/1217/353
f 1180/1220/354 1087/1201/354 1088/1203/354 1068/1219/354
f 1066/1221/355 1086/1199/355 1087/1201/355 1180/1220/355
f 1064/1222/356 1085/1197/356 1086/1199/356 1066/1221/356
f 1062/1223/357 1084/1195/357 1085/1197/357 1064/1222/357
f 1060/1224/358 1083/1193/358 1084/1195/358 1062/1223/358
f 1178/1225/359 1187/1190/359 1083/1193/359 1060/1224/359
f 1091/1226/331 1090/1177/331 1099/1180/331 1100/1227/331
f 1082/1215/360 1094/1162/360 1189/1170/360 1185/1216/360
f 1081/1214/361 1093/1163/361 1094/1162/361 1082/1215/361
f 1080/1212/362 1092/1228/362 1190/1229/362 1186/1213/362
f 1079/1211/363 1188/1230/363 1092/1228/363 1080/1212/363
f 1078/1210/364 1091/1226/364 1188/1230/364 1079/1211/364
f 1077/1209/365 1090/1177/365 1091/1226/365 1078/1210/365
f 1185/1208/366 1189/1178/366 1090/1177/366 1077/1209/366
f 1179/1159/367 1061/1172/367 1192/1231/367 1193/1160/367
f 1190/1229/331 1092/1228/331 1102/1232/331 1196/1233/331
f 1067/1167/368 1181/1174/368 1194/1234/368 1096/1168/368
f 1092/1228/331 1188/1230/331 1101/1235/331 1102/1232/331
f 1061/1172/369 1063/1175/369 1095/1189/369 1192/1231/369
f 1188/1230/331 1091/1226/331 1100/1227/331 1101/1235/331
f 1200/1236/370 1201/1237/370 1199/1238/370 1105/1239/370
f 1105/1239/371 1199/1238/371 1107/1240/371 1106/1241/371
f 1197/1242/372 1198/1243/372 1109/1244/372 1108/1245/372
f 1108/1245/373 1109/1244/373 1203/1246/373 1202/1247/373
f 1110/1248/374 1111/1249/374 1113/1250/374 1112/1251/374
f 1112/1251/375 1113/1250/375 1201/1252/375 1200/1253/375
f 1200/1254/331 1105/1255/331 1106/1256/331 1197/1257/331 1108/1258/331 1202/1259/331 1110/1260/331 1112/1261/331
f 1114/1262/334 1205/1263/334 1206/1264/334 1117/1265/334 1207/1266/334 1116/1267/334 1204/1268/334 1115/1269/334
f 1109/1244/376 1198/1243/376 1204/1270/376 1116/1271/376
f 1113/1250/377 1111/1249/377 1117/1272/377 1206/1273/377
f 1107/1240/378 1199/1238/378 1114/1274/378 1115/1275/378
f 1203/1246/379 1109/1244/379 1116/1271/379 1207/1276/379
f 1201/1252/380 1113/1250/380 1206/1273/380 1205/1277/380
f 1199/1238/381 1201/1237/381 1205/1278/381 1114/1274/381
f 1190/1279/331 1196/1280/331 1103/1164/331 1093/1163/331
f 1069/1173/382 1097/1176/382 1194/1281/382 1181/1282/382
f 1075/1202/383 1184/1283/383 1186/1284/383 1081/1214/383
f 1081/1214/384 1186/1284/384 1190/1279/384 1093/1163/384
f 1197/1285/385 1106/1241/385 1107/1240/385 1198/1286/385
f 1110/1248/386 1202/1287/386 1203/1288/386 1111/1249/386
f 1203/1288/387 1207/1289/387 1117/1272/387 1111/1249/387
f 1107/1240/388 1115/1275/388 1204/1290/388 1198/1286/388
f 1216/1291/389 1219/1292/389 1211/1293/389 1210/1294/389
f 1214/1295/390 1210/1296/390 1227/1297/390 1228/1298/390
f 1220/1299/391 1223/1300/391 1213/1301/391 1212/1302/391
f 1215/1303/392 1214/1295/392 1228/1298/392 1229/1304/392
f 1217/1305/393 1220/1299/393 1212/1302/393 1208/1306/393
f 1223/1300/394 1218/1307/394 1209/1308/394 1213/1301/394
f 1215/1303/395 1211/1309/395 1219/1310/395 1222/1311/395
f 1222/1311/396 1219/1310/396 1218/1307/396 1223/1300/396
f 1210/1296/397 1214/1295/397 1221/1312/397 1216/1313/397
f 1216/1313/390 1221/1312/390 1220/1299/390 1217/1305/390
f 1214/1295/398 1215/1303/398 1222/1311/398 1221/1312/398
f 1221/1312/392 1222/1311/392 1223/1300/392 1220/1299/392
f 1208/1314/399 1209/1315/399 1218/1316/399 1217/1317/399
f 1217/1317/400 1218/1316/400 1219/1292/400 1216/1291/400
f 1227/1318/401 1226/1319/401 1229/1304/401 1228/1298/401
f 1231/1320/402 1230/1321/402 1225/1322/402 1224/1323/402
f 1213/1301/396 1209/1308/396 1225/1324/396 1230/1321/396
f 1212/1302/392 1213/1301/392 1230/1321/392 1231/1320/392
f 1211/1309/396 1215/1303/396 1229/1304/396 1226/1325/396
f 1210/1294/400 1211/1293/400 1226/1319/400 1227/1318/400
f 1209/1315/400 1208/1314/400 1224/1326/400 1225/1327/400
f 1208/1306/390 1212/1302/390 1231/1320/390 1224/1328/390
f 1232/1329/403 1233/1330/403 1235/1331/403 1234/1332/403
f 1234/1332/404 1235/1331/404 1237/1333/404 1236/1334/404
f 1236/1334/405 1237/1333/405 1239/1335/405 1238/1336/405
f 1238/1336/406 1239/1335/406 1241/1337/406 1240/1338/406
f 1240/1338/407 1241/1337/407 1243/1339/407 1242/1340/407
f 1242/1340/408 1243/1339/408 1245/1341/408 1244/1342/408
f 1235/1343/396 1233/1344/396 1247/1345/396 1245/1346/396 1243/1347/396 1241/1348/396 1239/1349/396 1237/1350/396
f 1244/1342/409 1245/1341/409 1247/1351/409 1246/1352/409
f 1246/1352/410 1247/1351/410 1233/1353/410 1232/1354/410
f 1232/1355/390 1234/1356/390 1236/1357/390 1238/1358/390 1240/1359/390 1242/1360/390 1244/1361/390 1246/1362/390
f 1428/1363/411 1429/1364/411 1431/1365/411 1430/1366/411
f 1430/1366/412 1431/1365/412 1435/1367/412 1434/1368/412
f 1434/1368/413 1435/1367/413 1433/1369/413 1432/1370/413
f 1432/1370/414 1433/1369/414 1429/1371/414 1428/1372/414
f 1430/1373/4 1434/1368/4 1432/1370/4 1428/1374/4
f 1435/1367/1 1431/1375/1 1429/1376/1 1433/1369/1
f 1674/1377/415 1675/1378/415 1676/1379/415 1678/1380/415 1660/1381/415
f 1662/1382/416 1663/1383/416 1665/1384/416 1664/1385/416
f 1664/1385/417 1665/1384/417 1667/1386/417 1666/1387/417
f 1668/1388/418 1681/1389/418 1680/1390/418 1671/1391/418 1670/1392/418
f 1670/1392/419 1671/1391/419 1673/1393/419 1672/1394/419
f 1660/1395/420 1678/1396/420 1677/1397/420 1663/1383/420 1662/1382/420
f 1672/1394/421 1673/1393/421 1675/1378/421 1674/1377/421
f 1680/1398/1 1676/1399/1 1675/1400/1 1673/1401/1 1671/1402/1
f 1660/1403/4 1662/1404/4 1664/1405/4 1666/1406/4 1668/1407/4 1670/1408/4 1672/1409/4 1674/1410/4
f 1666/1387/422 1667/1386/422 1679/1411/422 1681/1389/422 1668/1388/422
f 1676/1379/423 1677/1412/423 1678/1380/423
f 1679/1413/424 1680/1390/424 1681/1389/424
f 1677/1412/412 1676/1379/412 1669/1414/412 1661/1415/412
f 1663/1416/1 1677/1417/1 1679/1418/1 1667/1419/1 1665/1420/1
f 1680/1390/414 1679/1413/414 1682/1421/414 1683/1422/414
f 1698/1423/415 1699/1424/415 1700/1425/415 1702/1426/415 1684/1427/415
f 1686/1428/416 1687/1429/416 1689/1430/416 1688/1431/416
f 1688/1431/417 1689/1430/417 1691/1432/417 1690/1433/417
f 1692/1434/418 1705/1435/418 1704/1436/418 1695/1437/418 1694/1438/418
f 1694/1438/419 1695/1437/419 1697/1439/419 1696/1440/419
f 1684/1441/420 1702/1442/420 1701/1443/420 1687/1429/420 1686/1428/420
f 1696/1440/421 1697/1439/421 1699/1424/421 1698/1423/421
f 1704/1444/1 1700/1445/1 1699/1446/1 1697/1447/1 1695/1448/1
f 1684/1449/4 1686/1450/4 1688/1451/4 1690/1452/4 1692/1453/4 1694/1454/4 1696/1455/4 1698/1456/4
f 1690/1433/422 1691/1432/422 1703/1457/422 1705/1435/422 1692/1434/422
f 1700/1425/425 1701/1458/425 1702/1426/425
f 1703/1459/426 1704/1436/426 1705/1435/426
f 1701/1458/412 1700/1425/412 1693/1460/412 1685/1461/412
f 1687/1462/1 1701/1463/1 1703/1464/1 1691/1465/1 1689/1466/1
f 1704/1436/414 1703/1459/414 1706/1467/414 1707/1468/414
f 2316/1469/427 2307/1470/427 1737/1471/427 1745/1472/427
f 2304/1473/428 2295/1474/428 1879/1475/428 1795/1476/428
f 1921/1477/429 1760/1478/429 1715/1479/429 1783/1480/429
f 1783/1480/430 1715/1479/430 1709/1481/430 1774/1482/430
f 1759/1483/431 1765/1484/431 1713/1485/431 1708/1486/431
f 1760/1478/432 1762/1487/432 1709/1488/432 1715/1479/432
f 1877/1489/433 1737/1490/433 2307/1491/433 2309/1492/433 2310/1493/433 2308/1494/433 2291/1495/433 2293/1496/433 2294/1497/433 2292/1498/433
f 1745/1472/434 1737/1471/434 1736/1499/434 1746/1500/434
f 1746/1500/435 1736/1499/435 1733/1501/435 1747/1502/435
f 1747/1502/436 1733/1501/436 1732/1503/436 1748/1504/436
f 1748/1504/437 1732/1503/437 1730/1505/437 1749/1506/437
f 1749/1506/438 1730/1505/438 1729/1507/438 1750/1508/438
f 1718/1509/433 1879/1475/433 2295/1474/433 2297/1510/433 2298/1511/433 2296/1512/433 1781/1513/433 1778/1514/433 1776/1515/433 1779/1516/433
f 1718/1517/439 1744/1518/439 1743/1519/439 1719/1520/439
f 1719/1520/440 1743/1519/440 1742/1521/440 1721/1522/440
f 1721/1522/441 1742/1521/441 1741/1523/441 1722/1524/441
f 1722/1524/442 1741/1523/442 1740/1525/442 1724/1526/442
f 1724/1526/443 1740/1525/443 1739/1527/443 1727/1528/443
f 2299/1529/429 2301/1530/429 2302/1531/429 2300/1532/429 2315/1533/429 2317/1534/429 2318/1535/429 2316/1469/429 1745/1472/429 1794/1536/429
f 1794/1536/429 1745/1472/429 1746/1500/429 1796/1537/429
f 1796/1537/429 1746/1500/429 1747/1502/429 1802/1538/429
f 1802/1538/429 1747/1502/429 1748/1504/429 1808/1539/429
f 1808/1539/429 1748/1504/429 1749/1506/429 1810/1540/429
f 1810/1540/429 1749/1506/429 1750/1508/429 1822/1541/429
f 1880/1542/433 1753/1543/433 1729/1544/433 1833/1545/433
f 1833/1545/433 1729/1544/433 1730/1546/433 1843/1547/433
f 1843/1547/433 1730/1546/433 1732/1548/433 1852/1549/433
f 1852/1549/433 1732/1548/433 1733/1550/433 1857/1551/433
f 1857/1551/433 1733/1550/433 1736/1552/433 1866/1553/433
f 1866/1553/433 1736/1552/433 1737/1490/433 1877/1489/433
f 1898/1554/433 1757/1555/433 1753/1543/433 1880/1542/433
f 1750/1508/444 1729/1507/444 1753/1556/444 1752/1557/444
f 1727/1528/445 1739/1527/445 1754/1558/445 1751/1559/445
f 1822/1541/429 1750/1508/429 1752/1557/429 1892/1560/429
f 1910/1561/433 1762/1562/433 1757/1555/433 1898/1554/433
f 1752/1557/446 1753/1556/446 1757/1563/446 1756/1564/446
f 1751/1559/447 1754/1558/447 1758/1565/447 1755/1566/447
f 1892/1560/429 1752/1557/429 1756/1564/429 1904/1567/429
f 1774/1568/433 1709/1569/433 1762/1562/433 1910/1561/433
f 1756/1564/448 1757/1563/448 1762/1487/448 1760/1478/448
f 1755/1566/449 1758/1565/449 1765/1484/449 1759/1483/449
f 1904/1567/429 1756/1564/429 1760/1478/429 1921/1477/429
f 1758/1565/429 1909/1570/429 1930/1571/429 1765/1484/429
f 1909/1570/429 1908/1572/429 1928/1573/429 1930/1571/429
f 1908/1572/429 1907/1574/429 1926/1575/429 1928/1573/429
f 1907/1574/429 1906/1576/429 1924/1577/429 1926/1575/429
f 1906/1576/429 1905/1578/429 1922/1579/429 1924/1577/429
f 1905/1578/429 1904/1567/429 1921/1477/429 1922/1579/429
f 1708/1580/433 1766/1581/433 1918/1582/433 1759/1583/433
f 1766/1581/433 1767/1584/433 1916/1585/433 1918/1582/433
f 1767/1584/433 1770/1586/433 1914/1587/433 1916/1585/433
f 1770/1586/433 1772/1588/433 1912/1589/433 1914/1587/433
f 1772/1588/433 1773/1590/433 1911/1591/433 1912/1589/433
f 1773/1590/433 1774/1568/433 1910/1561/433 1911/1591/433
f 1754/1558/429 1897/1592/429 1909/1570/429 1758/1565/429
f 1897/1592/429 1896/1593/429 1908/1572/429 1909/1570/429
f 1896/1593/429 1895/1594/429 1907/1574/429 1908/1572/429
f 1895/1594/429 1894/1595/429 1906/1576/429 1907/1574/429
f 1894/1595/429 1893/1596/429 1905/1578/429 1906/1576/429
f 1893/1596/429 1892/1560/429 1904/1567/429 1905/1578/429
f 1759/1583/433 1918/1582/433 1903/1597/433 1755/1598/433
f 1918/1582/433 1916/1585/433 1902/1599/433 1903/1597/433
f 1916/1585/433 1914/1587/433 1901/1600/433 1902/1599/433
f 1914/1587/433 1912/1589/433 1900/1601/433 1901/1600/433
f 1912/1589/433 1911/1591/433 1899/1602/433 1900/1601/433
f 1911/1591/433 1910/1561/433 1898/1554/433 1899/1602/433
f 1739/1527/429 1832/1603/429 1897/1592/429 1754/1558/429
f 1832/1603/429 1830/1604/429 1896/1593/429 1897/1592/429
f 1830/1604/429 1828/1605/429 1895/1594/429 1896/1593/429
f 1828/1605/429 1827/1606/429 1894/1595/429 1895/1594/429
f 1827/1606/429 1825/1607/429 1893/1596/429 1894/1595/429
f 1825/1607/429 1822/1541/429 1892/1560/429 1893/1596/429
f 1755/1598/433 1903/1597/433 1891/1608/433 1751/1609/433
f 1903/1597/433 1902/1599/433 1888/1610/433 1891/1608/433
f 1902/1599/433 1901/1600/433 1886/1611/433 1888/1610/433
f 1901/1600/433 1900/1601/433 1884/1612/433 1886/1611/433
f 1900/1601/433 1899/1602/433 1883/1613/433 1884/1612/433
f 1899/1602/433 1898/1554/433 1880/1542/433 1883/1613/433
f 1719/1614/433 1875/1615/433 1879/1475/433 1718/1509/433
f 1721/1616/433 1865/1617/433 1875/1615/433 1719/1614/433
f 1865/1617/433 1864/1618/433 1873/1619/433 1875/1615/433
f 1864/1618/433 1863/1620/433 1871/1621/433 1873/1619/433
f 1863/1620/433 1862/1622/433 1868/1623/433 1871/1621/433
f 1862/1622/433 1859/1624/433 1867/1625/433 1868/1623/433
f 1859/1624/433 1857/1551/433 1866/1553/433 1867/1625/433
f 1722/1626/433 1856/1627/433 1865/1617/433 1721/1616/433
f 1946/1628/433 1864/1618/433 1865/1617/433 1856/1627/433 1941/1629/433 1940/1630/433 1939/1631/433 1956/1632/433 1953/1633/433 1943/1634/433 1944/1635/433 1947/1636/433
f 1965/1637/433 1863/1620/433 1864/1618/433 1946/1628/433 1969/1638/433
f 1975/1639/433 1862/1622/433 1863/1620/433 1965/1637/433 1980/1640/433 1978/1641/433
f 1986/1642/433 1859/1624/433 1862/1622/433 1975/1639/433 1991/1643/433 1985/1644/433
f 1852/1549/433 1857/1551/433 1859/1624/433 1986/1642/433 2003/1645/433 2002/1646/433 1995/1647/433 1996/1648/433 1998/1649/433
f 1724/1650/433 1851/1651/433 1856/1627/433 1722/1626/433
f 1856/1627/433 1851/1651/433 1849/1652/433 2006/1653/433 1982/1654/433 1983/1655/433 1989/1656/433 1999/1657/433 2001/1658/433 2009/1659/433 1941/1629/433
f 2006/1653/433 1849/1652/433 1847/1660/433 1997/1661/433 1993/1662/433 1990/1663/433 2012/1664/433 2014/1665/433 2015/1666/433
f 1847/1660/433 1845/1667/433 2011/1668/433 2007/1669/433 2000/1670/433 1997/1661/433
f 2010/1671/433 2011/1668/433 1845/1667/433 1844/1672/433 1963/1673/433 1942/1674/433 1934/1675/433
f 1844/1672/433 1843/1547/433 1852/1549/433 1998/1649/433 2018/1676/433 2023/1677/433 2024/1678/433 2025/1679/433 1951/1680/433 1952/1681/433 1955/1682/433 1964/1683/433 1963/1673/433
f 1727/1684/433 1841/1685/433 1851/1651/433 1724/1650/433
f 1841/1685/433 1839/1686/433 1849/1652/433 1851/1651/433
f 1839/1686/433 1837/1687/433 1847/1660/433 1849/1652/433
f 1837/1687/433 1836/1688/433 1845/1667/433 1847/1660/433
f 1836/1688/433 1835/1689/433 1844/1672/433 1845/1667/433
f 1835/1689/433 1833/1545/433 1843/1547/433 1844/1672/433
f 1751/1609/433 1891/1608/433 1841/1685/433 1727/1684/433
f 1891/1608/433 1888/1610/433 1839/1686/433 1841/1685/433
f 1888/1610/433 1886/1611/433 1837/1687/433 1839/1686/433
f 1886/1611/433 1884/1612/433 1836/1688/433 1837/1687/433
f 1884/1612/433 1883/1613/433 1835/1689/433 1836/1688/433
f 1883/1613/433 1880/1542/433 1833/1545/433 1835/1689/433
f 1740/1525/429 1820/1690/429 1832/1603/429 1739/1527/429
f 1820/1690/429 1818/1691/429 1830/1604/429 1832/1603/429
f 1818/1691/429 1817/1692/429 1828/1605/429 1830/1604/429
f 1817/1692/429 1815/1693/429 1827/1606/429 1828/1605/429
f 1815/1693/429 1813/1694/429 1825/1607/429 1827/1606/429
f 1813/1694/429 1810/1540/429 1822/1541/429 1825/1607/429
f 1741/1523/429 1809/1695/429 1820/1690/429 1740/1525/429
f 2028/1696/429 1818/1691/429 1820/1690/429 1809/1695/429 2005/1697/429 2004/1698/429 1994/1699/429 1992/1700/429 1981/1701/429 1977/1702/429 1976/1703/429 2022/1704/429
f 1973/1705/429 1817/1692/429 1818/1691/429 2028/1696/429 2027/1706/429 2032/1707/429 1962/1708/429 1966/1709/429
f 1988/1710/429 1815/1693/429 1817/1692/429 1973/1705/429 1972/1711/429 1979/1712/429
f 1971/1713/429 1974/1714/429 1813/1694/429 1815/1693/429 1988/1710/429 1987/1715/429 1950/1716/429 1954/1717/429
f 1958/1718/429 1808/1539/429 1810/1540/429 1813/1694/429 1974/1714/429 1945/1719/429 1936/1720/429 1935/1721/429 2029/1722/429 2020/1723/429 2019/1724/429 2017/1725/429 2016/1726/429
f 1742/1521/429 1807/1727/429 1809/1695/429 1741/1523/429
f 2005/1697/429 1809/1695/429 1807/1727/429 1806/1728/429 2021/1729/429 1984/1730/429 1970/1731/429 1967/1732/429 1968/1733/429 2013/1734/429 2008/1735/429
f 2021/1729/429 1806/1728/429 1805/1736/429 2030/1737/429 2026/1738/429
f 2031/1739/429 2030/1737/429 1805/1736/429 1804/1740/429 1948/1741/429 2033/1742/429
f 1948/1741/429 1804/1740/429 1803/1743/429 1937/1744/429 1938/1745/429 1949/1746/429
f 1959/1747/429 1937/1744/429 1803/1743/429 1802/1538/429 1808/1539/429 1958/1718/429 1957/1748/429 1961/1749/429 1960/1750/429
f 1743/1519/429 1801/1751/429 1807/1727/429 1742/1521/429
f 1801/1751/429 1800/1752/429 1806/1728/429 1807/1727/429
f 1800/1752/429 1799/1753/429 1805/1736/429 1806/1728/429
f 1799/1753/429 1798/1754/429 1804/1740/429 1805/1736/429
f 1798/1754/429 1797/1755/429 1803/1743/429 1804/1740/429
f 1797/1755/429 1796/1537/429 1802/1538/429 1803/1743/429
f 1744/1518/429 1795/1476/429 1801/1751/429 1743/1519/429
f 1781/1513/450 2312/1756/450 2314/1757/450 1778/1758/450
f 1713/1485/430 1792/1759/430 1766/1760/430 1708/1761/430
f 1792/1759/430 1791/1762/430 1767/1763/430 1766/1760/430
f 1791/1762/451 1789/1764/451 1770/1765/451 1767/1763/451
f 1789/1764/430 1787/1766/430 1772/1767/430 1770/1765/430
f 1787/1766/452 1786/1768/452 1773/1769/452 1772/1767/452
f 1786/1768/453 1783/1480/453 1774/1482/453 1773/1769/453
f 1765/1484/429 1930/1571/429 1792/1759/429 1713/1485/429
f 1930/1571/429 1928/1573/429 1791/1762/429 1792/1759/429
f 1928/1573/429 1926/1575/429 1789/1764/429 1791/1762/429
f 1926/1575/429 1924/1577/429 1787/1766/429 1789/1764/429
f 1924/1577/429 1922/1579/429 1786/1768/429 1787/1766/429
f 1922/1579/429 1921/1477/429 1783/1480/429 1786/1768/429
f 2291/1495/454 2308/1494/454 2315/1533/454 2300/1532/454
f 1875/1615/455 1801/1751/455 1795/1476/455 1879/1475/455
f 1801/1751/456 1875/1615/456 1873/1619/456 1800/1752/456
f 1800/1752/457 1873/1619/457 1871/1621/457 1799/1753/457
f 1779/1770/458 2311/1771/458 1744/1518/458 1718/1517/458
f 1799/1753/454 1871/1621/454 1868/1623/454 1798/1754/454
f 1798/1754/459 1868/1623/459 1867/1625/459 1797/1755/459
f 1797/1755/460 1867/1625/460 1866/1553/460 1796/1537/460
f 1866/1553/461 1877/1489/461 1794/1536/461 1796/1537/461
f 2311/1771/429 2313/1772/429 2314/1773/429 2312/1756/429 2303/1774/429 2305/1775/429 2306/1776/429 2304/1473/429 1795/1476/429 1744/1518/429
f 1714/1777/462 1710/1778/462 1968/1779/462 1967/1780/462 1970/1781/462
f 1710/1778/463 1714/1777/463 1716/1782/463 1711/1783/463
f 1711/1783/464 1716/1782/464 1717/1784/464 1712/1785/464
f 1953/1786/465 1956/1787/465 1712/1785/465 1717/1784/465 1943/1788/465
f 1720/1789/466 1714/1777/466 1970/1781/466 1984/1790/466
f 1714/1777/467 1720/1789/467 1725/1791/467 1716/1782/467
f 1716/1782/468 1725/1791/468 1728/1792/468 1717/1784/468
f 1944/1793/469 1943/1788/469 1717/1784/469 1728/1792/469 1947/1794/469
f 1723/1795/470 1874/1796/470 1949/1797/470 1938/1798/470
f 1874/1796/471 1723/1795/471 1726/1799/471 1882/1800/471
f 1882/1800/472 1726/1799/472 1731/1801/472 1890/1802/472
f 1991/1803/473 1890/1802/473 1731/1801/473 1985/1804/473
f 1734/1805/474 1723/1795/474 1938/1798/474 1937/1806/474 1959/1807/474 1960/1808/474
f 1723/1795/475 1734/1805/475 1735/1809/475 1726/1799/475
f 1726/1799/476 1735/1809/476 1738/1810/476 1731/1801/476
f 1985/1804/477 1731/1801/477 1738/1810/477 2003/1811/477 1986/1812/477
f 1829/1813/478 1734/1805/478 1960/1808/478 1961/1814/478 1957/1815/478
f 1734/1805/479 1829/1813/479 1831/1816/479 1735/1809/479
f 1735/1809/480 1831/1816/480 1834/1817/480 1738/1810/480
f 2002/1818/481 2003/1811/481 1738/1810/481 1834/1817/481 1995/1819/481
f 2014/1820/482 1768/1821/482 1761/1822/482 1982/1823/482 2006/1824/482 2015/1825/482
f 1761/1822/483 1768/1821/483 1769/1826/483 1763/1827/483
f 1763/1827/484 1769/1826/484 1771/1828/484 1764/1829/484
f 1764/1829/485 1771/1828/485 2027/1830/485 2028/1831/485 2022/1832/485 1976/1833/485
f 1990/1834/486 1775/1835/486 1768/1821/486 2014/1820/486 2012/1836/486
f 1768/1821/487 1775/1835/487 1780/1837/487 1769/1826/487
f 1769/1826/488 1780/1837/488 1784/1838/488 1771/1828/488
f 1771/1828/489 1784/1838/489 1962/1839/489 2032/1840/489 2027/1830/489
f 1934/1841/490 1777/1842/490 1919/1843/490 2010/1844/490
f 1919/1843/491 1777/1842/491 1782/1845/491 1927/1846/491
f 1927/1846/492 1782/1845/492 1785/1847/492 1933/1848/492
f 1933/1848/493 1785/1847/493 1950/1849/493 1987/1850/493
f 1942/1851/494 1788/1852/494 1777/1842/494 1934/1841/494
f 1777/1842/495 1788/1852/495 1790/1853/495 1782/1845/495
f 1782/1845/496 1790/1853/496 1793/1854/496 1785/1847/496
f 1785/1847/497 1793/1854/497 1954/1855/497 1950/1849/497
f 1955/1856/498 1861/1857/498 1788/1852/498 1942/1851/498 1963/1858/498 1964/1859/498
f 1788/1852/499 1861/1857/499 1860/1860/499 1790/1853/499
f 1790/1853/500 1860/1860/500 1858/1861/500 1793/1854/500
f 1793/1854/501 1858/1861/501 1945/1862/501 1974/1863/501 1971/1864/501 1954/1855/501
f 1811/1865/502 1764/1829/502 1976/1833/502 1977/1866/502 1981/1867/502
f 1764/1829/503 1811/1865/503 1812/1868/503 1763/1827/503
f 1763/1827/504 1812/1868/504 1814/1869/504 1761/1822/504
f 1982/1823/505 1761/1822/505 1814/1869/505 1989/1870/505 1983/1871/505
f 1816/1872/506 1811/1865/506 1981/1867/506 1992/1873/506 1994/1874/506
f 1811/1865/507 1816/1872/507 1819/1875/507 1812/1868/507
f 1812/1868/508 1819/1875/508 1821/1876/508 1814/1869/508
f 1999/1877/509 1989/1870/509 1814/1869/509 1821/1876/509 2001/1878/509
f 1823/1879/510 1816/1872/510 1994/1874/510 2004/1880/510 2005/1881/510 2008/1882/510
f 1816/1872/511 1823/1879/511 1824/1883/511 1819/1875/511
f 1819/1875/512 1824/1883/512 1826/1884/512 1821/1876/512
f 2009/1885/513 2001/1878/513 1821/1876/513 1826/1884/513 1940/1886/513 1941/1887/513
f 1710/1778/514 1823/1879/514 2008/1882/514 2013/1888/514 1968/1779/514
f 1823/1879/515 1710/1778/515 1711/1783/515 1824/1883/515
f 1824/1883/516 1711/1783/516 1712/1785/516 1826/1884/516
f 1939/1889/517 1940/1886/517 1826/1884/517 1712/1785/517 1956/1787/517
f 1838/1890/518 1829/1813/518 1957/1815/518 1958/1891/518 2016/1892/518 2017/1893/518
f 1829/1813/519 1838/1890/519 1840/1894/519 1831/1816/519
f 1831/1816/520 1840/1894/520 1842/1895/520 1834/1817/520
f 1995/1819/521 1834/1817/521 1842/1895/521 2018/1896/521 1998/1897/521 1996/1898/521
f 1846/1899/522 1838/1890/522 2017/1893/522 2019/1900/522 2020/1901/522
f 1838/1890/523 1846/1899/523 1848/1902/523 1840/1894/523
f 1840/1894/524 1848/1902/524 1850/1903/524 1842/1895/524
f 2018/1896/525 1842/1895/525 1850/1903/525 2024/1904/525 2023/1905/525
f 1853/1906/526 1846/1899/526 2020/1901/526 2029/1907/526 1935/1908/526
f 1846/1899/527 1853/1906/527 1854/1909/527 1848/1902/527
f 1848/1902/528 1854/1909/528 1855/1910/528 1850/1903/528
f 2024/1904/529 1850/1903/529 1855/1910/529 1951/1911/529 2025/1912/529
f 1858/1861/530 1853/1906/530 1935/1908/530 1936/1913/530 1945/1862/530
f 1853/1906/531 1858/1861/531 1860/1860/531 1854/1909/531
f 1854/1909/532 1860/1860/532 1861/1857/532 1855/1910/532
f 1951/1911/533 1855/1910/533 1861/1857/533 1955/1856/533 1952/1914/533
f 1784/1838/534 1929/1915/534 1966/1916/534 1962/1839/534
f 1929/1915/535 1931/1917/535 1972/1918/535 1973/1919/535 1966/1916/535
f 1931/1917/536 1932/1920/536 1979/1921/536 1972/1918/536
f 1932/1920/537 1933/1848/537 1987/1850/537 1988/1922/537 1979/1921/537
f 1780/1837/538 1920/1923/538 1929/1915/538 1784/1838/538
f 1920/1923/539 1923/1924/539 1931/1917/539 1929/1915/539
f 1923/1924/540 1925/1925/540 1932/1920/540 1931/1917/540
f 1925/1925/541 1927/1846/541 1933/1848/541 1932/1920/541
f 1775/1835/542 1913/1926/542 1920/1923/542 1780/1837/542
f 1913/1926/543 1915/1927/543 1923/1924/543 1920/1923/543
f 1915/1927/544 1917/1928/544 1925/1925/544 1923/1924/544
f 1917/1928/545 1919/1843/545 1927/1846/545 1925/1925/545
f 1993/1929/546 1913/1926/546 1775/1835/546 1990/1834/546
f 2000/1930/547 1915/1927/547 1913/1926/547 1993/1929/547 1997/1931/547
f 2007/1932/548 1917/1928/548 1915/1927/548 2000/1930/548
f 2010/1844/549 1919/1843/549 1917/1928/549 2007/1932/549 2011/1933/549
f 1728/1792/550 1885/1934/550 1969/1935/550 1946/1936/550 1947/1794/550
f 1969/1935/551 1885/1934/551 1887/1937/551 1980/1938/551 1965/1939/551
f 1980/1938/552 1887/1937/552 1889/1940/552 1978/1941/552
f 1889/1940/553 1890/1802/553 1991/1803/553 1975/1942/553 1978/1941/553
f 1725/1791/554 1876/1943/554 1885/1934/554 1728/1792/554
f 1876/1943/555 1878/1944/555 1887/1937/555 1885/1934/555
f 1878/1944/556 1881/1945/556 1889/1940/556 1887/1937/556
f 1881/1945/557 1882/1800/557 1890/1802/557 1889/1940/557
f 1720/1789/558 1869/1946/558 1876/1943/558 1725/1791/558
f 1869/1946/559 1870/1947/559 1878/1944/559 1876/1943/559
f 1870/1947/560 1872/1948/560 1881/1945/560 1878/1944/560
f 1872/1948/561 1874/1796/561 1882/1800/561 1881/1945/561
f 1869/1946/562 1720/1789/562 1984/1790/562 2021/1949/562 2026/1950/562
f 1870/1947/563 1869/1946/563 2026/1950/563 2030/1951/563 2031/1952/563
f 1872/1948/564 1870/1947/564 2031/1952/564 2033/1953/564
f 1874/1796/565 1872/1948/565 2033/1953/565 1948/1954/565 1949/1797/565
f 2291/1495/566 2300/1532/566 2302/1531/566 2293/1496/566
f 2293/1496/567 2302/1531/567 2301/1530/567 2294/1497/567
f 2294/1497/568 2301/1530/568 2299/1529/568 2292/1498/568
f 2295/1474/569 2304/1473/569 2306/1776/569 2297/1510/569
f 2297/1510/570 2306/1776/570 2305/1775/570 2298/1511/570
f 2298/1511/571 2305/1775/571 2303/1774/571 2296/1512/571
f 2299/1529/572 1794/1536/572 1877/1489/572 2292/1498/572
f 1778/1955/573 2314/1956/573 2313/1957/573 1776/1958/573
f 1776/1958/574 2313/1957/574 2311/1771/574 1779/1770/574
f 2307/1470/575 2316/1469/575 2318/1959/575 2309/1960/575
f 2309/1961/576 2318/1962/576 2317/1963/576 2310/1964/576
f 2310/1964/577 2317/1963/577 2315/1533/577 2308/1494/577
f 1781/1513/454 2296/1512/454 2303/1774/454 2312/1756/454
f 3391/1965/6 3396/1966/6 3393/1967/6 3386/1968/6
f 3400/1969/3 3401/1970/3 3390/1971/3 3391/1965/3 3386/1968/3 3387/1972/3 3388/1973/3 3389/1974/3
f 3389/1974/2 3394/1975/2 3399/1976/2 3400/1969/2
f 3408/1977/3 3409/1978/3 3406/1979/3 3407/1980/3 3402/1981/3 3403/1982/3 3404/1983/3 3405/1984/3
f 3398/1985/5 3399/1976/5 3394/1975/5 3395/1986/5 3392/1987/5 3393/1967/5 3396/1966/5 3397/1988/5
f 3401/1970/1 3398/1985/1 3397/1988/1 3390/1971/1
f 3416/1989/5 3417/1990/5 3412/1991/5 3413/1992/5 3410/1993/5 3411/1994/5 3414/1995/5 3415/1996/5
f 3409/1978/1 3416/1989/1 3415/1996/1 3406/1979/1
f 3404/1983/4 3403/1982/4 3410/1993/4 3413/1992/4
f 3405/1984/2 3412/1991/2 3417/1990/2 3408/1977/2
f 3407/1980/6 3414/1995/6 3411/1994/6 3402/1981/6
f 3420/1997/4 3419/1998/4 3424/1999/4 3427/2000/4
f 3423/2001/6 3428/2002/6 3425/2003/6 3418/2004/6
f 3432/2005/3 3433/2006/3 3422/2007/3 3423/2001/3 3418/2004/3 3419/1998/3 3420/1997/3 3421/2008/3
f 3421/2008/2 3426/2009/2 3431/2010/2 3432/2005/2
f 3436/2011/4 3435/2012/4 3440/2013/4 3443/2014/4
f 3430/2015/5 3431/2010/5 3426/2009/5 3427/2000/5 3424/1999/5 3425/2003/5 3428/2002/5 3429/2016/5
f 3433/2006/1 3430/2015/1 3429/2016/1 3422/2007/1
f 3439/2017/6 3444/2018/6 3441/2019/6 3434/2020/6
f 3448/2021/3 3449/2022/3 3438/2023/3 3439/2017/3 3434/2020/3 3435/2012/3 3436/2011/3 3437/2024/3
f 3437/2024/2 3442/2025/2 3447/2026/2 3448/2021/2
f 3452/2027/4 3451/2028/4 3456/2029/4 3459/2030/4
f 3446/2031/5 3447/2026/5 3442/2025/5 3443/2014/5 3440/2013/5 3441/2019/5 3444/2018/5 3445/2032/5
f 3449/2022/1 3446/2031/1 3445/2032/1 3438/2023/1
f 3455/2033/6 3460/2034/6 3457/2035/6 3450/2036/6
f 3464/2037/3 3465/2038/3 3454/2039/3 3455/2033/3 3450/2036/3 3451/2028/3 3452/2027/3 3453/2040/3
f 3453/2040/2 3458/2041/2 3463/2042/2 3464/2037/2
f 3468/2043/4 3467/2044/4 3472/2045/4 3475/2046/4
f 3462/2047/5 3463/2042/5 3458/2041/5 3459/2030/5 3456/2029/5 3457/2035/5 3460/2034/5 3461/2048/5
f 3465/2038/1 3462/2047/1 3461/2048/1 3454/2039/1
f 3471/2049/6 3476/2050/6 3473/2051/6 3466/2052/6
f 3480/2053/3 3481/2054/3 3470/2055/3 3471/2049/3 3466/2052/3 3467/2044/3 3468/2043/3 3469/2056/3
f 3469/2056/2 3474/2057/2 3479/2058/2 3480/2053/2
f 3484/2059/4 3483/2060/4 3488/2061/4 3491/2062/4
f 3478/2063/5 3479/2058/5 3474/2057/5 3475/2046/5 3472/2045/5 3473/2051/5 3476/2050/5 3477/2064/5
f 3481/2054/1 3478/2063/1 3477/2064/1 3470/2055/1
f 3487/2065/6 3492/2066/6 3489/2067/6 3482/2068/6
f 3496/2069/3 3497/2070/3 3486/2071/3 3487/2065/3 3482/2068/3 3483/2060/3 3484/2059/3 3485/2072/3
f 3485/2072/2 3490/2073/2 3495/2074/2 3496/2069/2
f 3500/2075/4 3499/2076/4 3504/2077/4 3507/2078/4
f 3494/2079/5 3495/2074/5 3490/2073/5 3491/2062/5 3488/2061/5 3489/2067/5 3492/2066/5 3493/2080/5
f 3497/2070/1 3494/2079/1 3493/2080/1 3486/2071/1
f 3503/2081/6 3508/2082/6 3505/2083/6 3498/2084/6
f 3512/2085/3 3513/2086/3 3502/2087/3 3503/2081/3 3498/2084/3 3499/2076/3 3500/2075/3 3501/2088/3
f 3501/2088/2 3506/2089/2 3511/2090/2 3512/2085/2
f 3516/2091/4 3515/2092/4 3520/2093/4 3523/2094/4
f 3510/2095/5 3511/2090/5 3506/2089/5 3507/2078/5 3504/2077/5 3505/2083/5 3508/2082/5 3509/2096/5
f 3513/2086/1 3510/2095/1 3509/2096/1 3502/2087/1
f 3519/2097/6 3524/2098/6 3521/2099/6 3514/2100/6
f 3528/2101/3 3529/2102/3 3518/2103/3 3519/2097/3 3514/2100/3 3515/2092/3 3516/2091/3 3517/2104/3
f 3517/2104/2 3522/2105/2 3527/2106/2 3528/2101/2
f 3532/2107/4 3531/2108/4 3536/2109/4 3539/2110/4
f 3526/2111/5 3527/2106/5 3522/2105/5 3523/2094/5 3520/2093/5 3521/2099/5 3524/2098/5 3525/2112/5
f 3529/2102/1 3526/2111/1 3525/2112/1 3518/2103/1
f 3535/2113/6 3540/2114/6 3537/2115/6 3530/2116/6
f 3544/2117/3 3545/2118/3 3534/2119/3 3535/2113/3 3530/2116/3 3531/2108/3 3532/2107/3 3533/2120/3
f 3533/2120/2 3538/2121/2 3543/2122/2 3544/2117/2
f 3548/2123/4 3547/2124/4 3552/2125/4 3555/2126/4
f 3542/2127/5 3543/2122/5 3538/2121/5 3539/2110/5 3536/2109/5 3537/2115/5 3540/2114/5 3541/2128/5
f 3545/2118/1 3542/2127/1 3541/2128/1 3534/2119/1
f 3551/2129/6 3556/2130/6 3553/2131/6 3546/2132/6
f 3560/2133/3 3561/2134/3 3550/2135/3 3551/2129/3 3546/2132/3 3547/2124/3 3548/2123/3 3549/2136/3
f 3549/2136/2 3554/2137/2 3559/2138/2 3560/2133/2
f 3564/2139/4 3563/2140/4 3568/2141/4 3571/2142/4
f 3558/2143/5 3559/2138/5 3554/2137/5 3555/2126/5 3552/2125/5 3553/2131/5 3556/2130/5 3557/2144/5
f 3561/2134/1 3558/2143/1 3557/2144/1 3550/2135/1
f 3567/2145/6 3572/2146/6 3569/2147/6 3562/2148/6
f 3576/2149/3 3577/2150/3 3566/2151/3 3567/2145/3 3562/2148/3 3563/2140/3 3564/2139/3 3565/2152/3
f 3565/2152/2 3570/2153/2 3575/2154/2 3576/2149/2
f 3574/2155/5 3575/2154/5 3570/2153/5 3571/2142/5 3568/2141/5 3569/2147/5 3572/2146/5 3573/2156/5
f 3577/2150/1 3574/2155/1 3573/2156/1 3566/2151/1
f 3392/1987/578 3387/1972/578 3386/1968/578 3393/1967/578
f 3390/1971/579 3397/1988/579 3396/1966/579 3391/1965/579
f 3398/1985/580 3401/1970/580 3400/1969/580 3399/1976/580
f 3388/1973/581 3395/1986/581 3394/1975/581 3389/1974/581
f 3416/1989/580 3409/1978/580 3408/1977/580 3417/1990/580
f 3406/1979/579 3415/1996/579 3414/1995/579 3407/1980/579
f 3410/1993/578 3403/1982/578 3402/1981/578 3411/1994/578
f 3404/1983/581 3413/1992/581 3412/1991/581 3405/1984/581
f 3424/1999/578 3419/1998/578 3418/2004/578 3425/2003/578
f 3422/2007/579 3429/2016/579 3428/2002/579 3423/2001/579
f 3430/2015/580 3433/2006/580 3432/2005/580 3431/2010/580
f 3420/1997/581 3427/2000/581 3426/2009/581 3421/2008/581
f 3440/2013/578 3435/2012/578 3434/2020/578 3441/2019/578
f 3438/2023/579 3445/2032/579 3444/2018/579 3439/2017/579
f 3446/2031/580 3449/2022/580 3448/2021/580 3447/2026/580
f 3436/2011/581 3443/2014/581 3442/2025/581 3437/2024/581
f 3456/2029/578 3451/2028/578 3450/2036/578 3457/2035/578
f 3454/2039/579 3461/2048/579 3460/2034/579 3455/2033/579
f 3462/2047/580 3465/2038/580 3464/2037/580 3463/2042/580
f 3452/2027/581 3459/2030/581 3458/2041/581 3453/2040/581
f 3472/2045/578 3467/2044/578 3466/2052/578 3473/2051/578
f 3470/2055/579 3477/2064/579 3476/2050/579 3471/2049/579
f 3478/2063/580 3481/2054/580 3480/2053/580 3479/2058/580
f 3468/2043/581 3475/2046/581 3474/2057/581 3469/2056/581
f 3488/2061/578 3483/2060/578 3482/2068/578 3489/2067/578
f 3486/2071/579 3493/2080/579 3492/2066/579 3487/2065/579
f 3494/2079/580 3497/2070/580 3496/2069/580 3495/2074/580
f 3484/2059/581 3491/2062/581 3490/2073/581 3485/2072/581
f 3504/2077/578 3499/2076/578 3498/2084/578 3505/2083/578
f 3502/2087/579 3509/2096/579 3508/2082/579 3503/2081/579
f 3510/2095/580 3513/2086/580 3512/2085/580 3511/2090/580
f 3500/2075/581 3507/2078/581 3506/2089/581 3501/2088/581
f 3520/2093/578 3515/2092/578 3514/2100/578 3521/2099/578
f 3518/2103/579 3525/2112/579 3524/2098/579 3519/2097/579
f 3526/2111/580 3529/2102/580 3528/2101/580 3527/2106/580
f 3516/2091/581 3523/2094/581 3522/2105/581 3517/2104/581
f 3536/2109/578 3531/2108/578 3530/2116/578 3537/2115/578
f 3534/2119/579 3541/2128/579 3540/2114/579 3535/2113/579
f 3542/2127/580 3545/2118/580 3544/2117/580 3543/2122/580
f 3532/2107/581 3539/2110/581 3538/2121/581 3533/2120/581
f 3552/2125/578 3547/2124/578 3546/2132/578 3553/2131/578
f 3550/2135/579 3557/2144/579 3556/2130/579 3551/2129/579
f 3558/2143/580 3561/2134/580 3560/2133/580 3559/2138/580
f 3548/2123/581 3555/2126/581 3554/2137/581 3549/2136/581
f 3568/2141/578 3563/2140/578 3562/2148/578 3569/2147/578
f 3566/2151/579 3573/2156/579 3572/2146/579 3567/2145/579
f 3574/2155/580 3577/2150/580 3576/2149/580 3575/2154/580
f 3564/2139/581 3571/2142/581 3570/2153/581 3565/2152/581
f 3388/1973/4 3387/1972/4 3392/1987/4 3395/1986/4
f 4177/2157/582 4178/2158/582 4180/2159/582 4179/2160/582
f 4179/2160/583 4180/2159/583 4184/2161/583 4183/2162/583
f 4183/2162/584 4184/2161/584 4182/2163/584 4181/2164/584
f 4181/2164/585 4182/2163/585 4178/2165/585 4177/2166/585
f 4179/2167/4 4183/2162/4 4181/2164/4 4177/2168/4
f 4184/2161/1 4180/2169/1 4178/2170/1 4182/2163/1
f 4186/2171/4 4195/2172/4 4197/2173/4 4198/2174/4 4199/2175/4 4205/2176/4 4187/2177/4 4185/2178/4
f 4188/2179/586 4190/2180/586 4193/2181/586 4186/2182/586 4185/2183/586
f 4185/2184/587 4187/2185/587 4206/2186/587 4189/2187/587 4188/2188/587
f 4189/2187/588 4190/2189/588 4188/2188/588
f 4190/2189/589 4189/2187/589 4207/2190/589 4191/2191/589
f 4190/2192/1 4192/2193/1 4196/2194/1 4194/2195/1 4193/2196/1
f 4186/2182/590 4193/2181/590 4194/2197/590 4195/2198/590
f 4195/2198/591 4194/2197/591 4196/2199/591 4197/2200/591
f 4196/2199/592 4192/2201/592 4200/2202/592 4198/2203/592 4197/2200/592
f 4200/2202/593 4201/2204/593 4203/2205/593 4199/2206/593 4198/2203/593
f 4192/2207/594 4201/2204/594 4200/2202/594
f 4201/2204/595 4192/2207/595 4208/2208/595 4202/2209/595
f 4189/2210/1 4206/2211/1 4204/2212/1 4203/2213/1 4201/2214/1
f 4199/2206/596 4203/2205/596 4204/2215/596 4205/2216/596
f 4205/2216/597 4204/2215/597 4206/2186/597 4187/2185/597
f 4231/2217/598 4223/2218/598 4222/2219/598 4230/2220/598
f 4222/2219/599 4220/2221/599 4228/2222/599 4230/2220/599
f 4220/2221/600 4221/2223/600 4229/2224/600 4228/2222/600
f 4221/2223/601 4224/2225/601 4232/2226/601 4229/2224/601
f 4224/2225/602 4218/2227/602 4226/2228/602 4232/2226/602
f 4226/2228/603 4218/2227/603 4217/2229/603 4225/2230/603
f 4225/2230/604 4217/2229/604 4219/2231/604 4227/2232/604
f 4227/2232/605 4219/2231/605 4223/2233/605 4231/2234/605
usemtl Metal
f 218/2235/606 210/2236/606 219/2237/606
f 219/2237/607 210/2238/607 220/2239/607
f 220/2239/608 210/2240/608 221/2241/608
f 221/2241/609 210/2242/609 222/2243/609
f 222/2243/610 210/2244/610 223/2245/610
f 223/2245/611 210/2246/611 224/2247/611
f 224/2247/612 210/2248/612 225/2249/612
f 225/2249/613 210/2250/613 218/2251/613
f 209/2252/41 211/2253/41 212/2254/41 213/2255/41 214/2256/41 215/2257/41 216/2258/41 217/2259/41
f 232/2260/614 225/2249/614 218/2251/614 233/2261/614
f 231/2262/615 224/2247/615 225/2249/615 232/2260/615
f 230/2263/616 223/2245/616 224/2247/616 231/2262/616
f 229/2264/617 222/2243/617 223/2245/617 230/2263/617
f 228/2265/618 221/2241/618 222/2243/618 229/2264/618
f 227/2266/619 220/2239/619 221/2241/619 228/2265/619
f 226/2267/620 219/2237/620 220/2239/620 227/2266/620
f 233/2268/621 218/2235/621 219/2237/621 226/2267/621
f 209/2269/622 233/2268/622 226/2267/622 211/2270/622
f 211/2270/623 226/2267/623 227/2266/623 212/2271/623
f 212/2271/624 227/2266/624 228/2265/624 213/2272/624
f 213/2272/625 228/2265/625 229/2264/625 214/2273/625
f 214/2273/626 229/2264/626 230/2263/626 215/2274/626
f 215/2274/627 230/2263/627 231/2262/627 216/2275/627
f 216/2275/628 231/2262/628 232/2260/628 217/2276/628
f 217/2276/629 232/2260/629 233/2261/629 209/2277/629
f 243/2278/98 321/2279/98 320/2280/98 235/2281/98
f 315/529/630 314/423/630 243/2278/630 235/2282/630
f 314/423/631 318/422/631 321/2279/631 243/2278/631
f 318/435/632 317/531/632 320/2283/632 321/2284/632
f 317/534/633 315/533/633 235/2281/633 320/2280/633
f 482/2285/630 340/2286/630 339/2287/630 481/2288/630
f 340/2289/634 482/2290/634 512/2291/634 473/2292/634 464/2293/634 343/2294/634
f 333/2295/104 335/2296/104 450/2297/104 336/2298/104 334/2299/104
f 328/2300/106 327/2301/106 329/2302/106 330/2303/106
f 324/2304/635 326/2305/635 328/2300/635 330/2303/635 332/2306/635 334/2307/635 336/2308/635 322/2309/635
f 331/2310/103 333/2295/103 334/2299/103 332/2311/103
f 513/2312/636 472/2313/636 437/2314/636 491/2315/636
f 337/2316/98 335/2317/98 333/2318/98 331/2319/98 329/2302/98 327/2301/98 325/2320/98 323/2321/98
f 481/2288/630 339/2287/630 338/2322/630 480/2323/630
f 329/2302/637 331/2310/637 332/2306/637 330/2303/637
f 389/2324/638 342/2325/638 386/2326/638
f 390/2327/639 341/2328/639 388/2329/639
f 387/2330/640 341/2331/640 390/2327/640
f 385/2332/638 342/2333/638 389/2324/638
f 340/2286/635 343/2334/635 346/2335/635 339/2287/635
f 323/2321/98 348/2336/98 347/2337/98 337/2316/98
f 491/2315/641 499/2338/641 348/2339/641 323/2340/641
f 337/2316/98 347/2337/98 344/2341/98 335/2317/98
f 339/2287/635 346/2335/635 345/2342/635 338/2322/635
f 343/2334/635 349/2343/635 353/2344/635 346/2335/635
f 348/2336/98 351/2345/98 354/2346/98 347/2337/98
f 499/2338/642 500/2347/642 351/2348/642 348/2339/642
f 347/2337/98 354/2346/98 352/2349/98 344/2341/98
f 346/2335/635 353/2344/635 350/2350/635 345/2342/635
f 464/2293/643 465/2351/643 349/2352/643 343/2294/643
f 403/2353/644 355/2354/644 359/2355/644 407/2356/644
f 405/2357/645 357/2358/645 360/2359/645 408/2360/645
f 509/2361/646 501/2362/646 357/2363/646 405/2364/646
f 408/2360/645 360/2359/645 358/2365/645 406/2366/645
f 407/2356/644 359/2355/644 356/2367/644 404/2368/644
f 476/2369/647 466/2370/647 355/2371/647 403/2372/647
f 415/2373/648 361/2374/648 365/2375/648 419/2376/648
f 417/2377/649 363/2378/649 366/2379/649 420/2380/649
f 511/2381/650 502/2382/650 363/2383/650 417/2384/650
f 420/2380/649 366/2379/649 364/2385/649 418/2386/649
f 419/2376/648 365/2375/648 362/2387/648 416/2388/648
f 478/2389/651 467/2390/651 361/2391/651 415/2392/651
f 361/2374/652 367/2393/652 371/2394/652 365/2375/652
f 363/2378/653 369/2395/653 372/2396/653 366/2379/653
f 502/2382/654 503/2397/654 369/2398/654 363/2383/654
f 366/2379/653 372/2396/653 370/2399/653 364/2385/653
f 365/2375/652 371/2394/652 368/2400/652 362/2387/652
f 467/2390/655 468/2401/655 367/2402/655 361/2391/655
f 367/2393/656 373/2403/656 377/2404/656 371/2394/656
f 369/2395/657 375/2405/657 378/2406/657 372/2396/657
f 503/2397/658 504/2407/658 375/2408/658 369/2398/658
f 372/2396/657 378/2406/657 376/2409/657 370/2399/657
f 371/2394/656 377/2404/656 374/2410/656 368/2400/656
f 468/2401/659 469/2411/659 373/2412/659 367/2402/659
f 373/2403/660 379/2413/660 383/2414/660 377/2404/660
f 375/2405/661 381/2415/661 384/2416/661 378/2406/661
f 504/2407/662 505/2417/662 381/2418/662 375/2408/662
f 378/2406/661 384/2416/661 382/2419/661 376/2409/661
f 377/2404/660 383/2414/660 380/2420/660 374/2410/660
f 469/2411/663 470/2421/663 379/2422/663 373/2412/663
f 379/2413/664 385/2332/664 389/2324/664 383/2414/664
f 381/2415/640 387/2330/640 390/2327/640 384/2416/640
f 505/2417/665 506/2423/665 387/2424/665 381/2418/665
f 384/2416/639 390/2327/639 388/2329/639 382/2419/639
f 383/2414/664 389/2324/664 386/2326/664 380/2420/664
f 470/2421/666 471/2425/666 385/2426/666 379/2422/666
f 465/2351/667 474/2427/667 394/2428/667 349/2352/667
f 353/2344/668 392/2429/668 395/2430/668 350/2350/668
f 354/2346/669 393/2431/669 391/2432/669 352/2349/669
f 500/2347/670 507/2433/670 396/2434/670 351/2348/670
f 351/2345/669 396/2435/669 393/2431/669 354/2346/669
f 349/2343/668 394/2436/668 392/2429/668 353/2344/668
f 474/2427/671 475/2437/671 397/2438/671 394/2428/671
f 392/2429/672 401/2439/672 398/2440/672 395/2430/672
f 393/2431/673 402/2441/673 400/2442/673 391/2432/673
f 507/2433/674 508/2443/674 399/2444/674 396/2434/674
f 396/2435/673 399/2445/673 402/2441/673 393/2431/673
f 394/2436/672 397/2446/672 401/2439/672 392/2429/672
f 475/2437/675 476/2369/675 403/2372/675 397/2438/675
f 401/2439/676 407/2356/676 404/2368/676 398/2440/676
f 402/2441/677 408/2360/677 406/2366/677 400/2442/677
f 508/2443/678 509/2361/678 405/2364/678 399/2444/678
f 399/2445/677 405/2357/677 408/2360/677 402/2441/677
f 397/2446/676 403/2353/676 407/2356/676 401/2439/676
f 466/2370/679 477/2447/679 412/2448/679 355/2371/679
f 359/2355/680 410/2449/680 413/2450/680 356/2367/680
f 360/2359/681 411/2451/681 409/2452/681 358/2365/681
f 501/2362/682 510/2453/682 414/2454/682 357/2363/682
f 357/2358/681 414/2455/681 411/2451/681 360/2359/681
f 355/2354/680 412/2456/680 410/2449/680 359/2355/680
f 477/2447/683 478/2389/683 415/2392/683 412/2448/683
f 410/2449/684 419/2376/684 416/2388/684 413/2450/684
f 411/2451/685 420/2380/685 418/2386/685 409/2452/685
f 510/2453/686 511/2381/686 417/2384/686 414/2454/686
f 414/2455/685 417/2377/685 420/2380/685 411/2451/685
f 412/2456/684 415/2373/684 419/2376/684 410/2449/684
f 462/2457/686 463/2458/686 448/2459/686 446/2460/686
f 496/2461/683 497/2462/683 447/2463/683 445/2464/683
f 453/2465/682 462/2457/682 446/2460/682 425/2466/682
f 485/2467/679 496/2461/679 445/2464/679 426/2468/679
f 460/2469/678 461/2470/678 444/2471/678 442/2472/678
f 494/2473/675 495/2474/675 443/2475/675 441/2476/675
f 459/2477/674 460/2469/674 442/2472/674 440/2478/674
f 493/2479/671 494/2473/671 441/2476/671 439/2480/671
f 452/2481/670 459/2477/670 440/2478/670 423/2482/670
f 484/2483/667 493/2479/667 439/2480/667 424/2484/667
f 489/2485/687 490/2486/687 436/2487/687 434/2488/687
f 457/2489/688 458/2490/688 435/2491/688 433/2492/688
f 488/2493/689 489/2485/689 434/2488/689 432/2494/689
f 456/2495/690 457/2489/690 433/2492/690 431/2496/690
f 487/2497/691 488/2493/691 432/2494/691 430/2498/691
f 455/2499/692 456/2495/692 431/2496/692 429/2500/692
f 486/2501/693 487/2497/693 430/2498/693 428/2502/693
f 454/2503/694 455/2499/694 429/2500/694 427/2504/694
f 497/2462/695 486/2501/695 428/2502/695 447/2463/695
f 463/2458/696 454/2503/696 427/2504/696 448/2459/696
f 495/2474/647 485/2467/647 426/2468/647 443/2475/647
f 461/2470/646 453/2465/646 425/2466/646 444/2471/646
f 483/2505/643 484/2483/643 424/2484/643 422/2506/643
f 451/2507/642 452/2481/642 423/2482/642 421/2508/642
f 492/2509/634 483/2505/634 422/2506/634 438/2510/634
f 472/2313/641 451/2507/641 421/2508/641 437/2314/641
f 338/2511/641 345/2512/641 451/2507/641 472/2313/641
f 345/2512/642 350/2513/642 452/2481/642 451/2507/642
f 404/2514/646 356/2515/646 453/2465/646 461/2470/646
f 416/2516/697 362/2517/697 454/2503/697 463/2458/697
f 362/2517/698 368/2518/698 455/2499/698 454/2503/698
f 368/2518/699 374/2519/699 456/2495/699 455/2499/699
f 374/2519/700 380/2520/700 457/2489/700 456/2495/700
f 380/2520/701 386/2521/701 458/2490/701 457/2489/701
f 350/2513/670 395/2522/670 459/2477/670 452/2481/670
f 395/2522/674 398/2523/674 460/2469/674 459/2477/674
f 398/2523/678 404/2514/678 461/2470/678 460/2469/678
f 356/2515/682 413/2524/682 462/2457/682 453/2465/682
f 413/2524/686 416/2516/686 463/2458/686 462/2457/686
f 445/2464/683 447/2463/683 478/2389/683 477/2447/683
f 426/2468/679 445/2464/679 477/2447/679 466/2370/679
f 441/2476/675 443/2475/675 476/2369/675 475/2437/675
f 439/2480/671 441/2476/671 475/2437/671 474/2427/671
f 424/2484/667 439/2480/667 474/2427/667 465/2351/667
f 434/2488/702 436/2487/702 471/2425/702 470/2421/702
f 432/2494/703 434/2488/703 470/2421/703 469/2411/703
f 430/2498/704 432/2494/704 469/2411/704 468/2401/704
f 428/2502/705 430/2498/705 468/2401/705 467/2390/705
f 447/2463/706 428/2502/706 467/2390/706 478/2389/706
f 443/2475/647 426/2468/647 466/2370/647 476/2369/647
f 422/2506/643 424/2484/643 465/2351/643 464/2293/643
f 438/2510/634 422/2506/634 464/2293/634 473/2292/634
f 325/2525/100 327/2526/100 328/2527/100 326/2528/100
f 480/2529/707 338/2511/707 472/2313/707 513/2312/707
f 335/2296/634 344/2530/634 483/2505/634 492/2509/634
f 344/2530/643 352/2531/643 484/2483/643 483/2505/643
f 406/2532/647 358/2533/647 485/2467/647 495/2474/647
f 418/2534/708 364/2535/708 486/2501/708 497/2462/708
f 364/2535/709 370/2536/709 487/2497/709 486/2501/709
f 370/2536/710 376/2537/710 488/2493/710 487/2497/710
f 376/2537/711 382/2538/711 489/2485/711 488/2493/711
f 382/2538/712 388/2539/712 490/2486/712 489/2485/712
f 352/2531/667 391/2540/667 493/2479/667 484/2483/667
f 391/2540/671 400/2541/671 494/2473/671 493/2479/671
f 400/2541/675 406/2532/675 495/2474/675 494/2473/675
f 358/2533/679 409/2542/679 496/2461/679 485/2467/679
f 409/2542/683 418/2534/683 497/2462/683 496/2461/683
f 446/2460/686 448/2459/686 511/2381/686 510/2453/686
f 425/2466/682 446/2460/682 510/2453/682 501/2362/682
f 442/2472/678 444/2471/678 509/2361/678 508/2443/678
f 440/2478/674 442/2472/674 508/2443/674 507/2433/674
f 423/2482/670 440/2478/670 507/2433/670 500/2347/670
f 433/2492/713 435/2491/713 506/2423/713 505/2417/713
f 431/2496/714 433/2492/714 505/2417/714 504/2407/714
f 429/2500/715 431/2496/715 504/2407/715 503/2397/715
f 427/2504/716 429/2500/716 503/2397/716 502/2382/716
f 448/2459/717 427/2504/717 502/2382/717 511/2381/717
f 444/2471/646 425/2466/646 501/2362/646 509/2361/646
f 421/2508/642 423/2482/642 500/2347/642 499/2338/642
f 437/2314/641 421/2508/641 499/2338/641 491/2315/641
f 450/2297/718 512/2291/718 482/2290/718 336/2298/718
f 322/2309/630 481/2288/630 480/2323/630 324/2304/630
f 336/2308/630 482/2285/630 481/2288/630 322/2309/630
f 335/2296/719 492/2509/719 438/2510/719 473/2292/719 512/2291/719 450/2297/719
f 513/2312/99 491/2315/99 323/2340/99 325/2525/99 326/2528/99 324/2543/99 480/2529/99
f 776/1041/720 778/1043/720 842/2544/720 840/2545/720
f 785/1050/721 783/1048/721 847/2546/721 849/2547/721
f 847/2546/722 845/2548/722 861/2549/722 863/2550/722
f 839/2551/723 836/2552/723 852/2553/723 855/2554/723
f 784/1049/724 770/1036/724 834/2555/724 848/2556/724
f 779/1044/720 777/1042/720 841/2557/720 843/2558/720
f 770/1036/725 771/1035/725 835/2559/725 834/2555/725
f 773/1037/724 785/1050/724 849/2547/724 837/2560/724
f 778/1043/726 780/1045/726 844/2561/726 842/2544/726
f 772/1038/725 773/1037/725 837/2560/725 836/2552/725
f 781/1046/726 779/1044/726 843/2558/726 845/2548/726
f 771/1035/727 774/1039/727 838/2562/727 835/2559/727
f 780/1045/728 782/1047/728 846/2563/728 844/2561/728
f 775/1040/729 772/1038/729 836/2552/729 839/2551/729
f 783/1048/728 781/1046/728 845/2548/728 847/2546/728
f 774/1039/730 776/1041/730 840/2545/730 838/2562/730
f 782/1047/721 784/1049/721 848/2556/721 846/2563/721
f 777/1042/731 775/1040/731 839/2551/731 841/2557/731
f 852/2553/170 853/2564/170 865/2565/170 863/2550/170 861/2549/170 859/2566/170 857/2567/170 855/2554/170
f 850/2568/173 851/2569/173 854/2570/173 856/2571/173 858/2572/173 860/2573/173 862/2574/173 864/2575/173
f 838/2562/732 840/2545/732 856/2571/732 854/2570/732
f 846/2563/733 848/2556/733 864/2575/733 862/2574/733
f 841/2557/734 839/2551/734 855/2554/734 857/2567/734
f 849/2547/735 847/2546/735 863/2550/735 865/2565/735
f 840/2545/736 842/2544/736 858/2572/736 856/2571/736
f 848/2556/737 834/2555/737 850/2568/737 864/2575/737
f 843/2558/738 841/2557/738 857/2567/738 859/2566/738
f 834/2555/739 835/2559/739 851/2569/739 850/2568/739
f 837/2560/740 849/2547/740 865/2565/740 853/2564/740
f 842/2544/741 844/2561/741 860/2573/741 858/2572/741
f 836/2552/742 837/2560/742 853/2564/742 852/2553/742
f 845/2548/743 843/2558/743 859/2566/743 861/2549/743
f 835/2559/744 838/2562/744 854/2570/744 851/2569/744
f 844/2561/745 846/2563/745 862/2574/745 860/2573/745
f 975/2576/746 946/2577/746 950/2578/746 977/2579/746
f 948/2580/1 949/2581/1 971/2582/1 973/2583/1 972/2584/1 968/2585/1 970/2586/1 969/2587/1
f 946/2577/4 962/2588/4 964/2589/4 963/2590/4 965/2591/4 967/2592/4 966/2593/4 947/2594/4
f 976/2595/747 953/2596/747 957/2597/747 978/2598/747
f 949/2581/748 948/2580/748 952/2599/748 953/2596/748
f 946/2577/749 947/2594/749 951/2600/749 950/2578/749
f 974/2601/750 949/2581/750 953/2596/750 976/2595/750
f 978/2598/751 957/2597/751 961/2602/751 980/2603/751
f 950/2578/4 951/2600/4 955/2604/4 954/2605/4
f 977/2579/752 950/2578/752 954/2605/752 979/2606/752
f 953/2596/1 952/2599/1 956/2607/1 957/2597/1
f 981/2608/273 980/2603/273 961/2602/273 960/2609/273
f 954/2605/4 955/2604/4 959/2610/4 958/2611/4
f 979/2606/753 954/2605/753 958/2611/753 981/2608/753
f 957/2597/1 956/2607/1 960/2609/1 961/2602/1
f 956/2607/753 979/2606/753 981/2608/753 960/2609/753
f 958/2611/273 959/2610/273 980/2603/273 981/2608/273
f 952/2599/752 977/2579/752 979/2606/752 956/2607/752
f 955/2604/751 978/2598/751 980/2603/751 959/2610/751
f 947/2594/754 974/2601/754 976/2595/754 951/2600/754
f 951/2600/747 976/2595/747 978/2598/747 955/2604/747
f 948/2580/755 975/2576/755 977/2579/755 952/2599/755
f 1002/2612/756 1005/2613/756 991/2614/756 989/2615/756
f 1026/2616/757 1025/2617/757 1020/2618/757 1023/2619/757
f 1003/2620/758 992/2621/758 993/2622/758 1004/2623/758
f 1004/2624/759 993/2625/759 991/2614/759 1005/2613/759
f 1006/2626/760 995/2627/760 996/2628/760 1007/2629/760
f 1007/2629/761 996/2628/761 994/2630/761 1008/2631/761
f 988/2632/331 995/2627/331 1006/2626/331 1000/2633/331
f 999/2634/762 1010/2635/762 1011/2636/762 998/2637/762
f 997/2638/763 1009/2639/763 1010/2635/763 999/2634/763
f 990/2640/764 1001/2641/764 1002/2612/764 989/2615/764
f 988/2632/765 1000/2633/765 1001/2642/765 990/2643/765
f 997/2638/334 992/2621/334 1003/2620/334 1009/2639/334
f 994/2630/766 998/2637/766 1011/2636/766 1008/2631/766
f 1015/2644/334 1022/2645/334 1058/2646/334 1051/2647/334
f 1030/2648/767 1029/2649/767 1012/2650/767 1013/2651/767
f 1032/2652/768 1030/2648/768 1013/2651/768 1018/2653/768
f 1034/2654/769 1032/2652/769 1018/2653/769 1019/2655/769
f 1038/2656/770 1037/2657/770 1017/2658/770 1014/2659/770
f 1042/2660/771 1041/2661/771 1015/2644/771 1016/2662/771
f 1044/2663/772 1026/2616/772 1023/2619/772 1021/2664/772
f 1029/2665/773 1038/2656/773 1014/2659/773 1012/2666/773
f 1025/2617/774 1034/2654/774 1019/2655/774 1020/2618/774
f 1041/2661/775 1047/2667/775 1022/2645/775 1015/2644/775
f 1037/2657/776 1042/2668/776 1016/2669/776 1017/2658/776
f 1047/2667/777 1044/2663/777 1021/2664/777 1022/2645/777
f 997/2638/778 999/2634/778 1045/2670/778 1046/2671/778
f 1046/2671/763 1045/2670/763 1044/2663/763 1047/2667/763
f 991/2614/779 993/2625/779 1043/2672/779 1036/2673/779
f 1036/2673/759 1043/2672/759 1042/2668/759 1037/2657/759
f 992/2621/780 997/2638/780 1046/2671/780 1040/2674/780
f 1040/2674/334 1046/2671/334 1047/2667/334 1041/2661/334
f 994/2630/781 996/2628/781 1035/2675/781 1024/2676/781
f 1024/2676/761 1035/2675/761 1034/2654/761 1025/2617/761
f 990/2640/782 989/2615/782 1039/2677/782 1028/2678/782
f 1028/2678/764 1039/2677/764 1038/2656/764 1029/2665/764
f 999/2634/783 998/2637/783 1027/2679/783 1045/2670/783
f 1045/2670/762 1027/2679/762 1026/2616/762 1044/2663/762
f 993/2622/784 992/2621/784 1040/2674/784 1043/2680/784
f 1043/2680/758 1040/2674/758 1041/2661/758 1042/2660/758
f 989/2615/785 991/2614/785 1036/2673/785 1039/2677/785
f 1039/2677/756 1036/2673/756 1037/2657/756 1038/2656/756
f 996/2628/786 995/2627/786 1033/2681/786 1035/2675/786
f 1035/2675/760 1033/2681/760 1032/2652/760 1034/2654/760
f 995/2627/787 988/2632/787 1031/2682/787 1033/2681/787
f 1033/2681/331 1031/2682/331 1030/2648/331 1032/2652/331
f 988/2632/788 990/2643/788 1028/2683/788 1031/2682/788
f 1031/2682/765 1028/2683/765 1029/2649/765 1030/2648/765
f 998/2637/789 994/2630/789 1024/2676/789 1027/2679/789
f 1027/2679/766 1024/2676/766 1025/2617/766 1026/2616/766
f 1049/2684/790 1048/2685/790 1050/2686/790 1053/2687/790 1052/2688/790 1051/2689/790 1058/2690/790 1057/2691/790 1059/2692/790 1056/2693/790 1055/2694/790 1054/2695/790
f 1013/2651/765 1012/2650/765 1048/2696/765 1049/2697/765
f 1021/2664/762 1023/2619/762 1059/2692/762 1057/2698/762
f 1019/2655/760 1018/2653/760 1054/2699/760 1055/2700/760
f 1023/2619/766 1020/2618/766 1056/2693/766 1059/2692/766
f 1012/2666/764 1014/2659/764 1050/2686/764 1048/2701/764
f 1018/2653/331 1013/2651/331 1049/2697/331 1054/2699/331
f 1020/2618/761 1019/2655/761 1055/2700/761 1056/2693/761
f 1016/2662/758 1015/2644/758 1051/2647/758 1052/2702/758
f 1014/2659/756 1017/2658/756 1053/2687/756 1050/2686/756
f 1022/2645/763 1021/2664/763 1057/2698/763 1058/2646/763
f 1017/2658/759 1016/2669/759 1052/2703/759 1053/2687/759
f 1195/1179/791 1193/2704/791 1192/2705/791 1099/1180/791
f 1099/1180/792 1192/2705/792 1095/2706/792 1100/1227/792
f 1100/1227/793 1095/2706/793 1191/2707/793 1101/1235/793
f 1101/1235/794 1191/2707/794 1096/2708/794 1102/1232/794
f 1102/1232/795 1096/2708/795 1194/2709/795 1196/1233/795
f 1103/1164/796 1097/2710/796 1098/2711/796 1104/1165/796
f 1104/1165/797 1098/2711/797 1193/2712/797 1195/1171/797
f 1002/2612/756 1119/2713/756 1121/2714/756 1005/2613/756
f 1144/2715/798 1141/2716/798 1138/2717/798 1143/2718/798
f 1003/2620/758 1004/2623/758 1123/2719/758 1122/2720/758
f 1004/2624/759 1005/2613/759 1121/2714/759 1123/2721/759
f 1006/2626/760 1007/2629/760 1126/2722/760 1125/2723/760
f 1007/2629/761 1008/2631/761 1124/2724/761 1126/2722/761
f 1118/2725/331 1000/2633/331 1006/2626/331 1125/2723/331
f 1129/2726/762 1128/2727/762 1011/2636/762 1010/2635/762
f 1127/2728/763 1129/2726/763 1010/2635/763 1009/2639/763
f 1120/2729/764 1119/2713/764 1002/2612/764 1001/2641/764
f 1118/2725/765 1120/2730/765 1001/2642/765 1000/2633/765
f 1127/2728/334 1009/2639/334 1003/2620/334 1122/2720/334
f 1124/2724/766 1008/2631/766 1011/2636/766 1128/2727/766
f 1133/2731/334 1169/2732/334 1176/2733/334 1140/2734/334
f 1148/2735/799 1131/2736/799 1130/2737/799 1147/2738/799
f 1150/2739/800 1136/2740/800 1131/2736/800 1148/2735/800
f 1152/2741/801 1137/2742/801 1136/2740/801 1150/2739/801
f 1156/2743/802 1132/2744/802 1135/2745/802 1155/2746/802
f 1160/2747/803 1134/2748/803 1133/2731/803 1159/2749/803
f 1162/2750/804 1139/2751/804 1141/2716/804 1144/2715/804
f 1147/2752/805 1130/2753/805 1132/2744/805 1156/2743/805
f 1143/2718/806 1138/2717/806 1137/2742/806 1152/2741/806
f 1159/2749/807 1133/2731/807 1140/2734/807 1165/2754/807
f 1155/2746/808 1135/2745/808 1134/2755/808 1160/2756/808
f 1165/2754/809 1140/2734/809 1139/2751/809 1162/2750/809
f 1127/2728/810 1164/2757/810 1163/2758/810 1129/2726/810
f 1164/2757/763 1165/2754/763 1162/2750/763 1163/2758/763
f 1121/2714/811 1154/2759/811 1161/2760/811 1123/2721/811
f 1154/2759/759 1155/2746/759 1160/2756/759 1161/2760/759
f 1122/2720/812 1158/2761/812 1164/2757/812 1127/2728/812
f 1158/2761/334 1159/2749/334 1165/2754/334 1164/2757/334
f 1124/2724/813 1142/2762/813 1153/2763/813 1126/2722/813
f 1142/2762/761 1143/2718/761 1152/2741/761 1153/2763/761
f 1120/2729/814 1146/2764/814 1157/2765/814 1119/2713/814
f 1146/2764/764 1147/2752/764 1156/2743/764 1157/2765/764
f 1129/2726/815 1163/2758/815 1145/2766/815 1128/2727/815
f 1163/2758/762 1162/2750/762 1144/2715/762 1145/2766/762
f 1123/2719/816 1161/2767/816 1158/2761/816 1122/2720/816
f 1161/2767/758 1160/2747/758 1159/2749/758 1158/2761/758
f 1119/2713/817 1157/2765/817 1154/2759/817 1121/2714/817
f 1157/2765/756 1156/2743/756 1155/2746/756 1154/2759/756
f 1126/2722/818 1153/2763/818 1151/2768/818 1125/2723/818
f 1153/2763/760 1152/2741/760 1150/2739/760 1151/2768/760
f 1125/2723/819 1151/2768/819 1149/2769/819 1118/2725/819
f 1151/2768/331 1150/2739/331 1148/2735/331 1149/2769/331
f 1118/2725/820 1149/2769/820 1146/2770/820 1120/2730/820
f 1149/2769/765 1148/2735/765 1147/2738/765 1146/2770/765
f 1128/2727/821 1145/2766/821 1142/2762/821 1124/2724/821
f 1145/2766/766 1144/2715/766 1143/2718/766 1142/2762/766
f 1167/2771/822 1172/2772/822 1173/2773/822 1174/2774/822 1177/2775/822 1175/2776/822 1176/2777/822 1169/2778/822 1170/2779/822 1171/2780/822 1168/2781/822 1166/2782/822
f 1131/2736/765 1167/2783/765 1166/2784/765 1130/2737/765
f 1139/2751/762 1175/2785/762 1177/2775/762 1141/2716/762
f 1137/2742/760 1173/2786/760 1172/2787/760 1136/2740/760
f 1141/2716/766 1177/2775/766 1174/2774/766 1138/2717/766
f 1130/2753/764 1166/2788/764 1168/2781/764 1132/2744/764
f 1136/2740/331 1172/2787/331 1167/2783/331 1131/2736/331
f 1138/2717/761 1174/2774/761 1173/2786/761 1137/2742/761
f 1134/2748/758 1170/2789/758 1169/2732/758 1133/2731/758
f 1132/2744/756 1168/2781/756 1171/2780/756 1135/2745/756
f 1140/2734/763 1176/2733/763 1175/2785/763 1139/2751/763
f 1135/2745/759 1171/2780/759 1170/2790/759 1134/2755/759
f 1103/1164/823 1196/1280/823 1194/2791/823 1097/2710/823
f 1250/2792/824 1257/2793/824 1259/2794/824 1251/2795/824
f 1251/2795/825 1259/2794/825 1260/2796/825 1252/2797/825
f 1252/2797/826 1260/2796/826 1261/2798/826 1253/2799/826
f 1253/2799/827 1261/2798/827 1262/2800/827 1254/2801/827
f 1254/2801/828 1262/2800/828 1263/2802/828 1255/2803/828
f 1255/2803/829 1263/2802/829 1264/2804/829 1256/2805/829
f 1256/2805/830 1264/2804/830 1258/2806/830 1249/2807/830
f 1248/2808/831 1256/2805/831 1249/2807/831
f 1248/2809/832 1255/2803/832 1256/2805/832
f 1248/2810/833 1254/2801/833 1255/2803/833
f 1248/2811/834 1253/2799/834 1254/2801/834
f 1248/2812/835 1252/2797/835 1253/2799/835
f 1248/2813/836 1251/2795/836 1252/2797/836
f 1248/2814/837 1250/2792/837 1251/2795/837
f 1248/2815/838 1249/2816/838 1250/2792/838
f 1268/2817/839 1269/2818/839 1285/2819/839 1284/2820/839
f 1265/2821/840 1266/2822/840 1272/2823/840 1271/2824/840 1270/2825/840 1269/2818/840 1268/2817/840 1267/2826/840
f 1262/2800/841 1261/2798/841 1277/2827/841 1278/2828/841
f 1267/2826/842 1268/2817/842 1284/2820/842 1283/2829/842
f 1261/2798/843 1260/2796/843 1276/2830/843 1277/2827/843
f 1265/2821/844 1267/2826/844 1283/2829/844 1281/2831/844
f 1260/2796/845 1259/2794/845 1275/2832/845 1276/2830/845
f 1266/2822/846 1265/2821/846 1281/2831/846 1282/2833/846
f 1259/2794/847 1257/2793/847 1273/2834/847 1275/2832/847
f 1249/2816/848 1258/2835/848 1257/2793/848 1250/2792/848
f 1274/2836/830 1280/2837/830 1288/2838/830 1282/2839/830
f 1279/2840/828 1278/2828/828 1286/2841/828 1287/2842/828
f 1277/2827/849 1276/2830/849 1284/2843/849 1285/2844/849
f 1275/2832/824 1273/2834/824 1281/2845/824 1283/2846/824
f 1280/2837/829 1279/2840/829 1287/2842/829 1288/2838/829
f 1278/2828/827 1277/2827/827 1285/2844/827 1286/2841/827
f 1276/2830/825 1275/2832/825 1283/2846/825 1284/2843/825
f 1273/2834/850 1274/2847/850 1282/2848/850 1281/2845/850
f 1263/2802/851 1262/2800/851 1278/2828/851 1279/2840/851
f 1269/2818/852 1270/2825/852 1286/2849/852 1285/2819/852
f 1264/2804/853 1263/2802/853 1279/2840/853 1280/2837/853
f 1270/2825/854 1271/2824/854 1287/2850/854 1286/2849/854
f 1258/2806/855 1264/2804/855 1280/2837/855 1274/2836/855
f 1271/2824/856 1272/2823/856 1288/2851/856 1287/2850/856
f 1257/2793/857 1258/2835/857 1274/2847/857 1273/2834/857
f 1272/2823/858 1266/2822/858 1282/2833/858 1288/2851/858
f 1291/2852/859 1298/2853/859 1300/2854/859 1292/2855/859
f 1292/2855/860 1300/2854/860 1301/2856/860 1293/2857/860
f 1293/2857/861 1301/2856/861 1302/2858/861 1294/2859/861
f 1294/2859/862 1302/2858/862 1303/2860/862 1295/2861/862
f 1295/2861/863 1303/2860/863 1304/2862/863 1296/2863/863
f 1296/2863/864 1304/2862/864 1305/2864/864 1297/2865/864
f 1297/2865/865 1305/2864/865 1299/2866/865 1290/2867/865
f 1289/2868/866 1297/2865/866 1290/2867/866
f 1289/2869/867 1296/2863/867 1297/2865/867
f 1289/2870/868 1295/2861/868 1296/2863/868
f 1289/2871/869 1294/2859/869 1295/2861/869
f 1289/2872/870 1293/2857/870 1294/2859/870
f 1289/2873/871 1292/2855/871 1293/2857/871
f 1289/2874/872 1291/2852/872 1292/2855/872
f 1289/2875/873 1290/2876/873 1291/2852/873
f 1309/2877/874 1310/2878/874 1326/2879/874 1325/2880/874
f 1306/2881/875 1307/2882/875 1313/2883/875 1312/2884/875 1311/2885/875 1310/2878/875 1309/2877/875 1308/2886/875
f 1303/2860/876 1302/2858/876 1318/2887/876 1319/2888/876
f 1308/2886/877 1309/2877/877 1325/2880/877 1324/2889/877
f 1302/2858/878 1301/2856/878 1317/2890/878 1318/2887/878
f 1306/2881/879 1308/2886/879 1324/2889/879 1322/2891/879
f 1301/2856/880 1300/2854/880 1316/2892/880 1317/2890/880
f 1307/2882/881 1306/2881/881 1322/2891/881 1323/2893/881
f 1300/2854/882 1298/2853/882 1314/2894/882 1316/2892/882
f 1290/2876/883 1299/2895/883 1298/2853/883 1291/2852/883
f 1315/2896/865 1321/2897/865 1329/2898/865 1323/2899/865
f 1320/2900/884 1319/2888/884 1327/2901/884 1328/2902/884
f 1318/2887/861 1317/2890/861 1325/2903/861 1326/2904/861
f 1316/2892/859 1314/2894/859 1322/2905/859 1324/2906/859
f 1321/2897/864 1320/2900/864 1328/2902/864 1329/2898/864
f 1319/2888/862 1318/2887/862 1326/2904/862 1327/2901/862
f 1317/2890/860 1316/2892/860 1324/2906/860 1325/2903/860
f 1314/2894/883 1315/2907/883 1323/2908/883 1322/2905/883
f 1304/2862/885 1303/2860/885 1319/2888/885 1320/2900/885
f 1310/2878/886 1311/2885/886 1327/2909/886 1326/2879/886
f 1305/2864/887 1304/2862/887 1320/2900/887 1321/2897/887
f 1311/2885/888 1312/2884/888 1328/2910/888 1327/2909/888
f 1299/2866/889 1305/2864/889 1321/2897/889 1315/2896/889
f 1312/2884/890 1313/2883/890 1329/2911/890 1328/2910/890
f 1298/2853/891 1299/2895/891 1315/2907/891 1314/2894/891
f 1313/2883/892 1307/2882/892 1323/2893/892 1329/2911/892
f 1332/2912/893 1339/2913/893 1341/2914/893 1333/2915/893
f 1333/2915/894 1341/2914/894 1342/2916/894 1334/2917/894
f 1334/2917/895 1342/2916/895 1343/2918/895 1335/2919/895
f 1335/2919/896 1343/2918/896 1344/2920/896 1336/2921/896
f 1336/2921/897 1344/2920/897 1345/2922/897 1337/2923/897
f 1337/2923/898 1345/2922/898 1346/2924/898 1338/2925/898
f 1338/2925/899 1346/2924/899 1340/2926/899 1331/2927/899
f 1330/2928/900 1338/2925/900 1331/2927/900
f 1330/2929/901 1337/2923/901 1338/2925/901
f 1330/2930/902 1336/2921/902 1337/2923/902
f 1330/2931/903 1335/2919/903 1336/2921/903
f 1330/2932/904 1334/2917/904 1335/2919/904
f 1330/2933/905 1333/2915/905 1334/2917/905
f 1330/2934/906 1332/2912/906 1333/2915/906
f 1330/2935/907 1331/2936/907 1332/2912/907
f 1350/2937/908 1351/2938/908 1367/2939/908 1366/2940/908
f 1347/2941/909 1348/2942/909 1354/2943/909 1353/2944/909 1352/2945/909 1351/2938/909 1350/2937/909 1349/2946/909
f 1344/2920/910 1343/2918/910 1359/2947/910 1360/2948/910
f 1349/2946/911 1350/2937/911 1366/2940/911 1365/2949/911
f 1343/2918/912 1342/2916/912 1358/2950/912 1359/2947/912
f 1347/2941/913 1349/2946/913 1365/2949/913 1363/2951/913
f 1342/2916/914 1341/2914/914 1357/2952/914 1358/2950/914
f 1348/2942/915 1347/2941/915 1363/2951/915 1364/2953/915
f 1341/2914/916 1339/2913/916 1355/2954/916 1357/2952/916
f 1331/2936/917 1340/2955/917 1339/2913/917 1332/2912/917
f 1356/2956/899 1362/2957/899 1370/2958/899 1364/2959/899
f 1361/2960/897 1360/2948/897 1368/2961/897 1369/2962/897
f 1359/2947/895 1358/2950/895 1366/2963/895 1367/2964/895
f 1357/2952/918 1355/2954/918 1363/2965/918 1365/2966/918
f 1362/2957/898 1361/2960/898 1369/2962/898 1370/2958/898
f 1360/2948/896 1359/2947/896 1367/2964/896 1368/2961/896
f 1358/2950/919 1357/2952/919 1365/2966/919 1366/2963/919
f 1355/2954/917 1356/2967/917 1364/2968/917 1363/2965/917
f 1345/2922/920 1344/2920/920 1360/2948/920 1361/2960/920
f 1351/2938/921 1352/2945/921 1368/2969/921 1367/2939/921
f 1346/2924/922 1345/2922/922 1361/2960/922 1362/2957/922
f 1352/2945/923 1353/2944/923 1369/2970/923 1368/2969/923
f 1340/2926/924 1346/2924/924 1362/2957/924 1356/2956/924
f 1353/2944/925 1354/2943/925 1370/2971/925 1369/2970/925
f 1339/2913/926 1340/2955/926 1356/2967/926 1355/2954/926
f 1354/2943/927 1348/2942/927 1364/2953/927 1370/2971/927
f 1373/2972/928 1380/2973/928 1382/2974/928 1374/2975/928
f 1374/2975/929 1382/2974/929 1383/2976/929 1375/2977/929
f 1375/2977/930 1383/2976/930 1384/2978/930 1376/2979/930
f 1376/2979/931 1384/2978/931 1385/2980/931 1377/2981/931
f 1377/2981/932 1385/2980/932 1386/2982/932 1378/2983/932
f 1378/2983/933 1386/2982/933 1387/2984/933 1379/2985/933
f 1379/2985/934 1387/2984/934 1381/2986/934 1372/2987/934
f 1371/2988/935 1379/2985/935 1372/2987/935
f 1371/2989/936 1378/2983/936 1379/2985/936
f 1371/2990/937 1377/2981/937 1378/2983/937
f 1371/2991/938 1376/2979/938 1377/2981/938
f 1371/2992/939 1375/2977/939 1376/2979/939
f 1371/2993/940 1374/2975/940 1375/2977/940
f 1371/2994/941 1373/2972/941 1374/2975/941
f 1371/2995/942 1372/2996/942 1373/2972/942
f 1391/2997/943 1392/2998/943 1408/2999/943 1407/3000/943
f 1388/3001/944 1389/3002/944 1395/3003/944 1394/3004/944 1393/3005/944 1392/2998/944 1391/2997/944 1390/3006/944
f 1385/2980/945 1384/2978/945 1400/3007/945 1401/3008/945
f 1390/3006/946 1391/2997/946 1407/3000/946 1406/3009/946
f 1384/2978/947 1383/2976/947 1399/3010/947 1400/3007/947
f 1388/3001/948 1390/3006/948 1406/3009/948 1404/3011/948
f 1383/2976/949 1382/2974/949 1398/3012/949 1399/3010/949
f 1389/3002/950 1388/3001/950 1404/3011/950 1405/3013/950
f 1382/2974/951 1380/2973/951 1396/3014/951 1398/3012/951
f 1372/2996/952 1381/3015/952 1380/2973/952 1373/2972/952
f 1397/3016/953 1403/3017/953 1411/3018/953 1405/3019/953
f 1402/3020/932 1401/3008/932 1409/3021/932 1410/3022/932
f 1400/3007/954 1399/3010/954 1407/3023/954 1408/3024/954
f 1398/3012/955 1396/3014/955 1404/3025/955 1406/3026/955
f 1403/3017/956 1402/3020/956 1410/3022/956 1411/3018/956
f 1401/3008/931 1400/3007/931 1408/3024/931 1409/3021/931
f 1399/3010/929 1398/3012/929 1406/3026/929 1407/3023/929
f 1396/3014/952 1397/3027/952 1405/3028/952 1404/3025/952
f 1386/2982/957 1385/2980/957 1401/3008/957 1402/3020/957
f 1392/2998/958 1393/3005/958 1409/3029/958 1408/2999/958
f 1387/2984/959 1386/2982/959 1402/3020/959 1403/3017/959
f 1393/3005/960 1394/3004/960 1410/3030/960 1409/3029/960
f 1381/2986/961 1387/2984/961 1403/3017/961 1397/3016/961
f 1394/3004/962 1395/3003/962 1411/3031/962 1410/3030/962
f 1380/2973/963 1381/3015/963 1397/3027/963 1396/3014/963
f 1395/3003/964 1389/3002/964 1405/3013/964 1411/3031/964
f 1438/3032/4 1439/3033/4 1441/3034/4 1470/3035/4 1459/3036/4 1460/3037/4 1461/3038/4 1457/3039/4 1440/3040/4
f 1470/3035/4 1441/3034/4 1440/3040/4 1457/3039/4 1467/3041/4 1468/3042/4 1469/3043/4
f 1440/3040/4 1441/3034/4 1540/3044/4 1543/3045/4 1527/3046/4 1522/3047/4 1511/3048/4
f 1530/3049/4 1528/3050/4 1531/3051/4 1533/3052/4
f 1535/3053/4 1526/3054/4 1502/3055/4 1520/3056/4
f 1528/3050/4 1513/3057/4 1509/3058/4 1512/3059/4 1529/3060/4 1571/3061/4 1515/3062/4 1492/3063/4 1484/3064/4 1477/3065/4 1568/3066/4 1567/3067/4 1565/3068/4 1566/3069/4 1569/3070/4 1578/3071/4 1580/3072/4 1579/3073/4 1570/3074/4 1524/3075/4 1471/3076/4 1456/3077/4 1505/3078/4 1498/3079/4 1574/3080/4 1572/3081/4 1558/3082/4 1554/3083/4 1530/3049/4 1533/3052/4 1537/3084/4 1539/3085/4 1536/3086/4 1534/3087/4 1532/3088/4 1475/3089/4 1462/3090/4 1453/3091/4 1502/3055/4 1526/3054/4 1538/3092/4 1540/3044/4 1441/3034/4 1437/3093/4 1436/3094/4 1440/3040/4 1511/3048/4 1521/3095/4 1535/3053/4 1520/3056/4 1519/3096/4 1496/3097/4 1488/3098/4 1481/3099/4 1517/3100/4 1516/3101/4 1510/3102/4 1514/3103/4 1531/3051/4
f 1534/3087/4 1517/3100/4 1481/3099/4 1532/3088/4
f 1570/3074/4 1568/3066/4 1477/3065/4 1524/3075/4
f 1498/3079/4 1571/3061/4 1529/3060/4 1574/3080/4
f 1610/3104/4 1442/3105/4 1443/3106/4 1611/3107/4
f 1598/3108/4 1602/3109/4 1603/3110/4 1597/3111/4
f 1439/3033/4 1525/3112/4 1507/3113/4 1441/3034/4
f 1439/3033/4 1442/3105/4 1610/3104/4 1609/3114/4 1605/3115/4 1606/3116/4 1602/3109/4 1598/3108/4 1600/3117/4 1596/3118/4 1594/3119/4 1595/3120/4 1633/3121/4 1629/3122/4 1599/3123/4 1597/3111/4 1603/3110/4 1607/3124/4 1604/3125/4 1608/3126/4 1611/3107/4 1443/3106/4 1441/3034/4 1507/3113/4 1493/3127/4 1490/3128/4 1486/3129/4 1478/3130/4 1590/3131/4 1585/3132/4 1581/3133/4 1575/3134/4 1561/3135/4 1556/3136/4 1551/3137/4 1548/3138/4 1601/3139/4 1472/3140/4 1465/3141/4 1452/3142/4 1541/3143/4 1525/3112/4
f 1472/3140/4 1601/3139/4 1590/3131/4 1478/3130/4
f 1447/3144/1 1448/3145/1 1449/3146/1 1444/3147/1 1637/3148/1 1612/3149/1 1613/3150/1 1615/3151/1 1620/3152/1
f 1637/3148/1 1444/3147/1 1447/3144/1 1620/3152/1 1625/3153/1 1627/3154/1 1630/3155/1
f 1479/3156/1 1485/3157/1 1494/3158/1 1518/3159/1 1500/3160/1 1584/3161/1 1588/3162/1 1592/3163/1 1544/3164/1 1547/3165/1 1632/3166/1 1636/3167/1 1639/3168/1 1616/3169/1 1618/3170/1 1482/3171/1 1489/3172/1 1497/3173/1 1523/3174/1 1504/3175/1 1563/3176/1 1573/3177/1 1587/3178/1 1444/3147/1 1445/3179/1 1446/3180/1 1447/3144/1 1553/3181/1 1559/3182/1 1564/3183/1 1503/3184/1 1454/3185/1 1464/3186/1 1476/3187/1 1483/3188/1 1640/3189/1 1622/3190/1 1624/3191/1 1628/3192/1 1634/3193/1 1593/3194/1 1555/3195/1 1560/3196/1 1576/3197/1 1583/3198/1 1499/3199/1 1506/3200/1 1458/3201/1 1473/3202/1 1480/3203/1 1648/3204/1 1647/3205/1 1649/3206/1 1646/3207/1 1644/3208/1 1642/3209/1 1641/3210/1 1643/3211/1 1645/3212/1
f 1500/3160/1 1499/3199/1 1583/3198/1 1584/3161/1
f 1480/3203/1 1479/3156/1 1645/3212/1 1648/3204/1
f 1483/3188/1 1482/3171/1 1618/3170/1 1640/3189/1
f 1553/3181/1 1447/3144/1 1444/3147/1 1587/3178/1 1545/3213/1 1546/3214/1 1550/3215/1
f 1547/3165/1 1593/3194/1 1634/3193/1 1632/3166/1
f 1504/3175/1 1503/3184/1 1564/3183/1 1563/3176/1
f 1448/3145/1 1447/3144/1 1501/3216/1 1508/3217/1
f 1501/3216/1 1447/3144/1 1450/3218/1 1656/3219/1 1654/3220/1 1659/3221/1 1652/3222/1 1651/3223/1 1623/3224/1 1626/3225/1 1631/3226/1 1635/3227/1 1638/3228/1 1614/3229/1 1617/3230/1 1621/3231/1 1619/3232/1 1650/3233/1 1653/3234/1 1658/3235/1 1655/3236/1 1657/3237/1 1451/3238/1 1448/3145/1 1508/3217/1 1542/3239/1 1455/3240/1 1466/3241/1 1463/3242/1 1591/3243/1 1549/3244/1 1552/3245/1 1557/3246/1 1562/3247/1 1577/3248/1 1582/3249/1 1586/3250/1 1589/3251/1 1474/3252/1 1487/3253/1 1491/3254/1 1495/3255/1
f 1474/3252/1 1589/3251/1 1591/3243/1 1463/3242/1
f 1656/3219/1 1450/3218/1 1451/3238/1 1657/3237/1
f 1623/3224/1 1651/3223/1 1650/3233/1 1619/3232/1
f 1442/3105/412 1439/3033/412 1448/3145/412 1451/3238/412
f 1438/3032/411 1440/3040/411 1444/3147/411 1449/3146/411
f 1440/3040/411 1436/3094/411 1445/3179/411 1444/3147/411
f 1441/3034/414 1443/3106/414 1450/3218/414 1447/3144/414
f 1443/3106/413 1442/3105/413 1451/3238/413 1450/3218/413
f 1437/3093/413 1441/3034/413 1447/3144/413 1446/3180/413
f 1439/3033/412 1438/3032/412 1449/3146/412 1448/3145/412
f 1436/3094/414 1437/3093/414 1446/3180/414 1445/3179/414
f 1653/3256/965 1606/3257/965 1605/3258/965 1658/3259/965
f 1655/3260/419 1609/3261/419 1610/3262/419 1656/3263/419 1657/3264/419
f 1610/3262/421 1611/3265/421 1608/3266/421 1654/3267/421 1656/3263/421
f 1604/3268/420 1607/3269/420 1652/3270/420 1659/3271/420
f 1607/3269/416 1603/3272/416 1650/3273/416 1651/3274/416 1652/3270/416
f 1658/3275/418 1605/3276/418 1609/3261/418 1655/3260/418
f 1650/3273/417 1603/3272/417 1602/3277/417 1606/3257/417 1653/3256/417
f 1608/3266/415 1604/3268/415 1659/3271/415 1654/3267/415
f 1643/3278/422 1567/3279/422 1568/3280/422 1570/3281/422 1645/3282/422
f 1647/3283/419 1579/3284/419 1580/3285/419 1649/3286/419
f 1580/3285/421 1578/3287/421 1646/3288/421 1649/3286/421
f 1569/3289/420 1566/3290/420 1642/3291/420 1644/3292/420
f 1566/3290/966 1565/3293/966 1641/3294/966 1642/3291/966
f 1645/3295/418 1570/3296/418 1579/3284/418 1647/3283/418 1648/3297/418
f 1641/3294/417 1565/3293/417 1567/3279/417 1643/3278/417
f 1578/3287/415 1569/3289/415 1644/3292/415 1646/3288/415
f 1518/3298/422 1515/3299/422 1571/3300/422 1498/3301/422 1500/3302/422
f 1506/3303/419 1505/3304/419 1456/3305/419 1458/3306/419
f 1458/3306/421 1456/3305/421 1471/3307/421 1473/3308/421
f 1477/3309/420 1484/3310/420 1485/3311/420 1479/3312/420 1480/3313/420
f 1485/3311/416 1484/3310/416 1492/3314/416 1494/3315/416
f 1500/3316/418 1498/3317/418 1505/3304/418 1506/3303/418 1499/3318/418
f 1515/3299/417 1518/3298/417 1494/3315/417 1492/3314/417
f 1471/3307/415 1524/3319/415 1477/3309/415 1480/3313/415 1473/3308/415
f 1544/3320/422 1513/3321/422 1528/3322/422 1547/3323/422
f 1558/3324/419 1560/3325/419 1555/3326/419 1554/3327/419
f 1560/3325/421 1558/3324/421 1572/3328/421 1576/3329/421
f 1574/3330/420 1529/3331/420 1512/3332/420 1588/3333/420 1584/3334/420 1583/3335/420
f 1512/3332/416 1509/3336/416 1592/3337/416 1588/3333/416
f 1547/3338/418 1528/3339/418 1530/3340/418 1554/3327/418 1555/3326/418 1593/3341/418
f 1592/3337/417 1509/3336/417 1513/3321/417 1544/3320/417
f 1572/3328/415 1574/3330/415 1583/3335/415 1576/3329/415
f 1616/3342/422 1516/3343/422 1517/3344/422 1534/3345/422 1618/3346/422
f 1622/3347/419 1536/3348/419 1539/3349/419 1624/3350/419
f 1539/3349/421 1537/3351/421 1628/3352/421 1624/3350/421
f 1531/3353/420 1514/3354/420 1636/3355/420 1632/3356/420 1634/3357/420
f 1514/3354/416 1510/3358/416 1639/3359/416 1636/3355/416
f 1618/3360/418 1534/3361/418 1536/3348/418 1622/3347/418 1640/3362/418
f 1639/3359/417 1510/3358/417 1516/3343/417 1616/3342/417
f 1537/3351/415 1533/3363/415 1531/3353/415 1634/3357/415 1628/3352/415
f 1523/3364/422 1519/3365/422 1520/3366/422 1502/3367/422 1504/3368/422
f 1462/3369/419 1464/3370/419 1454/3371/419 1453/3372/419
f 1464/3370/421 1462/3369/421 1475/3373/421 1476/3374/421
f 1481/3375/420 1488/3376/420 1489/3377/420 1482/3378/420 1483/3379/420
f 1489/3377/416 1488/3376/416 1496/3380/416 1497/3381/416
f 1504/3382/418 1502/3383/418 1453/3372/418 1454/3371/418 1503/3384/418
f 1519/3365/417 1523/3364/417 1497/3381/417 1496/3380/417
f 1475/3373/415 1532/3385/415 1481/3375/415 1483/3379/415 1476/3374/415
f 1545/3386/422 1522/3387/422 1527/3388/422 1546/3389/422
f 1550/3390/419 1543/3391/419 1540/3392/419 1553/3393/419
f 1540/3392/421 1538/3394/421 1559/3395/421 1553/3393/421
f 1535/3396/967 1521/3397/967 1573/3398/967 1563/3399/967 1564/3400/967
f 1521/3397/966 1511/3401/966 1587/3402/966 1573/3398/966
f 1546/3403/418 1527/3404/418 1543/3391/418 1550/3390/418
f 1587/3402/417 1511/3401/417 1522/3387/417 1545/3386/417
f 1538/3394/415 1526/3405/415 1535/3396/415 1564/3400/415 1559/3395/415
f 1612/3406/422 1461/3407/422 1460/3408/422 1613/3409/422
f 1615/3410/419 1459/3411/419 1470/3412/419 1620/3413/419
f 1470/3412/421 1469/3414/421 1625/3415/421 1620/3413/421
f 1468/3416/420 1467/3417/420 1630/3418/420 1627/3419/420
f 1467/3417/416 1457/3420/416 1637/3421/416 1630/3418/416
f 1613/3422/418 1460/3423/418 1459/3411/418 1615/3410/418
f 1637/3421/417 1457/3420/417 1461/3407/417 1612/3406/417
f 1469/3414/415 1468/3416/415 1627/3419/415 1625/3415/415
f 1452/3424/422 1455/3425/422 1542/3426/422 1541/3427/422
f 1472/3428/419 1474/3429/419 1463/3430/419 1466/3431/419 1465/3432/419
f 1474/3429/421 1472/3428/421 1478/3433/421 1486/3434/421 1487/3435/421
f 1490/3436/420 1493/3437/420 1495/3438/420 1491/3439/420
f 1501/3440/416 1495/3438/416 1493/3437/416 1507/3441/416 1508/3442/416
f 1455/3443/418 1452/3444/418 1465/3432/418 1466/3431/418
f 1541/3427/417 1542/3426/417 1508/3442/417 1507/3441/417 1525/3445/417
f 1486/3434/415 1490/3436/415 1491/3439/415 1487/3435/415
f 1551/3446/422 1552/3447/422 1549/3448/422 1548/3449/422
f 1561/3450/419 1562/3451/419 1557/3452/419 1556/3453/419
f 1562/3451/421 1561/3450/421 1575/3454/421 1577/3455/421
f 1581/3456/967 1585/3457/967 1586/3458/967 1582/3459/967
f 1589/3460/416 1586/3458/416 1585/3457/416 1590/3461/416 1591/3462/416
f 1556/3453/418 1557/3452/418 1552/3463/418 1551/3464/418
f 1591/3462/417 1590/3461/417 1601/3465/417 1548/3449/417 1549/3448/417
f 1575/3454/968 1581/3456/968 1582/3459/968 1577/3455/968
f 1614/3466/422 1594/3467/422 1596/3468/422 1617/3469/422
f 1621/3470/419 1600/3471/419 1598/3472/419 1623/3473/419 1619/3474/419
f 1598/3472/421 1597/3475/421 1599/3476/421 1626/3477/421 1623/3473/421
f 1629/3478/420 1633/3479/420 1635/3480/420 1631/3481/420
f 1633/3479/416 1595/3482/416 1638/3483/416 1635/3480/416
f 1617/3484/418 1596/3485/418 1600/3471/418 1621/3470/418
f 1638/3483/417 1595/3482/417 1594/3467/417 1614/3466/417
f 1599/3476/415 1629/3478/415 1631/3481/415 1626/3477/415
f 1669/3486/1 1683/3487/1 1682/3488/1 1661/3489/1
f 1676/1399/411 1680/1398/411 1683/3487/411 1669/3486/411
f 1679/1418/413 1677/1417/413 1661/3489/413 1682/3488/413
f 1693/3490/1 1707/3491/1 1706/3492/1 1685/3493/1
f 1700/1445/411 1704/1444/411 1707/3491/411 1693/3490/411
f 1703/1464/413 1701/1463/413 1685/3493/413 1706/3492/413
f 2042/3494/969 2043/3495/969 2041/3496/969 2040/3497/969
f 2044/3498/970 2045/3499/970 2035/3500/970 2034/3501/970
f 2038/3502/971 2039/3503/971 2045/3499/971 2044/3498/971
f 2036/3504/972 2037/3505/972 2043/3495/972 2042/3494/972
f 2221/3506/973 2045/3507/973 2039/3503/973 2185/3508/973 2184/3509/973 2183/3510/973 2182/3511/973 2181/3512/973 2180/3513/973 2179/3514/973 2178/3515/973 2177/3516/973 2176/3517/973 2175/3518/973 2174/3519/973 2173/3520/973 2172/3521/973 2171/3522/973 2170/3523/973 2169/3524/973 2168/3525/973 2167/3526/973 2166/3527/973 2165/3528/973 2164/3529/973 2163/3530/973 2162/3531/973 2161/3532/973 2160/3533/973 2159/3534/973 2158/3535/973 2157/3536/973 2156/3537/973 2155/3538/973 2154/3539/973 2153/3540/973 2152/3541/973 2151/3542/973 2150/3543/973 2041/3496/973 2043/3544/973 2186/3545/973 2187/3546/973 2188/3547/973 2189/3548/973 2190/3549/973 2191/3550/973 2192/3551/973 2193/3552/973 2194/3553/973 2195/3554/973 2196/3555/973 2197/3556/973 2198/3557/973 2199/3558/973 2200/3559/973 2201/3560/973 2202/3561/973 2203/3562/973 2204/3563/973 2205/3564/973 2206/3565/973 2207/3566/973 2208/3567/973 2209/3568/973 2210/3569/973 2211/3570/973 2212/3571/973 2213/3572/973 2214/3573/973 2215/3574/973 2216/3575/973 2217/3576/973 2218/3577/973 2219/3578/973 2220/3579/973
f 2115/3580/433 2037/3505/433 2036/3504/433 2046/3581/433 2047/3582/433 2048/3583/433 2049/3584/433 2050/3585/433 2051/3586/433 2052/3587/433 2053/3588/433 2054/3589/433 2055/3590/433 2056/3591/433 2057/3592/433 2256/3593/433 2058/3594/433 2059/3595/433 2060/3596/433 2061/3597/433 2062/3598/433 2063/3599/433 2064/3600/433 2065/3601/433 2066/3602/433 2067/3603/433 2068/3604/433 2069/3605/433 2070/3606/433 2071/3607/433 2072/3608/433 2073/3609/433 2074/3610/433 2075/3611/433 2076/3612/433 2077/3613/433 2078/3614/433 2079/3615/433 2034/3616/433 2035/3617/433 2080/3618/433 2081/3619/433 2082/3620/433 2083/3621/433 2084/3622/433 2085/3623/433 2086/3624/433 2087/3625/433 2088/3626/433 2089/3627/433 2090/3628/433 2091/3629/433 2092/3630/433 2093/3631/433 2094/3632/433 2095/3633/433 2096/3634/433 2097/3635/433 2098/3636/433 2099/3637/433 2100/3638/433 2101/3639/433 2102/3640/433 2103/3641/433 2104/3642/433 2105/3643/433 2106/3644/433 2107/3645/433 2108/3646/433 2109/3647/433 2110/3648/433 2111/3649/433 2112/3650/433 2113/3651/433 2114/3652/433
f 2185/3508/429 2039/3503/429 2038/3502/429 2116/3653/429 2117/3654/429 2118/3655/429 2119/3656/429 2120/3657/429 2121/3658/429 2122/3659/429 2123/3660/429 2124/3661/429 2125/3662/429 2126/3663/429 2127/3664/429 2128/3665/429 2129/3666/429 2130/3667/429 2131/3668/429 2132/3669/429 2133/3670/429 2134/3671/429 2135/3672/429 2136/3673/429 2137/3674/429 2257/3675/429 2138/3676/429 2139/3677/429 2140/3678/429 2141/3679/429 2142/3680/429 2143/3681/429 2144/3682/429 2145/3683/429 2146/3684/429 2147/3685/429 2148/3686/429 2149/3687/429 2040/3497/429 2041/3496/429 2150/3543/429 2151/3542/429 2152/3541/429 2153/3540/429 2154/3539/429 2155/3538/429 2156/3537/429 2157/3536/429 2158/3535/429 2159/3534/429 2160/3533/429 2161/3532/429 2162/3531/429 2163/3530/429 2164/3529/429 2165/3528/429 2166/3527/429 2167/3526/429 2168/3525/429 2169/3524/429 2170/3523/429 2171/3522/429 2172/3521/429 2173/3520/429 2174/3519/429 2175/3518/429 2176/3517/429 2177/3516/429 2178/3515/429 2179/3514/429 2180/3513/429 2181/3512/429 2182/3511/429 2183/3510/429 2184/3509/429
f 2080/3688/974 2035/3689/974 2045/3507/974 2221/3506/974 2220/3579/974 2219/3578/974 2218/3577/974 2217/3576/974 2216/3575/974 2215/3574/974 2214/3573/974 2213/3572/974 2212/3571/974 2211/3570/974 2210/3569/974 2209/3568/974 2208/3567/974 2207/3566/974 2206/3565/974 2205/3564/974 2204/3563/974 2203/3562/974 2202/3561/974 2201/3560/974 2200/3559/974 2199/3558/974 2198/3557/974 2197/3556/974 2196/3555/974 2195/3554/974 2194/3553/974 2193/3552/974 2192/3551/974 2191/3550/974 2190/3549/974 2189/3548/974 2188/3547/974 2187/3546/974 2186/3545/974 2043/3544/974 2037/3690/974 2115/3691/974 2114/3692/974 2113/3693/974 2112/3694/974 2111/3695/974 2110/3696/974 2109/3697/974 2108/3698/974 2107/3699/974 2106/3700/974 2105/3701/974 2104/3702/974 2103/3703/974 2102/3704/974 2101/3705/974 2100/3706/974 2099/3707/974 2098/3708/974 2097/3709/974 2096/3710/974 2095/3711/974 2094/3712/974 2093/3713/974 2092/3714/974 2091/3715/974 2090/3716/974 2089/3717/974 2088/3718/974 2087/3719/974 2086/3720/974 2085/3721/974 2084/3722/974 2083/3723/974 2082/3724/974 2081/3725/974
f 2259/3726/975 2260/3727/975 2262/3728/975 2261/3729/975
f 2261/3729/976 2262/3728/976 2264/3730/976 2263/3731/976
f 2263/3731/977 2264/3730/977 2266/3732/977 2265/3733/977
f 2265/3733/978 2266/3732/978 2268/3734/978 2267/3735/978
f 2267/3735/979 2268/3734/979 2270/3736/979 2269/3737/979
f 2269/3737/980 2270/3736/980 2272/3738/980 2271/3739/980
f 2265/3733/981 2267/3735/981 2283/3740/981 2281/3741/981
f 2271/3739/982 2272/3738/982 2274/3742/982 2273/3743/982
f 2273/3743/983 2274/3742/983 2260/3744/983 2259/3745/983
f 2272/3738/984 2270/3736/984 2286/3746/984 2288/3747/984
f 2277/3748/985 2278/3749/985 2290/3750/985 2288/3751/985 2286/3752/985 2284/3753/985 2282/3754/985 2280/3755/985
f 2275/3756/986 2276/3757/986 2279/3758/986 2281/3759/986 2283/3760/986 2285/3761/986 2287/3762/986 2289/3763/986
f 2268/3734/987 2266/3732/987 2282/3764/987 2284/3765/987
f 2261/3729/988 2263/3731/988 2279/3766/988 2276/3767/988
f 2271/3739/989 2273/3743/989 2289/3768/989 2287/3769/989
f 2264/3730/990 2262/3728/990 2277/3770/990 2280/3771/990
f 2274/3742/991 2272/3738/991 2288/3747/991 2290/3772/991
f 2267/3735/992 2269/3737/992 2285/3773/992 2283/3740/992
f 2270/3736/993 2268/3734/993 2284/3765/993 2286/3746/993
f 2263/3731/994 2265/3733/994 2281/3741/994 2279/3766/994
f 2273/3743/995 2259/3745/995 2275/3774/995 2289/3768/995
f 2259/3726/996 2261/3729/996 2276/3767/996 2275/3775/996
f 2266/3732/997 2264/3730/997 2280/3771/997 2282/3764/997
f 2260/3744/998 2274/3742/998 2290/3772/998 2278/3776/998
f 2262/3728/999 2260/3727/999 2278/3777/999 2277/3770/999
f 2269/3737/1000 2271/3739/1000 2287/3769/1000 2285/3773/1000
f 2319/3778/975 2320/3779/975 2322/3780/975 2321/3781/975
f 2321/3781/1001 2322/3780/1001 2324/3782/1001 2323/3783/1001
f 2323/3783/977 2324/3782/977 2326/3784/977 2325/3785/977
f 2325/3785/978 2326/3784/978 2328/3786/978 2327/3787/978
f 2327/3787/979 2328/3786/979 2330/3788/979 2329/3789/979
f 2329/3789/1002 2330/3788/1002 2332/3790/1002 2331/3791/1002
f 2325/3785/981 2327/3787/981 2343/3792/981 2341/3793/981
f 2331/3791/982 2332/3790/982 2334/3794/982 2333/3795/982
f 2333/3795/983 2334/3794/983 2320/3796/983 2319/3797/983
f 2332/3790/984 2330/3788/984 2346/3798/984 2348/3799/984
f 2337/3800/985 2338/3801/985 2350/3802/985 2348/3803/985 2346/3804/985 2344/3805/985 2342/3806/985 2340/3807/985
f 2335/3808/986 2336/3809/986 2339/3810/986 2341/3811/986 2343/3812/986 2345/3813/986 2347/3814/986 2349/3815/986
f 2328/3786/987 2326/3784/987 2342/3816/987 2344/3817/987
f 2321/3781/988 2323/3783/988 2339/3818/988 2336/3819/988
f 2331/3791/989 2333/3795/989 2349/3820/989 2347/3821/989
f 2324/3782/1003 2322/3780/1003 2337/3822/1003 2340/3823/1003
f 2334/3794/991 2332/3790/991 2348/3799/991 2350/3824/991
f 2327/3787/992 2329/3789/992 2345/3825/992 2343/3792/992
f 2330/3788/993 2328/3786/993 2344/3817/993 2346/3798/993
f 2323/3783/1004 2325/3785/1004 2341/3793/1004 2339/3818/1004
f 2333/3795/995 2319/3797/995 2335/3826/995 2349/3820/995
f 2319/3778/996 2321/3781/996 2336/3819/996 2335/3827/996
f 2326/3784/997 2324/3782/997 2340/3823/997 2342/3816/997
f 2320/3796/998 2334/3794/998 2350/3824/998 2338/3828/998
f 2322/3780/999 2320/3779/999 2338/3829/999 2337/3822/999
f 2329/3789/1000 2331/3791/1000 2347/3821/1000 2345/3825/1000
f 3371/3830/1005 3339/3831/1005 3342/3832/1005 3374/3833/1005
f 3374/3833/1006 3342/3832/1006 3346/3834/1006 3382/3835/1006
f 3378/3836/1007 3350/3837/1007 3339/3838/1007 3371/3839/1007
f 3351/3840/1008 3363/3841/1008 3354/3842/1008 3338/3843/1008
f 3382/3835/1009 3346/3834/1009 3350/3837/1009 3378/3836/1009
f 3347/3844/1010 3367/3845/1010 3363/3841/1010 3351/3840/1010
f 3366/3846/1 3358/3847/1 3355/3848/1 3362/3849/1
f 3351/3840/1011 3338/3843/1011 3340/3850/1011 3353/3851/1011
f 3353/3851/1012 3340/3850/1012 3341/3852/1012 3352/3853/1012
f 3352/3853/1013 3341/3852/1013 3339/3838/1013 3350/3837/1013
f 3347/3844/1014 3351/3840/1014 3353/3851/1014 3349/3854/1014
f 3349/3854/1015 3353/3851/1015 3352/3853/1015 3348/3855/1015
f 3348/3855/1016 3352/3853/1016 3350/3837/1016 3346/3834/1016
f 3343/3856/1017 3347/3844/1017 3349/3854/1017 3345/3857/1017
f 3345/3857/1018 3349/3854/1018 3348/3855/1018 3344/3858/1018
f 3344/3858/1019 3348/3855/1019 3346/3834/1019 3342/3832/1019
f 3338/3859/1020 3343/3856/1020 3345/3857/1020 3340/3860/1020
f 3340/3860/1021 3345/3857/1021 3344/3858/1021 3341/3861/1021
f 3341/3861/1022 3344/3858/1022 3342/3832/1022 3339/3831/1022
f 3343/3856/1023 3359/3862/1023 3367/3845/1023 3347/3844/1023
f 3355/3848/1024 3358/3847/1024 3360/3863/1024 3357/3864/1024
f 3357/3864/1025 3360/3863/1025 3361/3865/1025 3356/3866/1025
f 3356/3867/1026 3361/3868/1026 3359/3862/1026 3354/3869/1026
f 3358/3847/1027 3366/3846/1027 3368/3870/1027 3360/3863/1027
f 3360/3863/1028 3368/3870/1028 3369/3871/1028 3361/3872/1028
f 3361/3873/1029 3369/3874/1029 3367/3845/1029 3359/3862/1029
f 3366/3846/1030 3362/3849/1030 3364/3875/1030 3368/3870/1030
f 3368/3870/1031 3364/3875/1031 3365/3876/1031 3369/3877/1031
f 3369/3877/1032 3365/3876/1032 3363/3841/1032 3367/3845/1032
f 3362/3849/1033 3355/3848/1033 3357/3864/1033 3364/3875/1033
f 3364/3875/1034 3357/3864/1034 3356/3878/1034 3365/3879/1034
f 3365/3880/1035 3356/3881/1035 3354/3842/1035 3363/3841/1035
f 3338/3859/1036 3354/3869/1036 3359/3862/1036 3343/3856/1036
f 3375/3882/1037 3370/3883/1037 3372/3884/1037 3377/3885/1037
f 3377/3885/1038 3372/3884/1038 3373/3886/1038 3376/3887/1038
f 3376/3888/1039 3373/3889/1039 3371/3830/1039 3374/3833/1039
f 3383/3890/1040 3375/3882/1040 3377/3885/1040 3385/3891/1040
f 3385/3891/1041 3377/3885/1041 3376/3892/1041 3384/3893/1041
f 3384/3894/1042 3376/3895/1042 3374/3833/1042 3382/3835/1042
f 3379/3896/1043 3383/3890/1043 3385/3891/1043 3381/3897/1043
f 3381/3897/1044 3385/3891/1044 3384/3898/1044 3380/3899/1044
f 3380/3899/1045 3384/3898/1045 3382/3835/1045 3378/3836/1045
f 3370/3883/1046 3379/3896/1046 3381/3897/1046 3372/3884/1046
f 3372/3884/1047 3381/3897/1047 3380/3900/1047 3373/3901/1047
f 3373/3902/1048 3380/3903/1048 3378/3836/1048 3371/3839/1048
f 3375/3882/4 3383/3890/4 3379/3896/4 3370/3883/4
f 4192/2193/1049 4190/2192/1049 4191/3904/1049 4208/3905/1049
f 4189/2210/1050 4201/2214/1050 4202/3906/1050 4207/3907/1050
f 4207/3907/1 4202/3906/1 4208/3905/1 4191/3904/1
f 4221/3908/4 4210/3909/4 4209/3910/4 4211/3911/4 4212/3912/4 4222/3913/4 4223/3914/4 4219/3915/4 4217/3916/4 4218/3917/4 4224/3918/4
f 4222/3913/4 4212/3912/4 4210/3909/4 4221/3908/4 4220/3919/4
f 4215/3920/1 4216/3921/1 4230/3922/1 4228/3923/1 4229/3924/1
f 4230/3922/1 4216/3921/1 4213/3925/1 4214/3926/1 4215/3920/1 4229/3924/1 4232/3927/1 4226/3928/1 4225/3929/1 4227/3930/1 4231/3931/1
f 4211/3911/582 4209/3910/582 4214/3926/582 4213/3925/582
f 4212/3912/583 4211/3911/583 4213/3925/583 4216/3921/583
f 4209/3910/585 4210/3909/585 4215/3920/585 4214/3926/585
f 4210/3909/584 4212/3912/584 4216/3921/584 4215/3920/584
f 4259/3932/1051 4258/3933/1051 4274/3934/1051 4275/3935/1051
f 4264/3936/1052 4263/3937/1052 4279/3938/1052 4280/3939/1052
f 4262/3940/1053 4261/3941/1053 4277/3942/1053 4278/3943/1053
f 4260/3944/1054 4259/3932/1054 4275/3935/1054 4276/3945/1054
f 4258/3933/1055 4257/3946/1055 4267/3947/1055 4274/3934/1055
f 4257/3948/1056 4264/3936/1056 4280/3939/1056 4267/3949/1056
f 4263/3937/1057 4262/3940/1057 4278/3943/1057 4279/3938/1057
f 4261/3941/1058 4260/3944/1058 4276/3945/1058 4277/3942/1058
f 4281/3950/10 4264/3936/10 4257/3948/10 4283/3951/10 4282/3952/10
f 4284/3953/11 4263/3937/11 4264/3936/11 4281/3950/11 4285/3954/11
f 4286/3955/21 4262/3940/21 4263/3937/21 4284/3953/21 4287/3956/21
f 4288/3957/20 4289/3958/20 4261/3941/20 4262/3940/20 4286/3955/20
f 4260/3944/18 4261/3941/18 4289/3958/18 4290/3959/18
f 4291/3960/19 4259/3932/19 4260/3944/19 4290/3959/19 4292/3961/19
f 4293/3962/8 4258/3933/8 4259/3932/8 4291/3960/8 4294/3963/8
f 4283/3964/16 4257/3946/16 4258/3933/16 4293/3962/16
f 4267/3947/1059 4266/3965/1059 4265/3966/1059 4274/3934/1059
f 4274/3934/1060 4265/3966/1060 4268/3967/1060 4275/3935/1060
f 4275/3935/1061 4268/3967/1061 4269/3968/1061 4276/3945/1061
f 4276/3945/1062 4269/3968/1062 4270/3969/1062 4277/3942/1062
f 4277/3942/1063 4270/3969/1063 4271/3970/1063 4278/3943/1063
f 4278/3943/1064 4271/3970/1064 4272/3971/1064 4279/3938/1064
f 4272/3972/6 4271/3973/6 4270/3974/6 4269/3975/6 4268/3976/6 4265/3977/6 4266/3978/6 4273/3979/6
f 4279/3938/1065 4272/3971/1065 4273/3980/1065 4280/3939/1065
f 4280/3939/1066 4273/3980/1066 4266/3981/1066 4267/3949/1066
f 4282/3982/31 4288/3983/31 4286/3984/31 4287/3985/31 4285/3986/31 4281/3987/31
f 4284/3988/30 4285/3986/30 4287/3985/30
f 4292/3989/25 4294/3990/25 4291/3991/25
f 4289/3992/24 4288/3993/24 4282/3994/24 4283/3995/24 4293/3996/24 4294/3990/24 4292/3989/24 4290/3997/24
f 4297/3998/6 4298/3999/6 4304/4000/6 4306/4001/6 4307/4002/6 4308/4003/6 4305/4004/6 4299/4005/6 4301/4006/6 4302/4007/6 4303/4008/6 4300/4009/6
f 4319/4010/6 4321/4011/6 4322/4012/6 4323/4013/6 4320/4014/6 4324/4015/6 4326/4016/6 4327/4017/6 4328/4018/6 4325/4019/6 4298/3999/6 4297/3998/6
f 4296/4020/1 4315/4021/1 4304/4022/1 4298/4023/1
f 4329/4024/3 4335/4025/3 4324/4015/3 4320/4014/3
f 4309/4026/2 4311/4027/2 4312/4028/2 4313/4029/2 4310/4030/2 4314/4031/2 4316/4032/2 4317/4033/2 4318/4034/2 4315/4035/2 4296/4036/2 4295/4037/2
f 4295/4037/2 4296/4036/2 4334/4038/2 4336/4039/2 4337/4040/2 4338/4041/2 4335/4025/2 4329/4024/2 4331/4042/2 4332/4043/2 4333/4044/2 4330/4045/2
f 4299/4046/5 4305/4047/5 4314/4031/5 4310/4030/5
f 4334/4048/1 4296/4020/1 4298/4023/1 4325/4049/1
f 4295/4050/1067 4330/4051/1067 4319/4052/1067 4297/4053/1067
f 4309/4054/1068 4300/4055/1068 4303/4056/1068 4311/4057/1068
f 4311/4057/1069 4303/4056/1069 4302/4058/1069 4312/4059/1069
f 4312/4060/1070 4302/4061/1070 4301/4062/1070 4313/4063/1070
f 4313/4063/1071 4301/4062/1071 4299/4046/1071 4310/4030/1071
f 4304/4022/1072 4315/4021/1072 4318/4064/1072 4306/4065/1072
f 4306/4065/1073 4318/4064/1073 4317/4066/1073 4307/4067/1073
f 4307/4068/1074 4317/4069/1074 4316/4070/1074 4308/4071/1074
f 4308/4071/1075 4316/4070/1075 4314/4031/1075 4305/4047/1075
f 4319/4052/1076 4330/4051/1076 4333/4072/1076 4321/4073/1076
f 4321/4073/1077 4333/4072/1077 4332/4074/1077 4322/4075/1077
f 4322/4075/1078 4332/4074/1078 4331/4076/1078 4323/4077/1078
f 4323/4077/1079 4331/4076/1079 4329/4024/1079 4320/4014/1079
f 4334/4048/1080 4325/4049/1080 4328/4078/1080 4336/4079/1080
f 4336/4079/1081 4328/4078/1081 4327/4080/1081 4337/4081/1081
f 4337/4081/1082 4327/4080/1082 4326/4082/1082 4338/4083/1082
f 4338/4083/1083 4326/4082/1083 4324/4015/1083 4335/4025/1083
f 4309/4054/1084 4295/4050/1084 4297/4053/1084 4300/4055/1084
f 4349/4084/1085 4348/4085/1085 4364/4086/1085 4365/4087/1085
f 4354/4088/1086 4353/4089/1086 4369/4090/1086 4370/4091/1086
f 4352/4092/1087 4351/4093/1087 4367/4094/1087 4368/4095/1087
f 4350/4096/1088 4349/4084/1088 4365/4087/1088 4366/4097/1088
f 4348/4085/1089 4347/4098/1089 4357/4099/1089 4364/4086/1089
f 4347/4100/1090 4354/4088/1090 4370/4091/1090 4357/4101/1090
f 4353/4089/1091 4352/4092/1091 4368/4095/1091 4369/4090/1091
f 4351/4093/1092 4350/4096/1092 4366/4097/1092 4367/4094/1092
f 4346/4102/1 4345/4103/1 4344/4104/1 4343/4105/1 4342/4106/1 4341/4107/1 4340/4108/1 4339/4109/1
f 4377/4110/27 4354/4088/27 4347/4100/27 4378/4111/27
f 4376/4112/26 4353/4089/26 4354/4088/26 4377/4110/26
f 4375/4113/25 4352/4092/25 4353/4089/25 4376/4112/25
f 4371/4114/24 4351/4093/24 4352/4092/24 4375/4113/24
f 4372/4115/31 4350/4096/31 4351/4093/31 4371/4114/31
f 4373/4116/30 4349/4084/30 4350/4096/30 4372/4115/30
f 4374/4117/29 4348/4085/29 4349/4084/29 4373/4116/29
f 4378/4118/28 4347/4098/28 4348/4085/28 4374/4117/28
f 4357/4099/1093 4356/4119/1093 4355/4120/1093 4364/4086/1093
f 4364/4086/1094 4355/4120/1094 4358/4121/1094 4365/4087/1094
f 4365/4087/1095 4358/4121/1095 4359/4122/1095 4366/4097/1095
f 4366/4097/1096 4359/4122/1096 4360/4123/1096 4367/4094/1096
f 4367/4094/1097 4360/4123/1097 4361/4124/1097 4368/4095/1097
f 4368/4095/1098 4361/4124/1098 4362/4125/1098 4369/4090/1098
f 4355/4126/4 4356/4127/4 4363/4128/4 4362/4129/4 4361/4130/4 4360/4131/4 4359/4132/4 4358/4133/4
f 4369/4090/1099 4362/4125/1099 4363/4134/1099 4370/4091/1099
f 4370/4091/1100 4363/4134/1100 4356/4135/1100 4357/4101/1100
f 4376/4112/1101 4377/4110/1101 4393/4136/1101 4391/4137/1101
f 4340/4108/1102 4341/4107/1102 4388/4138/1102 4390/4139/1102
f 4344/4104/1103 4345/4103/1103 4385/4140/1103 4383/4141/1103
f 4375/4113/1104 4376/4112/1104 4391/4137/1104 4389/4142/1104
f 4371/4114/1105 4375/4113/1105 4389/4142/1105 4379/4143/1105
f 4345/4103/1106 4346/4102/1106 4387/4144/1106 4385/4140/1106
f 4341/4107/1107 4342/4106/1107 4380/4145/1107 4388/4138/1107
f 4372/4115/1108 4371/4114/1108 4379/4143/1108 4382/4146/1108
f 4387/4147/28 4394/4148/28 4386/4149/28 4385/4150/28
f 4385/4150/29 4386/4149/29 4384/4151/29 4383/4152/29
f 4383/4152/30 4384/4151/30 4382/4146/30 4381/4153/30
f 4381/4153/31 4382/4146/31 4379/4143/31 4380/4154/31
f 4380/4154/24 4379/4143/24 4389/4142/24 4388/4155/24
f 4388/4155/25 4389/4142/25 4391/4137/25 4390/4156/25
f 4390/4156/26 4391/4137/26 4393/4136/26 4392/4157/26
f 4392/4157/27 4393/4136/27 4394/4158/27 4387/4159/27
f 4343/4105/1109 4344/4104/1109 4383/4141/1109 4381/4160/1109
f 4377/4110/1110 4378/4111/1110 4394/4158/1110 4393/4136/1110
f 4339/4109/1111 4340/4108/1111 4390/4139/1111 4392/4161/1111
f 4378/4118/1112 4374/4117/1112 4386/4149/1112 4394/4148/1112
f 4342/4106/1113 4343/4105/1113 4381/4160/1113 4380/4145/1113
f 4374/4117/1114 4373/4116/1114 4384/4151/1114 4386/4149/1114
f 4346/4102/1115 4339/4109/1115 4392/4161/1115 4387/4144/1115
f 4373/4116/1116 4372/4115/1116 4382/4146/1116 4384/4151/1116
f 4459/4162/20 4461/4163/20 4462/4164/20 4460/4165/20
f 4461/4163/21 4463/4166/21 4464/4167/21 4462/4164/21
f 4463/4166/11 4465/4168/11 4466/4169/11 4464/4167/11
f 4465/4168/10 4467/4170/10 4468/4171/10 4466/4169/10
f 4467/4170/16 4469/4172/16 4470/4173/16 4468/4171/16
f 4469/4172/8 4471/4174/8 4472/4175/8 4470/4173/8
f 4468/4171/1117 4479/4176/1117 4478/4177/1117 4466/4169/1117
f 4471/4174/19 4473/4178/19 4474/4179/19 4472/4175/19
f 4473/4178/18 4459/4180/18 4460/4181/18 4474/4179/18
f 4459/4182/6 4473/4183/6 4471/4184/6 4469/4185/6 4467/4186/6 4465/4187/6 4463/4188/6 4461/4189/6
f 4475/4190/2 4477/4191/2 4478/4192/2 4479/4193/2 4480/4194/2 4481/4195/2 4482/4196/2 4476/4197/2
f 4474/4179/1118 4482/4198/1118 4481/4199/1118 4472/4175/1118
f 4464/4167/1119 4477/4200/1119 4475/4201/1119 4462/4164/1119
f 4470/4173/1120 4480/4202/1120 4479/4176/1120 4468/4171/1120
f 4460/4181/1121 4476/4203/1121 4482/4198/1121 4474/4179/1121
f 4462/4164/1122 4475/4201/1122 4476/4204/1122 4460/4165/1122
f 4466/4169/1123 4478/4177/1123 4477/4200/1123 4464/4167/1123
f 4472/4175/1124 4481/4199/1124 4480/4202/1124 4470/4173/1124
f 4483/4205/20 4485/4206/20 4486/4207/20 4484/4208/20
f 4485/4206/21 4487/4209/21 4488/4210/21 4486/4207/21
f 4487/4209/11 4489/4211/11 4490/4212/11 4488/4210/11
f 4489/4211/10 4491/4213/10 4492/4214/10 4490/4212/10
f 4491/4213/16 4493/4215/16 4494/4216/16 4492/4214/16
f 4493/4215/8 4495/4217/8 4496/4218/8 4494/4216/8
f 4492/4214/1117 4503/4219/1117 4502/4220/1117 4490/4212/1117
f 4495/4217/19 4497/4221/19 4498/4222/19 4496/4218/19
f 4497/4221/18 4483/4223/18 4484/4224/18 4498/4222/18
f 4483/4225/6 4497/4226/6 4495/4227/6 4493/4228/6 4491/4229/6 4489/4230/6 4487/4231/6 4485/4232/6
f 4499/4233/2 4501/4234/2 4502/4235/2 4503/4236/2 4504/4237/2 4505/4238/2 4506/4239/2 4500/4240/2
f 4498/4222/1125 4506/4241/1125 4505/4242/1125 4496/4218/1125
f 4488/4210/1126 4501/4243/1126 4499/4244/1126 4486/4207/1126
f 4494/4216/1120 4504/4245/1120 4503/4219/1120 4492/4214/1120
f 4484/4224/1121 4500/4246/1121 4506/4241/1121 4498/4222/1121
f 4486/4207/1122 4499/4244/1122 4500/4247/1122 4484/4208/1122
f 4490/4212/1127 4502/4220/1127 4501/4243/1127 4488/4210/1127
f 4496/4218/1128 4505/4242/1128 4504/4245/1128 4494/4216/1128
usemtl SharpMetal
f 471/2425/1129 479/4248/1129 342/4249/1129 385/2426/1129
f 506/2423/1130 498/4250/1130 341/4251/1130 387/2424/1130
f 458/2490/1131 479/4252/1131 449/4253/1131 435/2491/1131
f 490/2486/1132 498/4254/1132 449/4255/1132 436/2487/1132
f 386/2521/1133 342/4256/1133 479/4252/1133 458/2490/1133
f 436/2487/1134 449/4255/1134 479/4248/1134 471/2425/1134
f 388/2539/1135 341/4257/1135 498/4254/1135 490/2486/1135
f 435/2491/1136 449/4253/1136 498/4250/1136 506/2423/1136
f 987/4258/1137 984/4259/1137 968/2585/1137 972/2584/1137
f 974/2601/1138 985/4260/1138 971/2582/1138 949/2581/1138
f 982/4261/1139 969/2587/1139 970/2586/1139 983/4262/1139
f 983/4262/1140 970/2586/1140 968/2585/1140 984/4259/1140
f 985/4260/1141 966/2593/1141 967/2592/1141 986/4263/1141
f 986/4263/1142 967/2592/1142 965/2591/1142 987/4258/1142
f 982/4261/1143 975/2576/1143 948/2580/1143 969/2587/1143
f 962/2588/1144 946/2577/1144 975/2576/1144 982/4261/1144
f 973/2583/1145 986/4263/1145 987/4258/1145 972/2584/1145
f 971/2582/1146 985/4260/1146 986/4263/1146 973/2583/1146
f 964/2589/1147 983/4262/1147 984/4259/1147 963/2590/1147
f 962/2588/1148 982/4261/1148 983/4262/1148 964/2589/1148
f 947/2594/1149 966/2593/1149 985/4260/1149 974/2601/1149
f 965/2591/1150 963/2590/1150 984/4259/1150 987/4258/1150
f 2255/4264/1151 2116/3653/1151 2038/3502/1151 2044/4265/1151
f 2079/4266/1152 2255/4264/1152 2044/4265/1152 2034/4267/1152
f 2036/4268/1153 2042/4269/1153 2222/4270/1153 2046/4271/1153
f 2046/4271/1152 2222/4270/1152 2223/4272/1152 2047/4273/1152
f 2047/4273/1153 2223/4272/1153 2224/4274/1153 2048/4275/1153
f 2048/4275/1152 2224/4274/1152 2225/4276/1152 2049/4277/1152
f 2049/4277/1153 2225/4276/1153 2226/4278/1153 2050/4279/1153
f 2050/4279/1152 2226/4278/1152 2227/4280/1152 2051/4281/1152
f 2051/4281/1153 2227/4280/1153 2228/4282/1153 2052/4283/1153
f 2052/4283/1152 2228/4282/1152 2229/4284/1152 2053/4285/1152
f 2053/4285/1153 2229/4284/1153 2230/4286/1153 2054/4287/1153
f 2054/4287/1152 2230/4286/1152 2231/4288/1152 2055/4289/1152
f 2055/4289/1153 2231/4288/1153 2232/4290/1153 2056/4291/1153
f 2056/4291/1154 2232/4290/1154 2233/4292/1154 2057/4293/1154
f 2257/3675/1155 2258/4294/1155 2233/4292/1155 2138/3676/1155
f 2137/3674/1156 2234/4295/1156 2258/4294/1156 2257/3675/1156
f 2058/4296/1157 2234/4295/1157 2235/4297/1157 2059/4298/1157
f 2059/4298/1152 2235/4297/1152 2236/4299/1152 2060/4300/1152
f 2060/4300/1153 2236/4299/1153 2237/4301/1153 2061/4302/1153
f 2061/4302/1152 2237/4301/1152 2238/4303/1152 2062/4304/1152
f 2062/4304/1153 2238/4303/1153 2239/4305/1153 2063/4306/1153
f 2063/4306/1152 2239/4305/1152 2240/4307/1152 2064/4308/1152
f 2064/4308/1153 2240/4307/1153 2241/4309/1153 2065/4310/1153
f 2065/4310/1152 2241/4309/1152 2242/4311/1152 2066/4312/1152
f 2066/4312/1153 2242/4311/1153 2243/4313/1153 2067/4314/1153
f 2067/4314/1152 2243/4313/1152 2244/4315/1152 2068/4316/1152
f 2068/4316/1153 2244/4315/1153 2245/4317/1153 2069/4318/1153
f 2069/4318/1152 2245/4317/1152 2246/4319/1152 2070/4320/1152
f 2070/4320/1153 2246/4319/1153 2247/4321/1153 2071/4322/1153
f 2071/4322/1152 2247/4321/1152 2248/4323/1152 2072/4324/1152
f 2072/4324/1153 2248/4323/1153 2249/4325/1153 2073/4326/1153
f 2073/4326/1152 2249/4325/1152 2250/4327/1152 2074/4328/1152
f 2074/4328/1153 2250/4327/1153 2251/4329/1153 2075/4330/1153
f 2075/4330/1152 2251/4329/1152 2252/4331/1152 2076/4332/1152
f 2076/4332/1153 2252/4331/1153 2253/4333/1153 2077/4334/1153
f 2077/4334/1152 2253/4333/1152 2254/4335/1152 2078/4336/1152
f 2078/4336/1153 2254/4335/1153 2255/4264/1153 2079/4266/1153
f 2042/4269/1158 2040/3497/1158 2149/3687/1158 2222/4270/1158
f 2222/4270/1151 2149/3687/1151 2148/3686/1151 2223/4272/1151
f 2223/4272/1158 2148/3686/1158 2147/3685/1158 2224/4274/1158
f 2224/4274/1151 2147/3685/1151 2146/3684/1151 2225/4276/1151
f 2225/4276/1158 2146/3684/1158 2145/3683/1158 2226/4278/1158
f 2226/4278/1151 2145/3683/1151 2144/3682/1151 2227/4280/1151
f 2227/4280/1158 2144/3682/1158 2143/3681/1158 2228/4282/1158
f 2228/4282/1151 2143/3681/1151 2142/3680/1151 2229/4284/1151
f 2229/4284/1158 2142/3680/1158 2141/3679/1158 2230/4286/1158
f 2230/4286/1151 2141/3679/1151 2140/3678/1151 2231/4288/1151
f 2231/4288/1158 2140/3678/1158 2139/3677/1158 2232/4290/1158
f 2232/4290/1159 2139/3677/1159 2138/3676/1159 2233/4292/1159
f 2233/4292/1160 2258/4294/1160 2256/4337/1160 2057/4293/1160
f 2234/4295/1161 2137/3674/1161 2136/3673/1161 2235/4297/1161
f 2235/4297/1151 2136/3673/1151 2135/3672/1151 2236/4299/1151
f 2236/4299/1158 2135/3672/1158 2134/3671/1158 2237/4301/1158
f 2237/4301/1151 2134/3671/1151 2133/3670/1151 2238/4303/1151
f 2238/4303/1158 2133/3670/1158 2132/3669/1158 2239/4305/1158
f 2239/4305/1151 2132/3669/1151 2131/3668/1151 2240/4307/1151
f 2240/4307/1158 2131/3668/1158 2130/3667/1158 2241/4309/1158
f 2241/4309/1151 2130/3667/1151 2129/3666/1151 2242/4311/1151
f 2242/4311/1158 2129/3666/1158 2128/3665/1158 2243/4313/1158
f 2243/4313/1151 2128/3665/1151 2127/3664/1151 2244/4315/1151
f 2244/4315/1158 2127/3664/1158 2126/3663/1158 2245/4317/1158
f 2245/4317/1151 2126/3663/1151 2125/3662/1151 2246/4319/1151
f 2246/4319/1158 2125/3662/1158 2124/3661/1158 2247/4321/1158
f 2247/4321/1151 2124/3661/1151 2123/3660/1151 2248/4323/1151
f 2248/4323/1158 2123/3660/1158 2122/3659/1158 2249/4325/1158
f 2249/4325/1151 2122/3659/1151 2121/3658/1151 2250/4327/1151
f 2250/4327/1158 2121/3658/1158 2120/3657/1158 2251/4329/1158
f 2251/4329/1151 2120/3657/1151 2119/3656/1151 2252/4331/1151
f 2252/4331/1158 2119/3656/1158 2118/3655/1158 2253/4333/1158
f 2253/4333/1151 2118/3655/1151 2117/3654/1151 2254/4335/1151
f 2254/4335/1158 2117/3654/1158 2116/3653/1158 2255/4264/1158
f 2258/4294/1162 2234/4295/1162 2058/4296/1162 2256/4337/1162
usemtl Blueprint1
f 1412/4338/1 1413/4339/1 1415/4340/1 1414/4341/1
usemtl Blueprint2
f 1416/4342/1 1417/4343/1 1419/4344/1 1418/4345/1
usemtl Text
f 1420/4346/1 1421/4347/1 1423/4348/1 1422/4349/1
usemtl Text2
f 1424/4350/1 1425/4351/1 1427/4352/1 1426/4353/1
usemtl Outside
f 2358/4354/1163 2374/4355/1163 2375/4356/1163 2366/4357/1163
f 2374/4358/1164 2383/4359/1164 2389/4360/1164 2387/4361/1164
f 2375/4362/1165 2367/4363/1165 2351/4364/1165 2362/4365/1165
f 2366/4366/1166 2375/4367/1166 2362/4368/1166 2354/4369/1166
f 2357/4370/1167 2369/4371/1167 2494/4372/1167 2492/4373/1167
f 2370/4374/1168 2358/4375/1168 2438/4376/1168 2440/4377/1168
f 2376/4378/1169 2366/4379/1169 2354/4380/1169 2359/4381/1169
f 2365/4382/1170 2376/4383/1170 2359/4384/1170 2353/4385/1170
f 2364/4386/1171 2356/4387/1171 2414/4388/1171 2415/4389/1171
f 2372/4390/1172 2357/4391/1172 2365/4392/1172 2377/4393/1172
f 2377/4394/1173 2365/4395/1173 2353/4396/1173 2360/4397/1173
f 2364/4386/1174 2377/4398/1174 2360/4399/1174 2352/4400/1174
f 2355/4401/1175 2371/4402/1175 2378/4403/1175 2367/4404/1175
f 2364/4386/1176 2378/4405/1176 2466/4406/1176 2463/4407/1176
f 2378/4408/1177 2364/4409/1177 2352/4410/1177 2361/4411/1177
f 2367/4412/1178 2378/4405/1178 2361/4413/1178 2351/4414/1178
f 2351/4415/1179 2361/4416/1179 2379/4417/1179 2362/4365/1179
f 2361/4418/1180 2352/4419/1180 2360/4399/1180 2379/4420/1180
f 2379/4421/1181 2360/4422/1181 2353/4396/1181 2359/4381/1181
f 2362/4423/1182 2379/4424/1182 2359/4384/1182 2354/4369/1182
f 2516/4425/1183 2517/4426/1183 2380/4427/1183 2363/4428/1183
f 2517/4429/1184 2518/4430/1184 2368/4431/1184 2380/4432/1184
f 2356/4433/1185 2364/4409/1185 2463/4434/1185 2462/4435/1185
f 2363/4436/1186 2380/4437/1186 2371/4438/1186 2355/4439/1186
f 2518/4440/1187 2519/4441/1187 2381/4442/1187 2368/4443/1187
f 2519/4444/1188 2520/4445/1188 2369/4446/1188 2381/4447/1188
f 2381/4448/1189 2369/4371/1189 2357/4449/1189 2372/4450/1189
f 2368/4451/1190 2381/4452/1190 2419/4453/1190 2416/4454/1190
f 2520/4455/1191 2521/4456/1191 2382/4457/1191 2369/4458/1191
f 2521/4459/1192 2522/4460/1192 2370/4461/1192 2382/4462/1192
f 2373/4463/1193 2382/4464/1193 2443/4465/1193 2441/4466/1193
f 2382/4467/1194 2373/4468/1194 2495/4469/1194 2497/4470/1194
f 2522/4471/1195 2523/4472/1195 2383/4473/1195 2370/4474/1195
f 2523/4475/1196 2516/4476/1196 2363/4477/1196 2383/4478/1196
f 2367/4412/1197 2375/4367/1197 2388/4479/1197 2386/4480/1197
f 2370/4374/1198 2383/4359/1198 2374/4481/1198 2358/4482/1198
f 2386/4483/1199 2388/4484/1199 2394/4485/1199 2392/4486/1199
f 2387/4487/1200 2389/4488/1200 2395/4489/1200 2393/4490/1200
f 2355/4401/1201 2367/4363/1201 2386/4491/1201 2384/4492/1201
f 2363/4436/1202 2355/4493/1202 2384/4494/1202 2385/4495/1202
f 2375/4362/1203 2374/4355/1203 2387/4496/1203 2388/4497/1203
f 2383/4498/1204 2363/4499/1204 2385/4500/1204 2389/4501/1204
f 2394/4502/1205 2393/4503/1205 2399/4504/1205 2400/4505/1205
f 2395/4506/1206 2391/4507/1206 2397/4508/1206 2401/4509/1206
f 2385/4510/1207 2384/4511/1207 2390/4512/1207 2391/4513/1207
f 2389/4514/1208 2385/4515/1208 2391/4516/1208 2395/4517/1208
f 2388/4518/1209 2387/4519/1209 2393/4520/1209 2394/4521/1209
f 2384/4522/1210 2386/4523/1210 2392/4524/1210 2390/4525/1210
f 2398/4526/1211 2400/4527/1211 2406/4528/1211 2404/4529/1211
f 2399/4530/1212 2401/4531/1212 2407/4532/1212 2405/4533/1212
f 2390/4534/1213 2392/4535/1213 2398/4536/1213 2396/4537/1213
f 2393/4538/1214 2395/4539/1214 2401/4540/1214 2399/4541/1214
f 2392/4542/1215 2394/4543/1215 2400/4544/1215 2398/4545/1215
f 2391/4546/1216 2390/4547/1216 2396/4548/1216 2397/4549/1216
f 2406/4550/1217 2405/4551/1217 2411/4552/1217 2412/4553/1217
f 2407/4554/1218 2403/4555/1218 2409/4556/1218 2413/4557/1218
f 2397/4558/1219 2396/4559/1219 2402/4560/1219 2403/4561/1219
f 2401/4562/1220 2397/4563/1220 2403/4564/1220 2407/4565/1220
f 2400/4566/1221 2399/4567/1221 2405/4568/1221 2406/4569/1221
f 2396/4570/1222 2398/4571/1222 2404/4572/1222 2402/4573/1222
f 2411/4574/1223 2408/4575/1223 2410/4576/1223 2412/4553/1223
f 2413/4577/1224 2409/4578/1224 2408/4579/1224 2411/4580/1224
f 2402/4581/1225 2404/4582/1225 2410/4576/1225 2408/4583/1225
f 2405/4584/1226 2407/4585/1226 2413/4586/1226 2411/4580/1226
f 2404/4587/1227 2406/4588/1227 2412/4589/1227 2410/4590/1227
f 2403/4591/1228 2402/4592/1228 2408/4579/1228 2409/4593/1228
f 2414/4594/1229 2416/4595/1229 2422/4596/1229 2420/4597/1229
f 2417/4598/1230 2418/4599/1230 2424/4600/1230 2423/4601/1230
f 2356/4433/1231 2368/4602/1231 2416/4603/1231 2414/4604/1231
f 2372/4390/1232 2377/4398/1232 2418/4605/1232 2417/4606/1232
f 2381/4448/1233 2372/4607/1233 2417/4608/1233 2419/4609/1233
f 2377/4394/1234 2364/4409/1234 2415/4610/1234 2418/4611/1234
f 2425/4612/1235 2423/4613/1235 2429/4614/1235 2431/4615/1235
f 2421/4616/1236 2420/4617/1236 2426/4618/1236 2427/4619/1236
f 2416/4620/1237 2419/4621/1237 2425/4622/1237 2422/4623/1237
f 2418/4624/1238 2415/4625/1238 2421/4626/1238 2424/4627/1238
f 2415/4628/1239 2414/4629/1239 2420/4630/1239 2421/4631/1239
f 2419/4632/1240 2417/4633/1240 2423/4634/1240 2425/4635/1240
f 2431/4636/1241 2429/4637/1241 2435/4638/1241 2437/4639/1241
f 2427/4640/1242 2426/4641/1242 2432/4642/1242 2433/4643/1242
f 2423/4644/1243 2424/4645/1243 2430/4646/1243 2429/4647/1243
f 2420/4648/1244 2422/4649/1244 2428/4650/1244 2426/4651/1244
f 2422/4652/1245 2425/4653/1245 2431/4654/1245 2428/4655/1245
f 2424/4656/1246 2421/4657/1246 2427/4658/1246 2430/4659/1246
f 2432/4660/1247 2435/4661/1247 2436/4662/1247 2433/4643/1247
f 2434/4663/1248 2437/4664/1248 2435/4638/1248 2432/4665/1248
f 2429/4666/1249 2430/4667/1249 2436/4662/1249 2435/4668/1249
f 2426/4669/1250 2428/4670/1250 2434/4671/1250 2432/4665/1250
f 2428/4672/1251 2431/4673/1251 2437/4674/1251 2434/4675/1251
f 2430/4676/1252 2427/4677/1252 2433/4678/1252 2436/4679/1252
f 2443/4680/1253 2440/4681/1253 2446/4682/1253 2449/4683/1253
f 2438/4684/1254 2439/4685/1254 2445/4686/1254 2444/4687/1254
f 2358/4354/1255 2366/4379/1255 2439/4688/1255 2438/4689/1255
f 2376/4378/1256 2373/4468/1256 2441/4690/1256 2442/4691/1256
f 2382/4467/1257 2370/4692/1257 2440/4693/1257 2443/4694/1257
f 2366/4366/1258 2376/4383/1258 2442/4695/1258 2439/4696/1258
f 2447/4697/1259 2449/4698/1259 2455/4699/1259 2453/4700/1259
f 2446/4701/1260 2444/4702/1260 2450/4703/1260 2452/4704/1260
f 2442/4705/1261 2441/4706/1261 2447/4707/1261 2448/4708/1261
f 2440/4709/1262 2438/4710/1262 2444/4711/1262 2446/4712/1262
f 2441/4713/1263 2443/4714/1263 2449/4715/1263 2447/4716/1263
f 2439/4717/1264 2442/4718/1264 2448/4719/1264 2445/4720/1264
f 2455/4721/1265 2452/4722/1265 2458/4723/1265 2461/4724/1265
f 2450/4725/1266 2451/4726/1266 2457/4727/1266 2456/4728/1266
f 2445/4729/1267 2448/4730/1267 2454/4731/1267 2451/4732/1267
f 2444/4733/1268 2445/4734/1268 2451/4735/1268 2450/4736/1268
f 2449/4737/1269 2446/4738/1269 2452/4739/1269 2455/4740/1269
f 2448/4741/1270 2447/4742/1270 2453/4743/1270 2454/4744/1270
f 2459/4745/1271 2456/4746/1271 2457/4727/1271 2460/4747/1271
f 2461/4748/1272 2458/4749/1272 2456/4750/1272 2459/4751/1272
f 2454/4752/1273 2453/4753/1273 2459/4754/1273 2460/4747/1273
f 2452/4755/1274 2450/4756/1274 2456/4750/1274 2458/4757/1274
f 2453/4758/1275 2455/4759/1275 2461/4760/1275 2459/4751/1275
f 2451/4761/1276 2454/4762/1276 2460/4763/1276 2457/4764/1276
f 2466/4765/1277 2465/4766/1277 2471/4767/1277 2472/4768/1277
f 2467/4769/1278 2464/4770/1278 2470/4771/1278 2473/4772/1278
f 2371/4773/1279 2380/4437/1279 2467/4774/1279 2465/4775/1279
f 2368/4451/1280 2356/4387/1280 2462/4776/1280 2464/4777/1280
f 2378/4408/1281 2371/4402/1281 2465/4778/1281 2466/4779/1281
f 2380/4780/1282 2368/4602/1282 2464/4781/1282 2467/4782/1282
f 2469/4783/1283 2472/4784/1283 2478/4785/1283 2475/4786/1283
f 2471/4787/1284 2473/4788/1284 2479/4789/1284 2477/4790/1284
f 2464/4791/1285 2462/4792/1285 2468/4793/1285 2470/4794/1285
f 2465/4795/1286 2467/4796/1286 2473/4797/1286 2471/4798/1286
f 2463/4799/1287 2466/4800/1287 2472/4801/1287 2469/4802/1287
f 2462/4803/1288 2463/4804/1288 2469/4805/1288 2468/4806/1288
f 2478/4807/1289 2477/4808/1289 2483/4809/1289 2484/4810/1289
f 2479/4811/1290 2476/4812/1290 2482/4813/1290 2485/4814/1290
f 2468/4815/1291 2469/4816/1291 2475/4817/1291 2474/4818/1291
f 2473/4819/1292 2470/4820/1292 2476/4821/1292 2479/4822/1292
f 2472/4823/1293 2471/4824/1293 2477/4825/1293 2478/4826/1293
f 2470/4827/1294 2468/4828/1294 2474/4829/1294 2476/4830/1294
f 2481/4831/1295 2484/4832/1295 2490/4833/1295 2487/4834/1295
f 2483/4835/1296 2485/4836/1296 2491/4837/1296 2489/4838/1296
f 2476/4839/1297 2474/4840/1297 2480/4841/1297 2482/4842/1297
f 2477/4843/1298 2479/4844/1298 2485/4845/1298 2483/4846/1298
f 2475/4847/1299 2478/4848/1299 2484/4849/1299 2481/4850/1299
f 2474/4851/1300 2475/4852/1300 2481/4853/1300 2480/4854/1300
f 2489/4855/1301 2486/4856/1301 2487/4857/1301 2490/4858/1301
f 2491/4859/1302 2488/4860/1302 2486/4861/1302 2489/4838/1302
f 2480/4862/1303 2481/4863/1303 2487/4857/1303 2486/4864/1303
f 2485/4865/1304 2482/4866/1304 2488/4867/1304 2491/4868/1304
f 2484/4869/1305 2483/4870/1305 2489/4871/1305 2490/4858/1305
f 2482/4872/1306 2480/4873/1306 2486/4861/1306 2488/4874/1306
f 2493/4875/1307 2492/4876/1307 2498/4877/1307 2499/4878/1307
f 2496/4879/1308 2493/4880/1308 2499/4881/1308 2502/4882/1308
f 2373/4463/1309 2376/4383/1309 2496/4883/1309 2495/4884/1309
f 2369/4885/1310 2382/4464/1310 2497/4886/1310 2494/4887/1310
f 2365/4382/1311 2357/4391/1311 2492/4888/1311 2493/4889/1311
f 2376/4378/1312 2365/4395/1312 2493/4890/1312 2496/4891/1312
f 2498/4892/1313 2500/4893/1313 2506/4894/1313 2504/4895/1313
f 2501/4896/1314 2502/4897/1314 2508/4898/1314 2507/4899/1314
f 2497/4900/1315 2495/4901/1315 2501/4902/1315 2503/4903/1315
f 2495/4904/1316 2496/4905/1316 2502/4906/1316 2501/4907/1316
f 2492/4908/1317 2494/4909/1317 2500/4910/1317 2498/4911/1317
f 2494/4912/1318 2497/4913/1318 2503/4914/1318 2500/4915/1318
f 2509/4916/1319 2507/4917/1319 2513/4918/1319 2515/4919/1319
f 2505/4920/1320 2504/4921/1320 2510/4922/1320 2511/4923/1320
f 2500/4924/1321 2503/4925/1321 2509/4926/1321 2506/4927/1321
f 2502/4928/1322 2499/4929/1322 2505/4930/1322 2508/4931/1322
f 2499/4932/1323 2498/4933/1323 2504/4934/1323 2505/4935/1323
f 2503/4936/1324 2501/4937/1324 2507/4938/1324 2509/4939/1324
f 2510/4940/1325 2513/4941/1325 2514/4942/1325 2511/4923/1325
f 2512/4943/1326 2515/4944/1326 2513/4918/1326 2510/4945/1326
f 2507/4946/1327 2508/4947/1327 2514/4942/1327 2513/4948/1327
f 2504/4949/1328 2506/4950/1328 2512/4951/1328 2510/4945/1328
f 2506/4952/1329 2509/4953/1329 2515/4954/1329 2512/4955/1329
f 2508/4956/1330 2505/4957/1330 2511/4958/1330 2514/4959/1330
f 2524/4960/1331 2525/4961/1331 2517/4429/1331 2516/4476/1331
f 2525/4961/1332 2526/4962/1332 2518/4440/1332 2517/4429/1332
f 2526/4962/1333 2527/4963/1333 2519/4444/1333 2518/4440/1333
f 2527/4963/1334 2528/4964/1334 2520/4455/1334 2519/4444/1334
f 2528/4964/1335 2529/4965/1335 2521/4459/1335 2520/4455/1335
f 2529/4965/1336 2530/4966/1336 2522/4471/1336 2521/4459/1336
f 2530/4966/1337 2531/4967/1337 2523/4475/1337 2522/4471/1337
f 2531/4967/1338 2524/4960/1338 2516/4476/1338 2523/4475/1338
f 3578/4968/1339 3579/4969/1339 3581/4970/1339 3580/4971/1339
f 3580/4971/1340 3581/4970/1340 3583/4972/1340 3691/4973/1340 3690/4974/1340
f 3582/4975/1341 3691/4973/1341 3692/4976/1341
f 3584/4977/1342 3688/4978/1342 3687/4979/1342 3587/4980/1342 3586/4981/1342
f 3590/4982/1343 3588/4983/1343 3578/4984/1343 3580/4985/1343
f 3589/4986/1344 3591/4987/1344 3581/4988/1344 3579/4989/1344
f 3592/4990/1345 3590/4982/1345 3580/4985/1345 3690/4991/1345 3582/4992/1345
f 3591/4987/1346 3593/4993/1346 3583/4994/1346 3581/4988/1346
f 3594/4995/1347 3592/4990/1347 3582/4992/1347 3692/4996/1347 3584/4997/1347
f 3593/4993/1348 3585/4998/1348 3689/4999/1348 3583/4994/1348
f 3595/5000/1349 3594/4995/1349 3584/4997/1349 3586/5001/1349
f 3585/5002/1350 3596/5003/1350 3587/5004/1350 3687/5005/1350
f 3687/4979/1351 3688/4978/1351 3585/5006/1351
f 3688/4978/1352 3689/5007/1352 3585/5006/1352
f 3690/4974/1353 3691/4973/1353 3582/4975/1353
f 3692/4976/1354 3691/4973/1354 3583/4972/1354 3689/5007/1354 3688/4978/1354 3584/4977/1354
f 3578/4968/4 3586/4981/4 3587/4980/4 3579/4969/4
f 3693/5008/1355 3694/5009/1355 3696/5010/1355 3695/5011/1355
f 3695/5011/1356 3696/5010/1356 3698/5012/1356 3806/5013/1356 3805/5014/1356
f 3697/5015/1357 3806/5013/1357 3807/5016/1357
f 3699/5017/1358 3803/5018/1358 3802/5019/1358 3702/5020/1358 3701/5021/1358
f 3705/5022/1359 3703/5023/1359 3693/5024/1359 3695/5025/1359
f 3704/5026/1360 3706/5027/1360 3696/5028/1360 3694/5029/1360
f 3707/5030/1361 3705/5022/1361 3695/5025/1361 3805/5031/1361 3697/5032/1361
f 3706/5027/1362 3708/5033/1362 3698/5034/1362 3696/5028/1362
f 3709/5035/1363 3707/5030/1363 3697/5032/1363 3807/5036/1363 3699/5037/1363
f 3708/5033/1364 3700/5038/1364 3804/5039/1364 3698/5034/1364
f 3710/5040/1365 3709/5035/1365 3699/5037/1365 3701/5041/1365
f 3700/5042/1366 3711/5043/1366 3702/5044/1366 3802/5045/1366
f 3802/5019/1367 3803/5018/1367 3700/5046/1367
f 3803/5018/1368 3804/5047/1368 3700/5046/1368
f 3805/5014/1369 3806/5013/1369 3697/5015/1369
f 3807/5016/1370 3806/5013/1370 3698/5012/1370 3804/5047/1370 3803/5018/1370 3699/5017/1370
f 3693/5008/1371 3701/5021/1371 3702/5020/1371 3694/5009/1371
f 3808/5048/1372 3809/5049/1372 3811/5050/1372 3810/5051/1372
f 3810/5051/1373 3811/5050/1373 3813/5052/1373 3921/5053/1373 3920/5054/1373
f 3812/5055/1374 3921/5053/1374 3922/5056/1374
f 3814/5057/1375 3918/5058/1375 3917/5059/1375 3817/5060/1375 3816/5061/1375
f 3820/5062/1376 3818/5063/1376 3808/5064/1376 3810/5065/1376
f 3819/5066/1377 3821/5067/1377 3811/5068/1377 3809/5069/1377
f 3822/5070/1378 3820/5062/1378 3810/5065/1378 3920/5071/1378 3812/5072/1378
f 3821/5067/1379 3823/5073/1379 3813/5074/1379 3811/5068/1379
f 3824/5075/1380 3822/5070/1380 3812/5072/1380 3922/5076/1380 3814/5077/1380
f 3823/5073/1381 3815/5078/1381 3919/5079/1381 3813/5074/1381
f 3825/5080/1382 3824/5075/1382 3814/5077/1382 3816/5081/1382
f 3815/5082/1383 3826/5083/1383 3817/5084/1383 3917/5085/1383
f 3917/5059/1384 3918/5058/1384 3815/5086/1384
f 3918/5058/1385 3919/5087/1385 3815/5086/1385
f 3920/5054/1386 3921/5053/1386 3812/5055/1386
f 3922/5056/1387 3921/5053/1387 3813/5052/1387 3919/5087/1387 3918/5058/1387 3814/5057/1387
f 3808/5048/4 3816/5061/4 3817/5060/4 3809/5049/4
f 3923/5088/1388 3924/5089/1388 3926/5090/1388 3925/5091/1388
f 3925/5091/1389 3926/5090/1389 3928/5092/1389 3990/5093/1389 3989/5094/1389
f 3990/5093/1390 3928/5092/1390 3934/5095/1390 3945/5096/1390 3946/5097/1390 3952/5098/1390 3963/5099/1390 3964/5100/1390 3970/5101/1390 3987/5102/1390 3988/5103/1390 3986/5104/1390 3984/5105/1390 3985/5106/1390 3983/5107/1390 3969/5108/1390 3962/5109/1390 3961/5110/1390 3951/5111/1390 3944/5112/1390 3943/5113/1390 3933/5114/1390 3927/5115/1390
f 3931/5116/1391 3929/5117/1391 3923/5118/1391 3925/5119/1391
f 3930/5120/1392 3932/5121/1392 3926/5122/1392 3924/5123/1392
f 3933/5114/1393 3931/5116/1393 3925/5119/1393 3989/5124/1393 3927/5115/1393
f 3932/5121/1394 3934/5095/1394 3928/5125/1394 3926/5122/1394
f 3989/5094/1395 3990/5093/1395 3927/5126/1395
f 3923/5118/1396 3929/5117/1396 3935/5127/1396 3936/5128/1396 3947/5129/1396 3953/5130/1396 3954/5131/1396 3965/5132/1396 3971/5133/1396 3973/5134/1396 3972/5135/1396 3974/5136/1396 3976/5137/1396 3975/5138/1396 3966/5139/1396 3956/5140/1396 3955/5141/1396 3948/5142/1396 3938/5143/1396 3937/5144/1396 3930/5120/1396 3924/5123/1396
usemtl Inside
f 2546/5145/1397 2532/5146/1397 2524/4960/1397 2531/4967/1397
f 2570/5147/1398 2556/5148/1398 2548/5149/1398 2555/5150/1398
f 2534/5151/1399 2542/5152/1399 2527/4963/1399 2526/4962/1399
f 2542/5152/1400 2536/5153/1400 2528/4964/1400 2527/4963/1400
f 2536/5153/1401 2544/5154/1401 2529/4965/1401 2528/4964/1401
f 2544/5154/1402 2538/5155/1402 2530/4966/1402 2529/4965/1402
f 2538/5155/1403 2546/5145/1403 2531/4967/1403 2530/4966/1403
f 2540/5156/1404 2534/5151/1404 2526/4962/1404 2525/4961/1404
f 2548/5149/1405 2549/5157/1405 2541/5158/1405 2533/5159/1405
f 2533/5159/1406 2541/5158/1406 2540/5156/1406 2532/5146/1406
f 2549/5157/1407 2550/5160/1407 2535/5161/1407 2541/5158/1407
f 2541/5158/1408 2535/5161/1408 2534/5151/1408 2540/5156/1408
f 2550/5160/1409 2551/5162/1409 2543/5163/1409 2535/5161/1409
f 2535/5161/1410 2543/5163/1410 2542/5152/1410 2534/5151/1410
f 2551/5162/1411 2552/5164/1411 2537/5165/1411 2543/5163/1411
f 2543/5163/1412 2537/5165/1412 2536/5153/1412 2542/5152/1412
f 2552/5164/1413 2553/5166/1413 2545/5167/1413 2537/5165/1413
f 2537/5165/1414 2545/5167/1414 2544/5154/1414 2536/5153/1414
f 2553/5166/1415 2554/5168/1415 2539/5169/1415 2545/5167/1415
f 2545/5167/1416 2539/5169/1416 2538/5155/1416 2544/5154/1416
f 2554/5168/1417 2555/5150/1417 2547/5170/1417 2539/5169/1417
f 2539/5169/1418 2547/5170/1418 2546/5145/1418 2538/5155/1418
f 2555/5150/1419 2548/5149/1419 2533/5159/1419 2547/5170/1419
f 2547/5170/1420 2533/5159/1420 2532/5146/1420 2546/5145/1420
f 2532/5146/1421 2540/5156/1421 2525/4961/1421 2524/4960/1421
f 2594/5171/1422 2580/5172/1422 2572/5173/1422 2579/5174/1422
f 2558/5175/1423 2566/5176/1423 2551/5162/1423 2550/5160/1423
f 2566/5176/1424 2560/5177/1424 2552/5164/1424 2551/5162/1424
f 2560/5177/1425 2568/5178/1425 2553/5166/1425 2552/5164/1425
f 2568/5178/1426 2562/5179/1426 2554/5168/1426 2553/5166/1426
f 2562/5179/1427 2570/5147/1427 2555/5150/1427 2554/5168/1427
f 2564/5180/1428 2558/5175/1428 2550/5160/1428 2549/5157/1428
f 2572/5173/1429 2573/5181/1429 2565/5182/1429 2557/5183/1429
f 2557/5183/1430 2565/5182/1430 2564/5180/1430 2556/5148/1430
f 2573/5181/1431 2574/5184/1431 2559/5185/1431 2565/5182/1431
f 2565/5182/1432 2559/5185/1432 2558/5175/1432 2564/5180/1432
f 2574/5184/1433 2575/5186/1433 2567/5187/1433 2559/5185/1433
f 2559/5185/1434 2567/5187/1434 2566/5176/1434 2558/5175/1434
f 2575/5186/1435 2576/5188/1435 2561/5189/1435 2567/5187/1435
f 2567/5187/1436 2561/5189/1436 2560/5177/1436 2566/5176/1436
f 2576/5188/1437 2577/5190/1437 2569/5191/1437 2561/5189/1437
f 2561/5189/1438 2569/5191/1438 2568/5178/1438 2560/5177/1438
f 2577/5190/1439 2578/5192/1439 2563/5193/1439 2569/5191/1439
f 2569/5191/1440 2563/5193/1440 2562/5179/1440 2568/5178/1440
f 2578/5192/1441 2579/5174/1441 2571/5194/1441 2563/5193/1441
f 2563/5193/1442 2571/5194/1442 2570/5147/1442 2562/5179/1442
f 2579/5174/1443 2572/5173/1443 2557/5183/1443 2571/5194/1443
f 2571/5194/1444 2557/5183/1444 2556/5148/1444 2570/5147/1444
f 2556/5148/1445 2564/5180/1445 2549/5157/1445 2548/5149/1445
f 2618/5195/1446 2604/5196/1446 2596/5197/1446 2603/5198/1446
f 2582/5199/1447 2590/5200/1447 2575/5186/1447 2574/5184/1447
f 2590/5200/1448 2584/5201/1448 2576/5188/1448 2575/5186/1448
f 2584/5201/1449 2592/5202/1449 2577/5190/1449 2576/5188/1449
f 2592/5202/1450 2586/5203/1450 2578/5192/1450 2577/5190/1450
f 2586/5203/1451 2594/5171/1451 2579/5174/1451 2578/5192/1451
f 2588/5204/1452 2582/5199/1452 2574/5184/1452 2573/5181/1452
f 2596/5197/1453 2597/5205/1453 2589/5206/1453 2581/5207/1453
f 2581/5207/1454 2589/5206/1454 2588/5204/1454 2580/5172/1454
f 2597/5205/1455 2598/5208/1455 2583/5209/1455 2589/5206/1455
f 2589/5206/1456 2583/5209/1456 2582/5199/1456 2588/5204/1456
f 2598/5208/1457 2599/5210/1457 2591/5211/1457 2583/5209/1457
f 2583/5209/1458 2591/5211/1458 2590/5200/1458 2582/5199/1458
f 2599/5210/1459 2600/5212/1459 2585/5213/1459 2591/5211/1459
f 2591/5211/1460 2585/5213/1460 2584/5201/1460 2590/5200/1460
f 2600/5212/1461 2601/5214/1461 2593/5215/1461 2585/5213/1461
f 2585/5213/1462 2593/5215/1462 2592/5202/1462 2584/5201/1462
f 2601/5214/1463 2602/5216/1463 2587/5217/1463 2593/5215/1463
f 2593/5215/1464 2587/5217/1464 2586/5203/1464 2592/5202/1464
f 2602/5216/1465 2603/5198/1465 2595/5218/1465 2587/5217/1465
f 2587/5217/1466 2595/5218/1466 2594/5171/1466 2586/5203/1466
f 2603/5198/1467 2596/5197/1467 2581/5207/1467 2595/5218/1467
f 2595/5218/1468 2581/5207/1468 2580/5172/1468 2594/5171/1468
f 2580/5172/1469 2588/5204/1469 2573/5181/1469 2572/5173/1469
f 2642/5219/1470 2628/5220/1470 2620/5221/1470 2627/5222/1470
f 2606/5223/1471 2614/5224/1471 2599/5210/1471 2598/5208/1471
f 2614/5224/1472 2608/5225/1472 2600/5212/1472 2599/5210/1472
f 2608/5225/1473 2616/5226/1473 2601/5214/1473 2600/5212/1473
f 2616/5226/1474 2610/5227/1474 2602/5216/1474 2601/5214/1474
f 2610/5227/1475 2618/5195/1475 2603/5198/1475 2602/5216/1475
f 2612/5228/1476 2606/5223/1476 2598/5208/1476 2597/5205/1476
f 2620/5221/1477 2621/5229/1477 2613/5230/1477 2605/5231/1477
f 2605/5231/1478 2613/5230/1478 2612/5228/1478 2604/5196/1478
f 2621/5229/1479 2622/5232/1479 2607/5233/1479 2613/5230/1479
f 2613/5230/1480 2607/5233/1480 2606/5223/1480 2612/5228/1480
f 2622/5232/1481 2623/5234/1481 2615/5235/1481 2607/5233/1481
f 2607/5233/1482 2615/5235/1482 2614/5224/1482 2606/5223/1482
f 2623/5234/1483 2624/5236/1483 2609/5237/1483 2615/5235/1483
f 2615/5235/1484 2609/5237/1484 2608/5225/1484 2614/5224/1484
f 2624/5236/1485 2625/5238/1485 2617/5239/1485 2609/5237/1485
f 2609/5237/1486 2617/5239/1486 2616/5226/1486 2608/5225/1486
f 2625/5238/1487 2626/5240/1487 2611/5241/1487 2617/5239/1487
f 2617/5239/1488 2611/5241/1488 2610/5227/1488 2616/5226/1488
f 2626/5240/1489 2627/5222/1489 2619/5242/1489 2611/5241/1489
f 2611/5241/1490 2619/5242/1490 2618/5195/1490 2610/5227/1490
f 2627/5222/1491 2620/5221/1491 2605/5231/1491 2619/5242/1491
f 2619/5242/1492 2605/5231/1492 2604/5196/1492 2618/5195/1492
f 2604/5196/1493 2612/5228/1493 2597/5205/1493 2596/5197/1493
f 2674/5243/1494 2652/5244/1494 2644/5245/1494 2651/5246/1494
f 2630/5247/1495 2638/5248/1495 2623/5234/1495 2622/5232/1495
f 2638/5248/1496 2632/5249/1496 2624/5236/1496 2623/5234/1496
f 2632/5249/1497 2640/5250/1497 2625/5238/1497 2624/5236/1497
f 2640/5250/1498 2634/5251/1498 2626/5240/1498 2625/5238/1498
f 2634/5251/1499 2642/5219/1499 2627/5222/1499 2626/5240/1499
f 2636/5252/1500 2630/5247/1500 2622/5232/1500 2621/5229/1500
f 2644/5245/1501 2645/5253/1501 2637/5254/1501 2629/5255/1501
f 2629/5255/1502 2637/5254/1502 2636/5252/1502 2628/5220/1502
f 2645/5253/1503 2646/5256/1503 2631/5257/1503 2637/5254/1503
f 2637/5254/1504 2631/5257/1504 2630/5247/1504 2636/5252/1504
f 2646/5256/1505 2647/5258/1505 2639/5259/1505 2631/5257/1505
f 2631/5257/1506 2639/5259/1506 2638/5248/1506 2630/5247/1506
f 2647/5258/1507 2648/5260/1507 2633/5261/1507 2639/5259/1507
f 2639/5259/1508 2633/5261/1508 2632/5249/1508 2638/5248/1508
f 2648/5260/1509 2649/5262/1509 2641/5263/1509 2633/5261/1509
f 2633/5261/1510 2641/5263/1510 2640/5250/1510 2632/5249/1510
f 2649/5262/1511 2650/5264/1511 2635/5265/1511 2641/5263/1511
f 2641/5263/1512 2635/5265/1512 2634/5251/1512 2640/5250/1512
f 2650/5264/1513 2651/5246/1513 2643/5266/1513 2635/5265/1513
f 2635/5265/1514 2643/5266/1514 2642/5219/1514 2634/5251/1514
f 2651/5246/1515 2644/5245/1515 2629/5255/1515 2643/5266/1515
f 2643/5266/1516 2629/5255/1516 2628/5220/1516 2642/5219/1516
f 2628/5220/1517 2636/5252/1517 2621/5229/1517 2620/5221/1517
f 2653/5267/1518 2673/5268/1518 2661/5269/1518 2670/5270/1518 2658/5271/1518 2667/5272/1518 2655/5273/1518 2664/5274/1518
f 2656/5275/1519 2668/5276/1519 2647/5258/1519 2646/5256/1519
f 2668/5276/1520 2659/5277/1520 2648/5260/1520 2647/5258/1520
f 2659/5277/1521 2671/5278/1521 2649/5262/1521 2648/5260/1521
f 2671/5278/1522 2662/5279/1522 2650/5264/1522 2649/5262/1522
f 2662/5279/1523 2674/5243/1523 2651/5246/1523 2650/5264/1523
f 2665/5280/1524 2656/5275/1524 2646/5256/1524 2645/5253/1524
f 2653/5267/1525 2664/5274/1525 2666/5281/1525 2654/5282/1525
f 2654/5282/1526 2666/5281/1526 2665/5280/1526 2652/5244/1526
f 2664/5274/1527 2655/5273/1527 2657/5283/1527 2666/5281/1527
f 2666/5281/1528 2657/5283/1528 2656/5275/1528 2665/5280/1528
f 2655/5273/1529 2667/5272/1529 2669/5284/1529 2657/5283/1529
f 2657/5283/1530 2669/5284/1530 2668/5276/1530 2656/5275/1530
f 2667/5272/1531 2658/5271/1531 2660/5285/1531 2669/5284/1531
f 2669/5284/1532 2660/5285/1532 2659/5277/1532 2668/5276/1532
f 2658/5271/1533 2670/5270/1533 2672/5286/1533 2660/5285/1533
f 2660/5285/1534 2672/5286/1534 2671/5278/1534 2659/5277/1534
f 2670/5270/1535 2661/5269/1535 2663/5287/1535 2672/5286/1535
f 2672/5286/1536 2663/5287/1536 2662/5279/1536 2671/5278/1536
f 2661/5269/1537 2673/5268/1537 2675/5288/1537 2663/5287/1537
f 2663/5287/1538 2675/5288/1538 2674/5243/1538 2662/5279/1538
f 2673/5268/1539 2653/5267/1539 2654/5282/1539 2675/5288/1539
f 2675/5288/1540 2654/5282/1540 2652/5244/1540 2674/5243/1540
f 2652/5244/1541 2665/5280/1541 2645/5253/1541 2644/5245/1541
f 3601/5289/1542 3597/5290/1542 3588/4983/1542 3590/4982/1542
f 3599/5291/1543 3603/5292/1543 3591/4987/1543 3589/4986/1543
f 3605/5293/1544 3601/5289/1544 3590/4982/1544 3592/4990/1544
f 3603/5292/1545 3607/5294/1545 3593/4993/1545 3591/4987/1545
f 3609/5295/1546 3605/5293/1546 3592/4990/1546 3594/4995/1546
f 3607/5294/1547 3611/5296/1547 3585/5002/1547 3593/4993/1547
f 3613/5297/1548 3609/5295/1548 3594/4995/1548 3595/5000/1548
f 3611/5296/1549 3615/5298/1549 3596/5003/1549 3585/5002/1549
f 3597/5290/1550 3601/5289/1550 3602/5299/1550 3598/5300/1550
f 3598/5300/1551 3602/5299/1551 3619/5301/1551 3617/5302/1551
f 3603/5292/1552 3599/5291/1552 3600/5303/1552 3604/5304/1552
f 3604/5304/1553 3600/5303/1553 3618/5305/1553 3620/5306/1553
f 3601/5289/1554 3605/5293/1554 3606/5307/1554 3602/5299/1554
f 3602/5299/1555 3606/5307/1555 3621/5308/1555 3619/5301/1555
f 3607/5294/1556 3603/5292/1556 3604/5304/1556 3608/5309/1556
f 3608/5309/1557 3604/5304/1557 3620/5306/1557 3622/5310/1557
f 3605/5293/1558 3609/5295/1558 3610/5311/1558 3606/5307/1558
f 3606/5307/1559 3610/5311/1559 3623/5312/1559 3621/5308/1559
f 3611/5296/1560 3607/5294/1560 3608/5309/1560 3612/5313/1560
f 3612/5313/1561 3608/5309/1561 3622/5310/1561 3624/5314/1561
f 3609/5295/1562 3613/5297/1562 3614/5315/1562 3610/5311/1562
f 3610/5311/1563 3614/5315/1563 3625/5316/1563 3623/5312/1563
f 3615/5298/1564 3611/5296/1564 3612/5313/1564 3616/5317/1564
f 3616/5317/1565 3612/5313/1565 3624/5314/1565 3626/5318/1565
f 3631/5319/1566 3627/5320/1566 3617/5302/1566 3619/5301/1566
f 3629/5321/1567 3633/5322/1567 3620/5306/1567 3618/5305/1567
f 3635/5323/1568 3631/5319/1568 3619/5301/1568 3621/5308/1568
f 3633/5322/1569 3637/5324/1569 3622/5310/1569 3620/5306/1569
f 3639/5325/1570 3635/5323/1570 3621/5308/1570 3623/5312/1570
f 3637/5324/1571 3641/5326/1571 3624/5314/1571 3622/5310/1571
f 3643/5327/1572 3639/5325/1572 3623/5312/1572 3625/5316/1572
f 3641/5326/1573 3645/5328/1573 3626/5318/1573 3624/5314/1573
f 3649/5329/1574 3647/5330/1574 3628/5331/1574 3632/5332/1574
f 3632/5332/1575 3628/5331/1575 3627/5320/1575 3631/5319/1575
f 3648/5333/1576 3650/5334/1576 3634/5335/1576 3630/5336/1576
f 3630/5336/1577 3634/5335/1577 3633/5322/1577 3629/5321/1577
f 3651/5337/1578 3649/5329/1578 3632/5332/1578 3636/5338/1578
f 3636/5338/1579 3632/5332/1579 3631/5319/1579 3635/5323/1579
f 3650/5334/1580 3652/5339/1580 3638/5340/1580 3634/5335/1580
f 3634/5335/1581 3638/5340/1581 3637/5324/1581 3633/5322/1581
f 3653/5341/1582 3651/5337/1582 3636/5338/1582 3640/5342/1582
f 3640/5342/1583 3636/5338/1583 3635/5323/1583 3639/5325/1583
f 3652/5339/1584 3654/5343/1584 3642/5344/1584 3638/5340/1584
f 3638/5340/1585 3642/5344/1585 3641/5326/1585 3637/5324/1585
f 3655/5345/1586 3653/5341/1586 3640/5342/1586 3644/5346/1586
f 3644/5346/1587 3640/5342/1587 3639/5325/1587 3643/5327/1587
f 3654/5343/1588 3656/5347/1588 3646/5348/1588 3642/5344/1588
f 3642/5344/1589 3646/5348/1589 3645/5328/1589 3641/5326/1589
f 3663/5349/1590 3657/5350/1590 3647/5330/1590 3649/5329/1590
f 3661/5351/1591 3667/5352/1591 3650/5334/1591 3648/5333/1591
f 3669/5353/1592 3663/5349/1592 3649/5329/1592 3651/5337/1592
f 3667/5352/1593 3673/5354/1593 3652/5339/1593 3650/5334/1593
f 3675/5355/1594 3669/5353/1594 3651/5337/1594 3653/5341/1594
f 3673/5354/1595 3679/5356/1595 3654/5343/1595 3652/5339/1595
f 3681/5357/1596 3675/5355/1596 3653/5341/1596 3655/5345/1596
f 3679/5356/1597 3685/5358/1597 3656/5347/1597 3654/5343/1597
f 3664/5359/1598 3658/5360/1598 3659/5361/1598 3665/5362/1598
f 3665/5362/1599 3659/5361/1599 3657/5350/1599 3663/5349/1599
f 3660/5363/1600 3666/5364/1600 3668/5365/1600 3662/5366/1600
f 3662/5366/1601 3668/5365/1601 3667/5352/1601 3661/5351/1601
f 3670/5367/1602 3664/5359/1602 3665/5362/1602 3671/5368/1602
f 3671/5368/1603 3665/5362/1603 3663/5349/1603 3669/5353/1603
f 3666/5364/1604 3672/5369/1604 3674/5370/1604 3668/5365/1604
f 3668/5365/1605 3674/5370/1605 3673/5354/1605 3667/5352/1605
f 3676/5371/1606 3670/5367/1606 3671/5368/1606 3677/5372/1606
f 3677/5372/1607 3671/5368/1607 3669/5353/1607 3675/5355/1607
f 3672/5369/1608 3678/5373/1608 3680/5374/1608 3674/5370/1608
f 3674/5370/1609 3680/5374/1609 3679/5356/1609 3673/5354/1609
f 3682/5375/1610 3676/5371/1610 3677/5372/1610 3683/5376/1610
f 3683/5376/1611 3677/5372/1611 3675/5355/1611 3681/5357/1611
f 3678/5373/1612 3684/5377/1612 3686/5378/1612 3680/5374/1612
f 3680/5374/1613 3686/5378/1613 3685/5358/1613 3679/5356/1613
f 3660/5363/1614 3684/5377/1614 3678/5373/1614 3672/5369/1614 3666/5364/1614
f 3664/5359/1615 3670/5367/1615 3676/5371/1615 3682/5375/1615 3658/5360/1615
f 3716/5379/1616 3712/5380/1616 3703/5023/1616 3705/5022/1616
f 3714/5381/1617 3718/5382/1617 3706/5027/1617 3704/5026/1617
f 3720/5383/1618 3716/5379/1618 3705/5022/1618 3707/5030/1618
f 3718/5382/1619 3722/5384/1619 3708/5033/1619 3706/5027/1619
f 3724/5385/1620 3720/5383/1620 3707/5030/1620 3709/5035/1620
f 3722/5384/1621 3726/5386/1621 3700/5042/1621 3708/5033/1621
f 3728/5387/1622 3724/5385/1622 3709/5035/1622 3710/5040/1622
f 3726/5386/1623 3730/5388/1623 3711/5043/1623 3700/5042/1623
f 3712/5380/1624 3716/5379/1624 3717/5389/1624 3713/5390/1624
f 3713/5390/1625 3717/5389/1625 3734/5391/1625 3732/5392/1625
f 3718/5382/1626 3714/5381/1626 3715/5393/1626 3719/5394/1626
f 3719/5394/1627 3715/5393/1627 3733/5395/1627 3735/5396/1627
f 3716/5379/1628 3720/5383/1628 3721/5397/1628 3717/5389/1628
f 3717/5389/1629 3721/5397/1629 3736/5398/1629 3734/5391/1629
f 3722/5384/1630 3718/5382/1630 3719/5394/1630 3723/5399/1630
f 3723/5399/1631 3719/5394/1631 3735/5396/1631 3737/5400/1631
f 3720/5383/1632 3724/5385/1632 3725/5401/1632 3721/5397/1632
f 3721/5397/1633 3725/5401/1633 3738/5402/1633 3736/5398/1633
f 3726/5386/1634 3722/5384/1634 3723/5399/1634 3727/5403/1634
f 3727/5403/1635 3723/5399/1635 3737/5400/1635 3739/5404/1635
f 3724/5385/1636 3728/5387/1636 3729/5405/1636 3725/5401/1636
f 3725/5401/1637 3729/5405/1637 3740/5406/1637 3738/5402/1637
f 3730/5388/1638 3726/5386/1638 3727/5403/1638 3731/5407/1638
f 3731/5407/1639 3727/5403/1639 3739/5404/1639 3741/5408/1639
f 3746/5409/1640 3742/5410/1640 3732/5392/1640 3734/5391/1640
f 3744/5411/1641 3748/5412/1641 3735/5396/1641 3733/5395/1641
f 3750/5413/1642 3746/5409/1642 3734/5391/1642 3736/5398/1642
f 3748/5412/1643 3752/5414/1643 3737/5400/1643 3735/5396/1643
f 3754/5415/1644 3750/5413/1644 3736/5398/1644 3738/5402/1644
f 3752/5414/1645 3756/5416/1645 3739/5404/1645 3737/5400/1645
f 3758/5417/1646 3754/5415/1646 3738/5402/1646 3740/5406/1646
f 3756/5416/1647 3760/5418/1647 3741/5408/1647 3739/5404/1647
f 3764/5419/1648 3762/5420/1648 3743/5421/1648 3747/5422/1648
f 3747/5422/1649 3743/5421/1649 3742/5410/1649 3746/5409/1649
f 3763/5423/1650 3765/5424/1650 3749/5425/1650 3745/5426/1650
f 3745/5426/1651 3749/5425/1651 3748/5412/1651 3744/5411/1651
f 3766/5427/1652 3764/5419/1652 3747/5422/1652 3751/5428/1652
f 3751/5428/1653 3747/5422/1653 3746/5409/1653 3750/5413/1653
f 3765/5424/1654 3767/5429/1654 3753/5430/1654 3749/5425/1654
f 3749/5425/1655 3753/5430/1655 3752/5414/1655 3748/5412/1655
f 3768/5431/1656 3766/5427/1656 3751/5428/1656 3755/5432/1656
f 3755/5432/1657 3751/5428/1657 3750/5413/1657 3754/5415/1657
f 3767/5429/1658 3769/5433/1658 3757/5434/1658 3753/5430/1658
f 3753/5430/1659 3757/5434/1659 3756/5416/1659 3752/5414/1659
f 3770/5435/1660 3768/5431/1660 3755/5432/1660 3759/5436/1660
f 3759/5436/1661 3755/5432/1661 3754/5415/1661 3758/5417/1661
f 3769/5433/1662 3771/5437/1662 3761/5438/1662 3757/5434/1662
f 3757/5434/1663 3761/5438/1663 3760/5418/1663 3756/5416/1663
f 3778/5439/1664 3772/5440/1664 3762/5420/1664 3764/5419/1664
f 3776/5441/1665 3782/5442/1665 3765/5424/1665 3763/5423/1665
f 3784/5443/1666 3778/5439/1666 3764/5419/1666 3766/5427/1666
f 3782/5442/1667 3788/5444/1667 3767/5429/1667 3765/5424/1667
f 3790/5445/1668 3784/5443/1668 3766/5427/1668 3768/5431/1668
f 3788/5444/1669 3794/5446/1669 3769/5433/1669 3767/5429/1669
f 3796/5447/1670 3790/5445/1670 3768/5431/1670 3770/5435/1670
f 3794/5446/1671 3800/5448/1671 3771/5437/1671 3769/5433/1671
f 3779/5449/1672 3773/5450/1672 3774/5451/1672 3780/5452/1672
f 3780/5452/1673 3774/5451/1673 3772/5440/1673 3778/5439/1673
f 3775/5453/1674 3781/5454/1674 3783/5455/1674 3777/5456/1674
f 3777/5456/1675 3783/5455/1675 3782/5442/1675 3776/5441/1675
f 3785/5457/1676 3779/5449/1676 3780/5452/1676 3786/5458/1676
f 3786/5458/1677 3780/5452/1677 3778/5439/1677 3784/5443/1677
f 3781/5454/1678 3787/5459/1678 3789/5460/1678 3783/5455/1678
f 3783/5455/1679 3789/5460/1679 3788/5444/1679 3782/5442/1679
f 3791/5461/1680 3785/5457/1680 3786/5458/1680 3792/5462/1680
f 3792/5462/1681 3786/5458/1681 3784/5443/1681 3790/5445/1681
f 3787/5459/1682 3793/5463/1682 3795/5464/1682 3789/5460/1682
f 3789/5460/1683 3795/5464/1683 3794/5446/1683 3788/5444/1683
f 3797/5465/1684 3791/5461/1684 3792/5462/1684 3798/5466/1684
f 3798/5466/1685 3792/5462/1685 3790/5445/1685 3796/5447/1685
f 3793/5463/1686 3799/5467/1686 3801/5468/1686 3795/5464/1686
f 3795/5464/1687 3801/5468/1687 3800/5448/1687 3794/5446/1687
f 3775/5453/1688 3799/5467/1688 3793/5463/1688 3787/5459/1688 3781/5454/1688
f 3779/5449/1689 3785/5457/1689 3791/5461/1689 3797/5465/1689 3773/5450/1689
f 3831/5469/1690 3827/5470/1690 3818/5063/1690 3820/5062/1690
f 3829/5471/1691 3833/5472/1691 3821/5067/1691 3819/5066/1691
f 3835/5473/1692 3831/5469/1692 3820/5062/1692 3822/5070/1692
f 3833/5472/1693 3837/5474/1693 3823/5073/1693 3821/5067/1693
f 3839/5475/1694 3835/5473/1694 3822/5070/1694 3824/5075/1694
f 3837/5474/1695 3841/5476/1695 3815/5082/1695 3823/5073/1695
f 3843/5477/1696 3839/5475/1696 3824/5075/1696 3825/5080/1696
f 3841/5476/1697 3845/5478/1697 3826/5083/1697 3815/5082/1697
f 3827/5470/1698 3831/5469/1698 3832/5479/1698 3828/5480/1698
f 3828/5480/1699 3832/5479/1699 3849/5481/1699 3847/5482/1699
f 3833/5472/1700 3829/5471/1700 3830/5483/1700 3834/5484/1700
f 3834/5484/1701 3830/5483/1701 3848/5485/1701 3850/5486/1701
f 3831/5469/1702 3835/5473/1702 3836/5487/1702 3832/5479/1702
f 3832/5479/1703 3836/5487/1703 3851/5488/1703 3849/5481/1703
f 3837/5474/1704 3833/5472/1704 3834/5484/1704 3838/5489/1704
f 3838/5489/1705 3834/5484/1705 3850/5486/1705 3852/5490/1705
f 3835/5473/1706 3839/5475/1706 3840/5491/1706 3836/5487/1706
f 3836/5487/1707 3840/5491/1707 3853/5492/1707 3851/5488/1707
f 3841/5476/1708 3837/5474/1708 3838/5489/1708 3842/5493/1708
f 3842/5493/1709 3838/5489/1709 3852/5490/1709 3854/5494/1709
f 3839/5475/1710 3843/5477/1710 3844/5495/1710 3840/5491/1710
f 3840/5491/1711 3844/5495/1711 3855/5496/1711 3853/5492/1711
f 3845/5478/1712 3841/5476/1712 3842/5493/1712 3846/5497/1712
f 3846/5497/1713 3842/5493/1713 3854/5494/1713 3856/5498/1713
f 3861/5499/1714 3857/5500/1714 3847/5482/1714 3849/5481/1714
f 3859/5501/1715 3863/5502/1715 3850/5486/1715 3848/5485/1715
f 3865/5503/1716 3861/5499/1716 3849/5481/1716 3851/5488/1716
f 3863/5502/1717 3867/5504/1717 3852/5490/1717 3850/5486/1717
f 3869/5505/1718 3865/5503/1718 3851/5488/1718 3853/5492/1718
f 3867/5504/1719 3871/5506/1719 3854/5494/1719 3852/5490/1719
f 3873/5507/1720 3869/5505/1720 3853/5492/1720 3855/5496/1720
f 3871/5506/1721 3875/5508/1721 3856/5498/1721 3854/5494/1721
f 3879/5509/1722 3877/5510/1722 3858/5511/1722 3862/5512/1722
f 3862/5512/1723 3858/5511/1723 3857/5500/1723 3861/5499/1723
f 3878/5513/1724 3880/5514/1724 3864/5515/1724 3860/5516/1724
f 3860/5516/1725 3864/5515/1725 3863/5502/1725 3859/5501/1725
f 3881/5517/1726 3879/5509/1726 3862/5512/1726 3866/5518/1726
f 3866/5518/1727 3862/5512/1727 3861/5499/1727 3865/5503/1727
f 3880/5514/1728 3882/5519/1728 3868/5520/1728 3864/5515/1728
f 3864/5515/1729 3868/5520/1729 3867/5504/1729 3863/5502/1729
f 3883/5521/1730 3881/5517/1730 3866/5518/1730 3870/5522/1730
f 3870/5522/1731 3866/5518/1731 3865/5503/1731 3869/5505/1731
f 3882/5519/1732 3884/5523/1732 3872/5524/1732 3868/5520/1732
f 3868/5520/1733 3872/5524/1733 3871/5506/1733 3867/5504/1733
f 3885/5525/1734 3883/5521/1734 3870/5522/1734 3874/5526/1734
f 3874/5526/1735 3870/5522/1735 3869/5505/1735 3873/5507/1735
f 3884/5523/1736 3886/5527/1736 3876/5528/1736 3872/5524/1736
f 3872/5524/1737 3876/5528/1737 3875/5508/1737 3871/5506/1737
f 3893/5529/1738 3887/5530/1738 3877/5510/1738 3879/5509/1738
f 3891/5531/1739 3897/5532/1739 3880/5514/1739 3878/5513/1739
f 3899/5533/1740 3893/5529/1740 3879/5509/1740 3881/5517/1740
f 3897/5532/1741 3903/5534/1741 3882/5519/1741 3880/5514/1741
f 3905/5535/1742 3899/5533/1742 3881/5517/1742 3883/5521/1742
f 3903/5534/1743 3909/5536/1743 3884/5523/1743 3882/5519/1743
f 3911/5537/1744 3905/5535/1744 3883/5521/1744 3885/5525/1744
f 3909/5536/1745 3915/5538/1745 3886/5527/1745 3884/5523/1745
f 3894/5539/1746 3888/5540/1746 3889/5541/1746 3895/5542/1746
f 3895/5542/1747 3889/5541/1747 3887/5530/1747 3893/5529/1747
f 3890/5543/1748 3896/5544/1748 3898/5545/1748 3892/5546/1748
f 3892/5546/1749 3898/5545/1749 3897/5532/1749 3891/5531/1749
f 3900/5547/1750 3894/5539/1750 3895/5542/1750 3901/5548/1750
f 3901/5548/1751 3895/5542/1751 3893/5529/1751 3899/5533/1751
f 3896/5544/1752 3902/5549/1752 3904/5550/1752 3898/5545/1752
f 3898/5545/1753 3904/5550/1753 3903/5534/1753 3897/5532/1753
f 3906/5551/1754 3900/5547/1754 3901/5548/1754 3907/5552/1754
f 3907/5552/1755 3901/5548/1755 3899/5533/1755 3905/5535/1755
f 3902/5549/1756 3908/5553/1756 3910/5554/1756 3904/5550/1756
f 3904/5550/1757 3910/5554/1757 3909/5536/1757 3903/5534/1757
f 3912/5555/1758 3906/5551/1758 3907/5552/1758 3913/5556/1758
f 3913/5556/1759 3907/5552/1759 3905/5535/1759 3911/5537/1759
f 3908/5553/1760 3914/5557/1760 3916/5558/1760 3910/5554/1760
f 3910/5554/1761 3916/5558/1761 3915/5538/1761 3909/5536/1761
f 3890/5543/1762 3914/5557/1762 3908/5553/1762 3902/5549/1762 3896/5544/1762
f 3894/5539/1763 3900/5547/1763 3906/5551/1763 3912/5555/1763 3888/5540/1763
f 3939/5559/1764 3935/5127/1764 3929/5117/1764 3931/5116/1764
f 3937/5144/1765 3941/5560/1765 3932/5121/1765 3930/5120/1765
f 3943/5113/1766 3939/5559/1766 3931/5116/1766 3933/5114/1766
f 3941/5560/1767 3945/5096/1767 3934/5095/1767 3932/5121/1767
f 3935/5127/1768 3939/5559/1768 3940/5561/1768 3936/5128/1768
f 3936/5128/1769 3940/5561/1769 3949/5562/1769 3947/5129/1769
f 3941/5560/1770 3937/5144/1770 3938/5143/1770 3942/5563/1770
f 3942/5563/1771 3938/5143/1771 3948/5142/1771 3950/5564/1771
f 3939/5559/1772 3943/5113/1772 3944/5112/1772 3940/5561/1772
f 3940/5561/1773 3944/5112/1773 3951/5111/1773 3949/5562/1773
f 3945/5096/1774 3941/5560/1774 3942/5563/1774 3946/5097/1774
f 3946/5097/1775 3942/5563/1775 3950/5564/1775 3952/5098/1775
f 3957/5565/1776 3953/5130/1776 3947/5129/1776 3949/5562/1776
f 3955/5141/1777 3959/5566/1777 3950/5564/1777 3948/5142/1777
f 3961/5110/1778 3957/5565/1778 3949/5562/1778 3951/5111/1778
f 3959/5566/1779 3963/5099/1779 3952/5098/1779 3950/5564/1779
f 3967/5567/1780 3965/5132/1780 3954/5131/1780 3958/5568/1780
f 3958/5568/1781 3954/5131/1781 3953/5130/1781 3957/5565/1781
f 3966/5139/1782 3968/5569/1782 3960/5570/1782 3956/5140/1782
f 3956/5140/1783 3960/5570/1783 3959/5566/1783 3955/5141/1783
f 3969/5108/1784 3967/5567/1784 3958/5568/1784 3962/5109/1784
f 3962/5109/1785 3958/5568/1785 3957/5565/1785 3961/5110/1785
f 3968/5569/1786 3970/5101/1786 3964/5100/1786 3960/5570/1786
f 3960/5570/1787 3964/5100/1787 3963/5099/1787 3959/5566/1787
f 3977/5571/1788 3971/5133/1788 3965/5132/1788 3967/5567/1788
f 3975/5138/1789 3981/5572/1789 3968/5569/1789 3966/5139/1789
f 3983/5107/1790 3977/5571/1790 3967/5567/1790 3969/5108/1790
f 3981/5572/1791 3987/5102/1791 3970/5101/1791 3968/5569/1791
f 3978/5573/1792 3972/5135/1792 3973/5134/1792 3979/5574/1792
f 3979/5574/1793 3973/5134/1793 3971/5133/1793 3977/5571/1793
f 3974/5136/1794 3980/5575/1794 3982/5576/1794 3976/5137/1794
f 3976/5137/1795 3982/5576/1795 3981/5572/1795 3975/5138/1795
f 3984/5105/1796 3978/5573/1796 3979/5574/1796 3985/5106/1796
f 3985/5106/1797 3979/5574/1797 3977/5571/1797 3983/5107/1797
f 3980/5575/1798 3986/5104/1798 3988/5103/1798 3982/5576/1798
f 3982/5576/1799 3988/5103/1799 3987/5102/1799 3981/5572/1799
f 3984/5105/1800 3986/5104/1800 3980/5575/1800 3978/5573/1800
f 3972/5135/1801 3978/5573/1801 3984/5105/1801 3986/5104/1801 3980/5575/1801 3974/5136/1801
usemtl Outside.002
f 2676/5577/1802 2686/5578/1802 2700/5579/1802 2687/5580/1802
f 2686/5578/1803 2677/5581/1803 2685/5582/1803 2700/5579/1803
f 2700/5579/1804 2685/5582/1804 2678/5583/1804 2684/5584/1804
f 2687/5580/1805 2700/5579/1805 2684/5584/1805 2679/5585/1805
f 2682/5586/1806 2690/5587/1806 2712/5588/1806 2711/5589/1806
f 2699/5590/1807 2681/5591/1807 2689/5592/1807 2701/5593/1807
f 2701/5593/1808 2689/5592/1808 2677/5581/1808 2686/5578/1808
f 2692/5594/1809 2701/5593/1809 2686/5578/1809 2676/5577/1809
f 2681/5591/1810 2698/5595/1810 2702/5596/1810 2689/5592/1810
f 2705/5597/1811 2696/5598/1811 2718/5599/1811 2724/5600/1811
f 2702/5596/1812 2690/5587/1812 2678/5583/1812 2685/5582/1812
f 2689/5592/1813 2702/5596/1813 2685/5582/1813 2677/5581/1813
f 2682/5586/1814 2697/5601/1814 2703/5602/1814 2690/5587/1814
f 2697/5601/1815 2683/5603/1815 2691/5604/1815 2703/5602/1815
f 2703/5602/1816 2691/5604/1816 2679/5585/1816 2684/5584/1816
f 2690/5587/1817 2703/5602/1817 2684/5584/1817 2678/5583/1817
f 2701/5593/1818 2692/5594/1818 2715/5605/1818 2721/5606/1818
f 2696/5598/1819 2680/5607/1819 2692/5594/1819 2704/5608/1819
f 2704/5608/1820 2692/5594/1820 2676/5577/1820 2687/5580/1820
f 2691/5604/1821 2704/5608/1821 2687/5580/1821 2679/5585/1821
f 2852/5609/1822 2854/5610/1822 2705/5597/1822 2695/5611/1822
f 2854/5610/1823 2849/5612/1823 2688/5613/1823 2705/5597/1823
f 2705/5597/1824 2688/5613/1824 2680/5607/1824 2696/5598/1824
f 2707/5614/1825 2694/5615/1825 2716/5616/1825 2725/5617/1825
f 2850/5618/1826 2853/5619/1826 2706/5620/1826 2694/5615/1826
f 2853/5619/1827 2852/5609/1827 2695/5611/1827 2706/5620/1827
f 2706/5620/1828 2695/5611/1828 2683/5603/1828 2697/5601/1828
f 2694/5615/1829 2706/5620/1829 2697/5601/1829 2682/5586/1829
f 2847/5621/1830 2851/5622/1830 2707/5614/1830 2693/5623/1830
f 2851/5622/1831 2850/5618/1831 2694/5615/1831 2707/5614/1831
f 2688/5613/1832 2708/5624/1832 2726/5625/1832 2710/5626/1832
f 2693/5623/1833 2707/5614/1833 2698/5595/1833 2681/5591/1833
f 2849/5612/1834 2848/5627/1834 2708/5624/1834 2688/5613/1834
f 2848/5627/1835 2847/5621/1835 2693/5623/1835 2708/5624/1835
f 2708/5624/1836 2693/5623/1836 2681/5591/1836 2699/5590/1836
f 2692/5594/1837 2680/5607/1837 2709/5628/1837 2715/5605/1837
f 2720/5629/1838 2721/5606/1838 2800/5630/1838 2799/5631/1838
f 2717/5632/1839 2724/5600/1839 2742/5633/1839 2735/5634/1839
f 2711/5589/1840 2712/5588/1840 2730/5635/1840 2729/5636/1840
f 2724/5600/1841 2718/5599/1841 2736/5637/1841 2742/5633/1841
f 2709/5628/1842 2710/5626/1842 2728/5638/1842 2727/5639/1842
f 2723/5640/1843 2714/5641/1843 2732/5642/1843 2741/5643/1843
f 2698/5595/1844 2707/5614/1844 2725/5617/1844 2719/5644/1844
f 2702/5596/1845 2698/5595/1845 2719/5644/1845 2722/5645/1845
f 2695/5611/1846 2705/5597/1846 2724/5600/1846 2717/5632/1846
f 2696/5598/1847 2704/5608/1847 2723/5640/1847 2718/5599/1847
f 2690/5587/1848 2702/5596/1848 2722/5645/1848 2712/5588/1848
f 2694/5615/1849 2682/5586/1849 2711/5589/1849 2716/5616/1849
f 2691/5604/1850 2683/5603/1850 2713/5646/1850 2714/5641/1850
f 2680/5607/1851 2688/5613/1851 2710/5626/1851 2709/5628/1851
f 2683/5603/1852 2695/5611/1852 2717/5632/1852 2713/5646/1852
f 2699/5590/1853 2701/5593/1853 2721/5606/1853 2720/5629/1853
f 2704/5608/1854 2691/5604/1854 2714/5641/1854 2723/5640/1854
f 2708/5624/1855 2699/5590/1855 2720/5629/1855 2726/5625/1855
f 2732/5642/1856 2731/5647/1856 2749/5648/1856 2750/5649/1856
f 2738/5650/1857 2739/5651/1857 2757/5652/1857 2756/5653/1857
f 2735/5634/1858 2742/5633/1858 2760/5654/1858 2753/5655/1858
f 2818/5656/1859 2817/5657/1859 2748/5658/1859 2747/5659/1859
f 2742/5633/1860 2736/5637/1860 2754/5660/1860 2760/5654/1860
f 2727/5639/1861 2728/5638/1861 2746/5661/1861 2745/5662/1861
f 2713/5646/1862 2717/5632/1862 2783/5663/1862 2781/5664/1862
f 2725/5617/1863 2716/5616/1863 2734/5665/1863 2743/5666/1863
f 2721/5606/1864 2715/5605/1864 2733/5667/1864 2739/5651/1864
f 2715/5605/1865 2709/5628/1865 2727/5639/1865 2733/5667/1865
f 2719/5644/1866 2725/5617/1866 2743/5666/1866 2737/5668/1866
f 2722/5645/1867 2719/5644/1867 2737/5668/1867 2740/5669/1867
f 2716/5616/1868 2711/5589/1868 2729/5636/1868 2734/5665/1868
f 2738/5650/1869 2744/5670/1869 2804/5671/1869 2802/5672/1869
f 2712/5588/1870 2722/5645/1870 2740/5669/1870 2730/5635/1870
f 2717/5632/1871 2735/5634/1871 2786/5673/1871 2783/5663/1871
f 2710/5626/1872 2726/5625/1872 2744/5670/1872 2728/5638/1872
f 2718/5599/1873 2723/5640/1873 2741/5643/1873 2736/5637/1873
f 2757/5652/1874 2751/5674/1874 2769/5675/1874 2775/5676/1874
f 2761/5677/1875 2752/5678/1875 2770/5679/1875 2779/5680/1875
f 2750/5649/1876 2749/5648/1876 2767/5681/1876 2768/5682/1876
f 2756/5653/1877 2757/5652/1877 2775/5676/1877 2774/5683/1877
f 2753/5655/1878 2760/5654/1878 2778/5684/1878 2771/5685/1878
f 2747/5659/1879 2748/5658/1879 2766/5686/1879 2765/5687/1879
f 2820/5688/1880 2819/5689/1880 2752/5678/1880 2761/5677/1880
f 2739/5651/1881 2733/5667/1881 2751/5674/1881 2757/5652/1881
f 2733/5667/1882 2727/5639/1882 2745/5662/1882 2751/5674/1882
f 2821/5690/1883 2820/5688/1883 2761/5677/1883 2755/5691/1883
f 2822/5692/1884 2821/5690/1884 2755/5691/1884 2758/5693/1884
f 2819/5689/1885 2818/5656/1885 2747/5659/1885 2752/5678/1885
f 2744/5670/1886 2738/5650/1886 2756/5653/1886 2762/5694/1886
f 2817/5657/1887 2822/5692/1887 2758/5693/1887 2748/5658/1887
f 2731/5647/1888 2735/5634/1888 2753/5655/1888 2749/5648/1888
f 2728/5638/1889 2744/5670/1889 2762/5694/1889 2746/5661/1889
f 2736/5637/1890 2741/5643/1890 2759/5695/1890 2754/5660/1890
f 2741/5643/1891 2732/5642/1891 2750/5649/1891 2759/5695/1891
f 2763/5696/1892 2774/5683/1892 2775/5676/1892 2769/5675/1892
f 2773/5697/1893 2765/5687/1893 2766/5686/1893 2776/5698/1893
f 2767/5681/1894 2772/5699/1894 2777/5700/1894 2768/5682/1894
f 2771/5685/1895 2778/5684/1895 2772/5699/1895 2767/5681/1895
f 2779/5680/1896 2770/5679/1896 2765/5687/1896 2773/5697/1896
f 2764/5701/1897 2780/5702/1897 2774/5683/1897 2763/5696/1897
f 2751/5674/1898 2745/5662/1898 2763/5696/1898 2769/5675/1898
f 2755/5691/1899 2761/5677/1899 2779/5680/1899 2773/5697/1899
f 2758/5693/1900 2755/5691/1900 2773/5697/1900 2776/5698/1900
f 2752/5678/1901 2747/5659/1901 2765/5687/1901 2770/5679/1901
f 2762/5694/1902 2756/5653/1902 2774/5683/1902 2780/5702/1902
f 2748/5658/1903 2758/5693/1903 2776/5698/1903 2766/5686/1903
f 2749/5648/1904 2753/5655/1904 2771/5685/1904 2767/5681/1904
f 2746/5661/1905 2762/5694/1905 2780/5702/1905 2764/5701/1905
f 2754/5660/1906 2759/5695/1906 2777/5700/1906 2772/5699/1906
f 2759/5695/1907 2750/5649/1907 2768/5682/1907 2777/5700/1907
f 2745/5662/1908 2746/5661/1908 2764/5701/1908 2763/5696/1908
f 2760/5654/1909 2754/5660/1909 2772/5699/1909 2778/5684/1909
f 2784/5703/1910 2782/5704/1910 2788/5705/1910 2790/5706/1910
f 2786/5673/1911 2785/5707/1911 2791/5708/1911 2792/5709/1911
f 2731/5647/1912 2732/5642/1912 2784/5703/1912 2785/5707/1912
f 2735/5634/1913 2731/5647/1913 2785/5707/1913 2786/5673/1913
f 2732/5642/1914 2714/5641/1914 2782/5704/1914 2784/5703/1914
f 2714/5641/1915 2713/5646/1915 2781/5664/1915 2782/5704/1915
f 2791/5708/1916 2790/5706/1916 2796/5710/1916 2797/5711/1916
f 2789/5712/1917 2792/5709/1917 2798/5713/1917 2795/5714/1917
f 2782/5704/1918 2781/5664/1918 2787/5715/1918 2788/5705/1918
f 2783/5663/1919 2786/5673/1919 2792/5709/1919 2789/5712/1919
f 2785/5707/1920 2784/5703/1920 2790/5706/1920 2791/5708/1920
f 2781/5664/1921 2783/5663/1921 2789/5712/1921 2787/5715/1921
f 2794/5716/1922 2793/5717/1922 2797/5711/1922 2796/5710/1922
f 2793/5717/1923 2795/5714/1923 2798/5713/1923 2797/5711/1923
f 2787/5715/1924 2789/5712/1924 2795/5714/1924 2793/5717/1924
f 2792/5709/1925 2791/5708/1925 2797/5711/1925 2798/5713/1925
f 2790/5706/1926 2788/5705/1926 2794/5716/1926 2796/5710/1926
f 2788/5705/1927 2787/5715/1927 2793/5717/1927 2794/5716/1927
f 2801/5718/1928 2799/5631/1928 2805/5719/1928 2807/5720/1928
f 2802/5672/1929 2804/5671/1929 2810/5721/1929 2808/5722/1929
f 2744/5670/1930 2726/5625/1930 2801/5718/1930 2804/5671/1930
f 2739/5651/1931 2738/5650/1931 2802/5672/1931 2803/5723/1931
f 2721/5606/1932 2739/5651/1932 2803/5723/1932 2800/5630/1932
f 2726/5625/1933 2720/5629/1933 2799/5631/1933 2801/5718/1933
f 2806/5724/1934 2809/5725/1934 2815/5726/1934 2812/5727/1934
f 2810/5721/1935 2807/5720/1935 2813/5728/1935 2816/5729/1935
f 2804/5671/1936 2801/5718/1936 2807/5720/1936 2810/5721/1936
f 2800/5630/1937 2803/5723/1937 2809/5725/1937 2806/5724/1937
f 2803/5723/1938 2802/5672/1938 2808/5722/1938 2809/5725/1938
f 2799/5631/1939 2800/5630/1939 2806/5724/1939 2805/5719/1939
f 2811/5730/1940 2812/5727/1940 2815/5726/1940 2814/5731/1940
f 2813/5728/1941 2811/5730/1941 2814/5731/1941 2816/5729/1941
f 2809/5725/1942 2808/5722/1942 2814/5731/1942 2815/5726/1942
f 2805/5719/1943 2806/5724/1943 2812/5727/1943 2811/5730/1943
f 2808/5722/1944 2810/5721/1944 2816/5729/1944 2814/5731/1944
f 2807/5720/1945 2805/5719/1945 2811/5730/1945 2813/5728/1945
f 2827/5732/1946 2826/5733/1946 2822/5692/1946 2817/5657/1946
f 2828/5734/1947 2823/5735/1947 2818/5656/1947 2819/5689/1947
f 2821/5690/1948 2822/5692/1948 2830/5736/1948 2829/5737/1948
f 2826/5733/1949 2825/5738/1949 2833/5739/1949 2834/5740/1949
f 2824/5741/1950 2828/5734/1950 2819/5689/1950 2820/5688/1950
f 2823/5735/1951 2827/5732/1951 2817/5657/1951 2818/5656/1951
f 2729/5636/1952 2730/5635/1952 2827/5732/1952 2823/5735/1952
f 2743/5666/1953 2734/5665/1953 2828/5734/1953 2824/5741/1953
f 2737/5668/1954 2743/5666/1954 2824/5741/1954 2825/5738/1954
f 2740/5669/1955 2737/5668/1955 2825/5738/1955 2826/5733/1955
f 2734/5665/1956 2729/5636/1956 2823/5735/1956 2828/5734/1956
f 2730/5635/1957 2740/5669/1957 2826/5733/1957 2827/5732/1957
f 2834/5740/1958 2833/5739/1958 2839/5742/1958 2840/5743/1958
f 2831/5744/1959 2829/5737/1959 2835/5745/1959 2837/5746/1959
f 2822/5692/1960 2826/5733/1960 2834/5740/1960 2830/5736/1960
f 2824/5741/1961 2820/5688/1961 2831/5744/1961 2832/5747/1961
f 2825/5738/1962 2824/5741/1962 2832/5747/1962 2833/5739/1962
f 2820/5688/1963 2821/5690/1963 2829/5737/1963 2831/5744/1963
f 2839/5742/1964 2838/5748/1964 2844/5749/1964 2845/5750/1964
f 2835/5745/1965 2836/5751/1965 2842/5752/1965 2841/5753/1965
f 2830/5736/1966 2834/5740/1966 2840/5743/1966 2836/5751/1966
f 2832/5747/1967 2831/5744/1967 2837/5746/1967 2838/5748/1967
f 2829/5737/1968 2830/5736/1968 2836/5751/1968 2835/5745/1968
f 2833/5739/1969 2832/5747/1969 2838/5748/1969 2839/5742/1969
f 2846/5754/1970 2845/5750/1970 2841/5753/1970 2842/5752/1970
f 2845/5750/1971 2844/5749/1971 2843/5755/1971 2841/5753/1971
f 2837/5746/1972 2835/5745/1972 2841/5753/1972 2843/5755/1972
f 2840/5743/1973 2839/5742/1973 2845/5750/1973 2846/5754/1973
f 2836/5751/1974 2840/5743/1974 2846/5754/1974 2842/5752/1974
f 2838/5748/1975 2837/5746/1975 2843/5755/1975 2844/5749/1975
f 2856/5756/1976 2855/5757/1976 2847/5621/1976 2848/5627/1976
f 2857/5758/1977 2856/5756/1977 2848/5627/1977 2849/5612/1977
f 2859/5759/1978 2858/5760/1978 2850/5618/1978 2851/5622/1978
f 2855/5757/1979 2859/5759/1979 2851/5622/1979 2847/5621/1979
f 2861/5761/1980 2860/5762/1980 2852/5609/1980 2853/5619/1980
f 2858/5760/1981 2861/5761/1981 2853/5619/1981 2850/5618/1981
f 2862/5763/1982 2857/5758/1982 2849/5612/1982 2854/5610/1982
f 2860/5762/1983 2862/5763/1983 2854/5610/1983 2852/5609/1983
usemtl Inside.002
f 2877/5764/1984 2863/5765/1984 2857/5758/1984 2862/5763/1984
f 2865/5766/1985 2873/5767/1985 2859/5759/1985 2855/5757/1985
f 2901/5768/1986 2887/5769/1986 2881/5770/1986 2886/5771/1986
f 2867/5772/1987 2875/5773/1987 2861/5761/1987 2858/5760/1987
f 2873/5767/1988 2867/5772/1988 2858/5760/1988 2859/5759/1988
f 2869/5774/1989 2877/5764/1989 2862/5763/1989 2860/5762/1989
f 2875/5773/1990 2869/5774/1990 2860/5762/1990 2861/5761/1990
f 2871/5775/1991 2865/5766/1991 2855/5757/1991 2856/5756/1991
f 2865/5766/1992 2871/5775/1992 2872/5776/1992 2866/5777/1992
f 2866/5777/1993 2872/5776/1993 2879/5778/1993 2880/5779/1993
f 2871/5775/1994 2863/5765/1994 2864/5780/1994 2872/5776/1994
f 2872/5776/1995 2864/5780/1995 2881/5770/1995 2879/5778/1995
f 2867/5772/1996 2873/5767/1996 2874/5781/1996 2868/5782/1996
f 2868/5782/1997 2874/5781/1997 2882/5783/1997 2883/5784/1997
f 2873/5767/1998 2865/5766/1998 2866/5777/1998 2874/5781/1998
f 2874/5781/1999 2866/5777/1999 2880/5779/1999 2882/5783/1999
f 2869/5774/2000 2875/5773/2000 2876/5785/2000 2870/5786/2000
f 2870/5786/2001 2876/5785/2001 2884/5787/2001 2885/5788/2001
f 2875/5773/2002 2867/5772/2002 2868/5782/2002 2876/5785/2002
f 2876/5785/2003 2868/5782/2003 2883/5784/2003 2884/5787/2003
f 2863/5765/2004 2877/5764/2004 2878/5789/2004 2864/5780/2004
f 2864/5780/2005 2878/5789/2005 2886/5771/2005 2881/5770/2005
f 2877/5764/2006 2869/5774/2006 2870/5786/2006 2878/5789/2006
f 2878/5789/2007 2870/5786/2007 2885/5788/2007 2886/5771/2007
f 2863/5765/2008 2871/5775/2008 2856/5756/2008 2857/5758/2008
f 2889/5790/2009 2897/5791/2009 2882/5783/2009 2880/5779/2009
f 2925/5792/2010 2911/5793/2010 2905/5794/2010 2910/5795/2010
f 2891/5796/2011 2899/5797/2011 2884/5787/2011 2883/5784/2011
f 2897/5791/2012 2891/5796/2012 2883/5784/2012 2882/5783/2012
f 2893/5798/2011 2901/5768/2011 2886/5771/2011 2885/5788/2011
f 2899/5797/2011 2893/5798/2011 2885/5788/2011 2884/5787/2011
f 2895/5799/2013 2889/5790/2013 2880/5779/2013 2879/5778/2013
f 2903/5800/2014 2904/5801/2014 2890/5802/2014 2896/5803/2014
f 2896/5803/2015 2890/5802/2015 2889/5790/2015 2895/5799/2015
f 2905/5794/2016 2903/5800/2016 2896/5803/2016 2888/5804/2016
f 2888/5804/2017 2896/5803/2017 2895/5799/2017 2887/5769/2017
f 2906/5805/2018 2907/5806/2018 2892/5807/2018 2898/5808/2018
f 2898/5808/2019 2892/5807/2019 2891/5796/2019 2897/5791/2019
f 2904/5801/2020 2906/5805/2020 2898/5808/2020 2890/5802/2020
f 2890/5802/2021 2898/5808/2021 2897/5791/2021 2889/5790/2021
f 2908/5809/2022 2909/5810/2022 2894/5811/2022 2900/5812/2022
f 2900/5812/2023 2894/5811/2023 2893/5798/2023 2899/5797/2023
f 2907/5806/2024 2908/5809/2024 2900/5812/2024 2892/5807/2024
f 2892/5807/2025 2900/5812/2025 2899/5797/2025 2891/5796/2025
f 2910/5795/2026 2905/5794/2026 2888/5804/2026 2902/5813/2026
f 2902/5813/2027 2888/5804/2027 2887/5769/2027 2901/5768/2027
f 2909/5810/2028 2910/5795/2028 2902/5813/2028 2894/5811/2028
f 2894/5811/2029 2902/5813/2029 2901/5768/2029 2893/5798/2029
f 2887/5769/2030 2895/5799/2030 2879/5778/2030 2881/5770/2030
f 2913/5814/2031 2921/5815/2031 2906/5805/2031 2904/5801/2031
f 2949/5816/2011 2935/5817/2011 2929/5818/2011 2934/5819/2011
f 2915/5820/2011 2923/5821/2011 2908/5809/2011 2907/5806/2011
f 2921/5815/2032 2915/5820/2032 2907/5806/2032 2906/5805/2032
f 2917/5822/2011 2925/5792/2011 2910/5795/2011 2909/5810/2011
f 2923/5821/2011 2917/5822/2011 2909/5810/2011 2908/5809/2011
f 2919/5823/2033 2913/5814/2033 2904/5801/2033 2903/5800/2033
f 2927/5824/2034 2928/5825/2034 2914/5826/2034 2920/5827/2034
f 2920/5827/2035 2914/5826/2035 2913/5814/2035 2919/5823/2035
f 2929/5818/2036 2927/5824/2036 2920/5827/2036 2912/5828/2036
f 2912/5828/2037 2920/5827/2037 2919/5823/2037 2911/5793/2037
f 2930/5829/2038 2931/5830/2038 2916/5831/2038 2922/5832/2038
f 2922/5832/2039 2916/5831/2039 2915/5820/2039 2921/5815/2039
f 2928/5825/2040 2930/5829/2040 2922/5832/2040 2914/5826/2040
f 2914/5826/2041 2922/5832/2041 2921/5815/2041 2913/5814/2041
f 2932/5833/2042 2933/5834/2042 2918/5835/2042 2924/5836/2042
f 2924/5836/2043 2918/5835/2043 2917/5822/2043 2923/5821/2043
f 2931/5830/2044 2932/5833/2044 2924/5836/2044 2916/5831/2044
f 2916/5831/2045 2924/5836/2045 2923/5821/2045 2915/5820/2045
f 2934/5819/2046 2929/5818/2046 2912/5828/2046 2926/5837/2046
f 2926/5837/2047 2912/5828/2047 2911/5793/2047 2925/5792/2047
f 2933/5834/2048 2934/5819/2048 2926/5837/2048 2918/5835/2048
f 2918/5835/2049 2926/5837/2049 2925/5792/2049 2917/5822/2049
f 2911/5793/2050 2919/5823/2050 2903/5800/2050 2905/5794/2050
f 2937/5838/2011 2945/5839/2011 2930/5829/2011 2928/5825/2011
f 2973/5840/2011 2959/5841/2011 2953/5842/2011 2958/5843/2011
f 2939/5844/2011 2947/5845/2011 2932/5833/2011 2931/5830/2011
f 2945/5839/2011 2939/5844/2011 2931/5830/2011 2930/5829/2011
f 2941/5846/2011 2949/5816/2011 2934/5819/2011 2933/5834/2011
f 2947/5845/2011 2941/5846/2011 2933/5834/2011 2932/5833/2011
f 2943/5847/2051 2937/5838/2051 2928/5825/2051 2927/5824/2051
f 2951/5848/2052 2952/5849/2052 2938/5850/2052 2944/5851/2052
f 2944/5851/2053 2938/5850/2053 2937/5838/2053 2943/5847/2053
f 2953/5842/2054 2951/5848/2054 2944/5851/2054 2936/5852/2054
f 2936/5852/2055 2944/5851/2055 2943/5847/2055 2935/5817/2055
f 2954/5853/2056 2955/5854/2056 2940/5855/2056 2946/5856/2056
f 2946/5856/2057 2940/5855/2057 2939/5844/2057 2945/5839/2057
f 2952/5849/2058 2954/5853/2058 2946/5856/2058 2938/5850/2058
f 2938/5850/2059 2946/5856/2059 2945/5839/2059 2937/5838/2059
f 2956/5857/2060 2957/5858/2060 2942/5859/2060 2948/5860/2060
f 2948/5860/2061 2942/5859/2061 2941/5846/2061 2947/5845/2061
f 2955/5854/2062 2956/5857/2062 2948/5860/2062 2940/5855/2062
f 2940/5855/2063 2948/5860/2063 2947/5845/2063 2939/5844/2063
f 2958/5843/2064 2953/5842/2064 2936/5852/2064 2950/5861/2064
f 2950/5861/2065 2936/5852/2065 2935/5817/2065 2949/5816/2065
f 2957/5858/2066 2958/5843/2066 2950/5861/2066 2942/5859/2066
f 2942/5859/2067 2950/5861/2067 2949/5816/2067 2941/5846/2067
f 2935/5817/2068 2943/5847/2068 2927/5824/2068 2929/5818/2068
f 2961/5862/2011 2969/5863/2011 2954/5853/2011 2952/5849/2011
f 3004/5864/2011 2983/5865/2011 2977/5866/2011 2982/5867/2011
f 2963/5868/2011 2971/5869/2011 2956/5857/2011 2955/5854/2011
f 2969/5863/2011 2963/5868/2011 2955/5854/2011 2954/5853/2011
f 2965/5870/2011 2973/5840/2011 2958/5843/2011 2957/5858/2011
f 2971/5869/2011 2965/5870/2011 2957/5858/2011 2956/5857/2011
f 2967/5871/2011 2961/5862/2011 2952/5849/2011 2951/5848/2011
f 2975/5872/2069 2976/5873/2069 2962/5874/2069 2968/5875/2069
f 2968/5875/2070 2962/5874/2070 2961/5862/2070 2967/5871/2070
f 2977/5866/2071 2975/5872/2071 2968/5875/2071 2960/5876/2071
f 2960/5876/2072 2968/5875/2072 2967/5871/2072 2959/5841/2072
f 2978/5877/2073 2979/5878/2073 2964/5879/2073 2970/5880/2073
f 2970/5880/2074 2964/5879/2074 2963/5868/2074 2969/5863/2074
f 2976/5873/2075 2978/5877/2075 2970/5880/2075 2962/5874/2075
f 2962/5874/2076 2970/5880/2076 2969/5863/2076 2961/5862/2076
f 2980/5881/2077 2981/5882/2077 2966/5883/2077 2972/5884/2077
f 2972/5884/2078 2966/5883/2078 2965/5870/2078 2971/5869/2078
f 2979/5878/2079 2980/5881/2079 2972/5884/2079 2964/5879/2079
f 2964/5879/2080 2972/5884/2080 2971/5869/2080 2963/5868/2080
f 2982/5867/2081 2977/5866/2081 2960/5876/2081 2974/5885/2081
f 2974/5885/2082 2960/5876/2082 2959/5841/2082 2973/5840/2082
f 2981/5882/2083 2982/5867/2083 2974/5885/2083 2966/5883/2083
f 2966/5883/2084 2974/5885/2084 2973/5840/2084 2965/5870/2084
f 2959/5841/2011 2967/5871/2011 2951/5848/2011 2953/5842/2011
f 2987/5886/2011 2998/5887/2011 2978/5877/2011 2976/5873/2011
f 2986/5888/2011 2996/5889/2011 2984/5890/2011 3005/5891/2011 2992/5892/2011 3002/5893/2011 2989/5894/2011 2999/5895/2011
f 2990/5896/2011 3001/5897/2011 2980/5881/2011 2979/5878/2011
f 2998/5887/2011 2990/5896/2011 2979/5878/2011 2978/5877/2011
f 2993/5898/2011 3004/5864/2011 2982/5867/2011 2981/5882/2011
f 3001/5897/2011 2993/5898/2011 2981/5882/2011 2980/5881/2011
f 2995/5899/2011 2987/5886/2011 2976/5873/2011 2975/5872/2011
f 2996/5889/2085 2986/5888/2085 2988/5900/2085 2997/5901/2085
f 2997/5901/2086 2988/5900/2086 2987/5886/2086 2995/5899/2086
f 2984/5890/2087 2996/5889/2087 2997/5901/2087 2985/5902/2087
f 2985/5902/2088 2997/5901/2088 2995/5899/2088 2983/5865/2088
f 2999/5895/2089 2989/5894/2089 2991/5903/2089 3000/5904/2089
f 3000/5904/2090 2991/5903/2090 2990/5896/2090 2998/5887/2090
f 2986/5888/2091 2999/5895/2091 3000/5904/2091 2988/5900/2091
f 2988/5900/2092 3000/5904/2092 2998/5887/2092 2987/5886/2092
f 3002/5893/2093 2992/5892/2093 2994/5905/2093 3003/5906/2093
f 3003/5906/2094 2994/5905/2094 2993/5898/2094 3001/5897/2094
f 2989/5894/2095 3002/5893/2095 3003/5906/2095 2991/5903/2095
f 2991/5903/2096 3003/5906/2096 3001/5897/2096 2990/5896/2096
f 3005/5891/2097 2984/5890/2097 2985/5902/2097 3006/5907/2097
f 3006/5907/2098 2985/5902/2098 2983/5865/2098 3004/5864/2098
f 2992/5892/2099 3005/5891/2099 3006/5907/2099 2994/5905/2099
f 2994/5905/2100 3006/5907/2100 3004/5864/2100 2993/5898/2100
f 2983/5865/2011 2995/5899/2011 2975/5872/2011 2977/5866/2011
usemtl Outside.001
f 3007/5908/2101 3017/5909/2101 3031/5910/2101 3018/5911/2101
f 3017/5909/2102 3008/5912/2102 3016/5913/2102 3031/5910/2102
f 3031/5910/2103 3016/5913/2103 3009/5914/2103 3015/5915/2103
f 3018/5911/2104 3031/5910/2104 3015/5915/2104 3010/5916/2104
f 3013/5917/2105 3021/5918/2105 3043/5919/2105 3042/5920/2105
f 3030/5921/2106 3012/5922/2106 3020/5923/2106 3032/5924/2106
f 3032/5924/2107 3020/5923/2107 3008/5912/2107 3017/5909/2107
f 3023/5925/2108 3032/5924/2108 3017/5909/2108 3007/5908/2108
f 3012/5922/2109 3029/5926/2109 3033/5927/2109 3020/5923/2109
f 3036/5928/2110 3027/5929/2110 3049/5930/2110 3055/5931/2110
f 3033/5927/2111 3021/5918/2111 3009/5914/2111 3016/5913/2111
f 3020/5923/2112 3033/5927/2112 3016/5913/2112 3008/5912/2112
f 3013/5917/2113 3028/5932/2113 3034/5933/2113 3021/5918/2113
f 3028/5932/2114 3014/5934/2114 3022/5935/2114 3034/5933/2114
f 3034/5933/2115 3022/5935/2115 3010/5916/2115 3015/5915/2115
f 3021/5918/2116 3034/5933/2116 3015/5915/2116 3009/5914/2116
f 3032/5924/2117 3023/5925/2117 3046/5936/2117 3052/5937/2117
f 3027/5929/2118 3011/5938/2118 3023/5925/2118 3035/5939/2118
f 3035/5939/2119 3023/5925/2119 3007/5908/2119 3018/5911/2119
f 3022/5935/2120 3035/5939/2120 3018/5911/2120 3010/5916/2120
f 3183/5940/2121 3185/5941/2121 3036/5928/2121 3026/5942/2121
f 3185/5941/2122 3180/5943/2122 3019/5944/2122 3036/5928/2122
f 3036/5928/2123 3019/5944/2123 3011/5938/2123 3027/5929/2123
f 3038/5945/2124 3025/5946/2124 3047/5947/2124 3056/5948/2124
f 3181/5949/2125 3184/5950/2125 3037/5951/2125 3025/5946/2125
f 3184/5950/2126 3183/5940/2126 3026/5942/2126 3037/5951/2126
f 3037/5951/2127 3026/5942/2127 3014/5934/2127 3028/5932/2127
f 3025/5946/2128 3037/5951/2128 3028/5932/2128 3013/5917/2128
f 3178/5952/2129 3182/5953/2129 3038/5945/2129 3024/5954/2129
f 3182/5953/2130 3181/5949/2130 3025/5946/2130 3038/5945/2130
f 3019/5944/2131 3039/5955/2131 3057/5956/2131 3041/5957/2131
f 3024/5954/2132 3038/5945/2132 3029/5926/2132 3012/5922/2132
f 3180/5943/2133 3179/5958/2133 3039/5955/2133 3019/5944/2133
f 3179/5958/2134 3178/5952/2134 3024/5954/2134 3039/5955/2134
f 3039/5955/2135 3024/5954/2135 3012/5922/2135 3030/5921/2135
f 3023/5925/2136 3011/5938/2136 3040/5959/2136 3046/5936/2136
f 3051/5960/2137 3052/5937/2137 3131/5961/2137 3130/5962/2137
f 3048/5963/2138 3055/5931/2138 3073/5964/2138 3066/5965/2138
f 3042/5920/2139 3043/5919/2139 3061/5966/2139 3060/5967/2139
f 3055/5931/2140 3049/5930/2140 3067/5968/2140 3073/5964/2140
f 3040/5959/2141 3041/5957/2141 3059/5969/2141 3058/5970/2141
f 3054/5971/2142 3045/5972/2142 3063/5973/2142 3072/5974/2142
f 3029/5926/2143 3038/5945/2143 3056/5948/2143 3050/5975/2143
f 3033/5927/2144 3029/5926/2144 3050/5975/2144 3053/5976/2144
f 3026/5942/2145 3036/5928/2145 3055/5931/2145 3048/5963/2145
f 3027/5929/2146 3035/5939/2146 3054/5971/2146 3049/5930/2146
f 3021/5918/2147 3033/5927/2147 3053/5976/2147 3043/5919/2147
f 3025/5946/2148 3013/5917/2148 3042/5920/2148 3047/5947/2148
f 3022/5935/2149 3014/5934/2149 3044/5977/2149 3045/5972/2149
f 3011/5938/2150 3019/5944/2150 3041/5957/2150 3040/5959/2150
f 3014/5934/2151 3026/5942/2151 3048/5963/2151 3044/5977/2151
f 3030/5921/2152 3032/5924/2152 3052/5937/2152 3051/5960/2152
f 3035/5939/2153 3022/5935/2153 3045/5972/2153 3054/5971/2153
f 3039/5955/2154 3030/5921/2154 3051/5960/2154 3057/5956/2154
f 3063/5973/2155 3062/5978/2155 3080/5979/2155 3081/5980/2155
f 3069/5981/2156 3070/5982/2156 3088/5983/2156 3087/5984/2156
f 3066/5965/2157 3073/5964/2157 3091/5985/2157 3084/5986/2157
f 3149/5987/2158 3148/5988/2158 3079/5989/2158 3078/5990/2158
f 3073/5964/2159 3067/5968/2159 3085/5991/2159 3091/5985/2159
f 3058/5970/2160 3059/5969/2160 3077/5992/2160 3076/5993/2160
f 3044/5977/2161 3048/5963/2161 3114/5994/2161 3112/5995/2161
f 3056/5948/2162 3047/5947/2162 3065/5996/2162 3074/5997/2162
f 3052/5937/2163 3046/5936/2163 3064/5998/2163 3070/5982/2163
f 3046/5936/2164 3040/5959/2164 3058/5970/2164 3064/5998/2164
f 3050/5975/2165 3056/5948/2165 3074/5997/2165 3068/5999/2165
f 3053/5976/2166 3050/5975/2166 3068/5999/2166 3071/6000/2166
f 3047/5947/2167 3042/5920/2167 3060/5967/2167 3065/5996/2167
f 3069/5981/2168 3075/6001/2168 3135/6002/2168 3133/6003/2168
f 3043/5919/2169 3053/5976/2169 3071/6000/2169 3061/5966/2169
f 3048/5963/2170 3066/5965/2170 3117/6004/2170 3114/5994/2170
f 3041/5957/2171 3057/5956/2171 3075/6001/2171 3059/5969/2171
f 3049/5930/2172 3054/5971/2172 3072/5974/2172 3067/5968/2172
f 3088/5983/2173 3082/6005/2173 3100/6006/2173 3106/6007/2173
f 3092/6008/2174 3083/6009/2174 3101/6010/2174 3110/6011/2174
f 3081/5980/2175 3080/5979/2175 3098/6012/2175 3099/6013/2175
f 3087/5984/2176 3088/5983/2176 3106/6007/2176 3105/6014/2176
f 3084/5986/2177 3091/5985/2177 3109/6015/2177 3102/6016/2177
f 3078/5990/2178 3079/5989/2178 3097/6017/2178 3096/6018/2178
f 3151/6019/2179 3150/6020/2179 3083/6009/2179 3092/6008/2179
f 3070/5982/2180 3064/5998/2180 3082/6005/2180 3088/5983/2180
f 3064/5998/2181 3058/5970/2181 3076/5993/2181 3082/6005/2181
f 3152/6021/2182 3151/6019/2182 3092/6008/2182 3086/6022/2182
f 3153/6023/2183 3152/6021/2183 3086/6022/2183 3089/6024/2183
f 3150/6020/2184 3149/5987/2184 3078/5990/2184 3083/6009/2184
f 3075/6001/2185 3069/5981/2185 3087/5984/2185 3093/6025/2185
f 3148/5988/2186 3153/6023/2186 3089/6024/2186 3079/5989/2186
f 3062/5978/2187 3066/5965/2187 3084/5986/2187 3080/5979/2187
f 3059/5969/2188 3075/6001/2188 3093/6025/2188 3077/5992/2188
f 3067/5968/2189 3072/5974/2189 3090/6026/2189 3085/5991/2189
f 3072/5974/2190 3063/5973/2190 3081/5980/2190 3090/6026/2190
f 3094/6027/2191 3105/6014/2191 3106/6007/2191 3100/6006/2191
f 3104/6028/2192 3096/6018/2192 3097/6017/2192 3107/6029/2192
f 3098/6012/2193 3103/6030/2193 3108/6031/2193 3099/6013/2193
f 3102/6016/2194 3109/6015/2194 3103/6030/2194 3098/6012/2194
f 3110/6011/2195 3101/6010/2195 3096/6018/2195 3104/6028/2195
f 3095/6032/2196 3111/6033/2196 3105/6014/2196 3094/6027/2196
f 3082/6005/2197 3076/5993/2197 3094/6027/2197 3100/6006/2197
f 3086/6022/2198 3092/6008/2198 3110/6011/2198 3104/6028/2198
f 3089/6024/2199 3086/6022/2199 3104/6028/2199 3107/6029/2199
f 3083/6009/2200 3078/5990/2200 3096/6018/2200 3101/6010/2200
f 3093/6025/2201 3087/5984/2201 3105/6014/2201 3111/6033/2201
f 3079/5989/2202 3089/6024/2202 3107/6029/2202 3097/6017/2202
f 3080/5979/2203 3084/5986/2203 3102/6016/2203 3098/6012/2203
f 3077/5992/2204 3093/6025/2204 3111/6033/2204 3095/6032/2204
f 3085/5991/2205 3090/6026/2205 3108/6031/2205 3103/6030/2205
f 3090/6026/2206 3081/5980/2206 3099/6013/2206 3108/6031/2206
f 3076/5993/2207 3077/5992/2207 3095/6032/2207 3094/6027/2207
f 3091/5985/2208 3085/5991/2208 3103/6030/2208 3109/6015/2208
f 3115/6034/2209 3113/6035/2209 3119/6036/2209 3121/6037/2209
f 3117/6004/2210 3116/6038/2210 3122/6039/2210 3123/6040/2210
f 3062/5978/2211 3063/5973/2211 3115/6034/2211 3116/6038/2211
f 3066/5965/2212 3062/5978/2212 3116/6038/2212 3117/6004/2212
f 3063/5973/2213 3045/5972/2213 3113/6035/2213 3115/6034/2213
f 3045/5972/2214 3044/5977/2214 3112/5995/2214 3113/6035/2214
f 3122/6039/2215 3121/6037/2215 3127/6041/2215 3128/6042/2215
f 3120/6043/2216 3123/6040/2216 3129/6044/2216 3126/6045/2216
f 3113/6035/2217 3112/5995/2217 3118/6046/2217 3119/6036/2217
f 3114/5994/2218 3117/6004/2218 3123/6040/2218 3120/6043/2218
f 3116/6038/2219 3115/6034/2219 3121/6037/2219 3122/6039/2219
f 3112/5995/2220 3114/5994/2220 3120/6043/2220 3118/6046/2220
f 3125/6047/2221 3124/6048/2221 3128/6042/2221 3127/6041/2221
f 3124/6048/2222 3126/6045/2222 3129/6044/2222 3128/6042/2222
f 3118/6046/2223 3120/6043/2223 3126/6045/2223 3124/6048/2223
f 3123/6040/2224 3122/6039/2224 3128/6042/2224 3129/6044/2224
f 3121/6037/2225 3119/6036/2225 3125/6047/2225 3127/6041/2225
f 3119/6036/2226 3118/6046/2226 3124/6048/2226 3125/6047/2226
f 3132/6049/2227 3130/5962/2227 3136/6050/2227 3138/6051/2227
f 3133/6003/2228 3135/6002/2228 3141/6052/2228 3139/6053/2228
f 3075/6001/2229 3057/5956/2229 3132/6049/2229 3135/6002/2229
f 3070/5982/2230 3069/5981/2230 3133/6003/2230 3134/6054/2230
f 3052/5937/2231 3070/5982/2231 3134/6054/2231 3131/5961/2231
f 3057/5956/2232 3051/5960/2232 3130/5962/2232 3132/6049/2232
f 3137/6055/2233 3140/6056/2233 3146/6057/2233 3143/6058/2233
f 3141/6052/2234 3138/6051/2234 3144/6059/2234 3147/6060/2234
f 3135/6002/2235 3132/6049/2235 3138/6051/2235 3141/6052/2235
f 3131/5961/2236 3134/6054/2236 3140/6056/2236 3137/6055/2236
f 3134/6054/2237 3133/6003/2237 3139/6053/2237 3140/6056/2237
f 3130/5962/2238 3131/5961/2238 3137/6055/2238 3136/6050/2238
f 3142/6061/2239 3143/6058/2239 3146/6057/2239 3145/6062/2239
f 3144/6059/2240 3142/6061/2240 3145/6062/2240 3147/6060/2240
f 3140/6056/2241 3139/6053/2241 3145/6062/2241 3146/6057/2241
f 3136/6050/2242 3137/6055/2242 3143/6058/2242 3142/6061/2242
f 3139/6053/2243 3141/6052/2243 3147/6060/2243 3145/6062/2243
f 3138/6051/2244 3136/6050/2244 3142/6061/2244 3144/6059/2244
f 3158/6063/2245 3157/6064/2245 3153/6023/2245 3148/5988/2245
f 3159/6065/2246 3154/6066/2246 3149/5987/2246 3150/6020/2246
f 3152/6021/2247 3153/6023/2247 3161/6067/2247 3160/6068/2247
f 3157/6064/2248 3156/6069/2248 3164/6070/2248 3165/6071/2248
f 3155/6072/2249 3159/6065/2249 3150/6020/2249 3151/6019/2249
f 3154/6066/2250 3158/6063/2250 3148/5988/2250 3149/5987/2250
f 3060/5967/2251 3061/5966/2251 3158/6063/2251 3154/6066/2251
f 3074/5997/2252 3065/5996/2252 3159/6065/2252 3155/6072/2252
f 3068/5999/2253 3074/5997/2253 3155/6072/2253 3156/6069/2253
f 3071/6000/2254 3068/5999/2254 3156/6069/2254 3157/6064/2254
f 3065/5996/2255 3060/5967/2255 3154/6066/2255 3159/6065/2255
f 3061/5966/2256 3071/6000/2256 3157/6064/2256 3158/6063/2256
f 3165/6071/2257 3164/6070/2257 3170/6073/2257 3171/6074/2257
f 3162/6075/2258 3160/6068/2258 3166/6076/2258 3168/6077/2258
f 3153/6023/2259 3157/6064/2259 3165/6071/2259 3161/6067/2259
f 3155/6072/2260 3151/6019/2260 3162/6075/2260 3163/6078/2260
f 3156/6069/2261 3155/6072/2261 3163/6078/2261 3164/6070/2261
f 3151/6019/2262 3152/6021/2262 3160/6068/2262 3162/6075/2262
f 3170/6073/2263 3169/6079/2263 3175/6080/2263 3176/6081/2263
f 3166/6076/2264 3167/6082/2264 3173/6083/2264 3172/6084/2264
f 3161/6067/2265 3165/6071/2265 3171/6074/2265 3167/6082/2265
f 3163/6078/2266 3162/6075/2266 3168/6077/2266 3169/6079/2266
f 3160/6068/2267 3161/6067/2267 3167/6082/2267 3166/6076/2267
f 3164/6070/2268 3163/6078/2268 3169/6079/2268 3170/6073/2268
f 3177/6085/2269 3176/6081/2269 3172/6084/2269 3173/6083/2269
f 3176/6081/2270 3175/6080/2270 3174/6086/2270 3172/6084/2270
f 3168/6077/2271 3166/6076/2271 3172/6084/2271 3174/6086/2271
f 3171/6074/2272 3170/6073/2272 3176/6081/2272 3177/6085/2272
f 3167/6082/2273 3171/6074/2273 3177/6085/2273 3173/6083/2273
f 3169/6079/2274 3168/6077/2274 3174/6086/2274 3175/6080/2274
f 3187/6087/2275 3186/6088/2275 3178/5952/2275 3179/5958/2275
f 3188/6089/2276 3187/6087/2276 3179/5958/2276 3180/5943/2276
f 3190/6090/2277 3189/6091/2277 3181/5949/2277 3182/5953/2277
f 3186/6088/2278 3190/6090/2278 3182/5953/2278 3178/5952/2278
f 3192/6092/2279 3191/6093/2279 3183/5940/2279 3184/5950/2279
f 3189/6091/2280 3192/6092/2280 3184/5950/2280 3181/5949/2280
f 3193/6094/2281 3188/6089/2281 3180/5943/2281 3185/5941/2281
f 3191/6093/2282 3193/6094/2282 3185/5941/2282 3183/5940/2282
usemtl Inside.001
f 3208/6095/2283 3194/6096/2283 3188/6089/2283 3193/6094/2283
f 3196/6097/2284 3204/6098/2284 3190/6090/2284 3186/6088/2284
f 3232/6099/2285 3218/6100/2285 3212/6101/2285 3217/6102/2285
f 3198/6103/2286 3206/6104/2286 3192/6092/2286 3189/6091/2286
f 3204/6098/2287 3198/6103/2287 3189/6091/2287 3190/6090/2287
f 3200/6105/2288 3208/6095/2288 3193/6094/2288 3191/6093/2288
f 3206/6104/2289 3200/6105/2289 3191/6093/2289 3192/6092/2289
f 3202/6106/2290 3196/6097/2290 3186/6088/2290 3187/6087/2290
f 3196/6097/2291 3202/6106/2291 3203/6107/2291 3197/6108/2291
f 3197/6108/2292 3203/6107/2292 3210/6109/2292 3211/6110/2292
f 3202/6106/2293 3194/6096/2293 3195/6111/2293 3203/6107/2293
f 3203/6107/2294 3195/6111/2294 3212/6101/2294 3210/6109/2294
f 3198/6103/2295 3204/6098/2295 3205/6112/2295 3199/6113/2295
f 3199/6113/2296 3205/6112/2296 3213/6114/2296 3214/6115/2296
f 3204/6098/2297 3196/6097/2297 3197/6108/2297 3205/6112/2297
f 3205/6112/2298 3197/6108/2298 3211/6110/2298 3213/6114/2298
f 3200/6105/2299 3206/6104/2299 3207/6116/2299 3201/6117/2299
f 3201/6117/2300 3207/6116/2300 3215/6118/2300 3216/6119/2300
f 3206/6104/2301 3198/6103/2301 3199/6113/2301 3207/6116/2301
f 3207/6116/2302 3199/6113/2302 3214/6115/2302 3215/6118/2302
f 3194/6096/2303 3208/6095/2303 3209/6120/2303 3195/6111/2303
f 3195/6111/2304 3209/6120/2304 3217/6102/2304 3212/6101/2304
f 3208/6095/2305 3200/6105/2305 3201/6117/2305 3209/6120/2305
f 3209/6120/2306 3201/6117/2306 3216/6119/2306 3217/6102/2306
f 3194/6096/2307 3202/6106/2307 3187/6087/2307 3188/6089/2307
f 3220/6121/2308 3228/6122/2308 3213/6114/2308 3211/6110/2308
f 3256/6123/2309 3242/6124/2309 3236/6125/2309 3241/6126/2309
f 3222/6127/2310 3230/6128/2310 3215/6118/2310 3214/6115/2310
f 3228/6122/2311 3222/6127/2311 3214/6115/2311 3213/6114/2311
f 3224/6129/2310 3232/6099/2310 3217/6102/2310 3216/6119/2310
f 3230/6128/2310 3224/6129/2310 3216/6119/2310 3215/6118/2310
f 3226/6130/2312 3220/6121/2312 3211/6110/2312 3210/6109/2312
f 3234/6131/2313 3235/6132/2313 3221/6133/2313 3227/6134/2313
f 3227/6134/2314 3221/6133/2314 3220/6121/2314 3226/6130/2314
f 3236/6125/2315 3234/6131/2315 3227/6134/2315 3219/6135/2315
f 3219/6135/2316 3227/6134/2316 3226/6130/2316 3218/6100/2316
f 3237/6136/2317 3238/6137/2317 3223/6138/2317 3229/6139/2317
f 3229/6139/2318 3223/6138/2318 3222/6127/2318 3228/6122/2318
f 3235/6132/2319 3237/6136/2319 3229/6139/2319 3221/6133/2319
f 3221/6133/2320 3229/6139/2320 3228/6122/2320 3220/6121/2320
f 3239/6140/2321 3240/6141/2321 3225/6142/2321 3231/6143/2321
f 3231/6143/2322 3225/6142/2322 3224/6129/2322 3230/6128/2322
f 3238/6137/2323 3239/6140/2323 3231/6143/2323 3223/6138/2323
f 3223/6138/2324 3231/6143/2324 3230/6128/2324 3222/6127/2324
f 3241/6126/2325 3236/6125/2325 3219/6135/2325 3233/6144/2325
f 3233/6144/2326 3219/6135/2326 3218/6100/2326 3232/6099/2326
f 3240/6141/2327 3241/6126/2327 3233/6144/2327 3225/6142/2327
f 3225/6142/2328 3233/6144/2328 3232/6099/2328 3224/6129/2328
f 3218/6100/2329 3226/6130/2329 3210/6109/2329 3212/6101/2329
f 3244/6145/2330 3252/6146/2330 3237/6136/2330 3235/6132/2330
f 3280/6147/2310 3266/6148/2310 3260/6149/2310 3265/6150/2310
f 3246/6151/2310 3254/6152/2310 3239/6140/2310 3238/6137/2310
f 3252/6146/2331 3246/6151/2331 3238/6137/2331 3237/6136/2331
f 3248/6153/2310 3256/6123/2310 3241/6126/2310 3240/6141/2310
f 3254/6152/2310 3248/6153/2310 3240/6141/2310 3239/6140/2310
f 3250/6154/2332 3244/6145/2332 3235/6132/2332 3234/6131/2332
f 3258/6155/2333 3259/6156/2333 3245/6157/2333 3251/6158/2333
f 3251/6158/2334 3245/6157/2334 3244/6145/2334 3250/6154/2334
f 3260/6149/2335 3258/6155/2335 3251/6158/2335 3243/6159/2335
f 3243/6159/2336 3251/6158/2336 3250/6154/2336 3242/6124/2336
f 3261/6160/2337 3262/6161/2337 3247/6162/2337 3253/6163/2337
f 3253/6163/2338 3247/6162/2338 3246/6151/2338 3252/6146/2338
f 3259/6156/2339 3261/6160/2339 3253/6163/2339 3245/6157/2339
f 3245/6157/2340 3253/6163/2340 3252/6146/2340 3244/6145/2340
f 3263/6164/2341 3264/6165/2341 3249/6166/2341 3255/6167/2341
f 3255/6167/2342 3249/6166/2342 3248/6153/2342 3254/6152/2342
f 3262/6161/2343 3263/6164/2343 3255/6167/2343 3247/6162/2343
f 3247/6162/2344 3255/6167/2344 3254/6152/2344 3246/6151/2344
f 3265/6150/2345 3260/6149/2345 3243/6159/2345 3257/6168/2345
f 3257/6168/2346 3243/6159/2346 3242/6124/2346 3256/6123/2346
f 3264/6165/2347 3265/6150/2347 3257/6168/2347 3249/6166/2347
f 3249/6166/2348 3257/6168/2348 3256/6123/2348 3248/6153/2348
f 3242/6124/2349 3250/6154/2349 3234/6131/2349 3236/6125/2349
f 3268/6169/2310 3276/6170/2310 3261/6160/2310 3259/6156/2310
f 3304/6171/2310 3290/6172/2310 3284/6173/2310 3289/6174/2310
f 3270/6175/2310 3278/6176/2310 3263/6164/2310 3262/6161/2310
f 3276/6170/2310 3270/6175/2310 3262/6161/2310 3261/6160/2310
f 3272/6177/2310 3280/6147/2310 3265/6150/2310 3264/6165/2310
f 3278/6176/2310 3272/6177/2310 3264/6165/2310 3263/6164/2310
f 3274/6178/2350 3268/6169/2350 3259/6156/2350 3258/6155/2350
f 3282/6179/2351 3283/6180/2351 3269/6181/2351 3275/6182/2351
f 3275/6182/2352 3269/6181/2352 3268/6169/2352 3274/6178/2352
f 3284/6173/2353 3282/6179/2353 3275/6182/2353 3267/6183/2353
f 3267/6183/2354 3275/6182/2354 3274/6178/2354 3266/6148/2354
f 3285/6184/2355 3286/6185/2355 3271/6186/2355 3277/6187/2355
f 3277/6187/2356 3271/6186/2356 3270/6175/2356 3276/6170/2356
f 3283/6180/2357 3285/6184/2357 3277/6187/2357 3269/6181/2357
f 3269/6181/2358 3277/6187/2358 3276/6170/2358 3268/6169/2358
f 3287/6188/2359 3288/6189/2359 3273/6190/2359 3279/6191/2359
f 3279/6191/2360 3273/6190/2360 3272/6177/2360 3278/6176/2360
f 3286/6185/2361 3287/6188/2361 3279/6191/2361 3271/6186/2361
f 3271/6186/2362 3279/6191/2362 3278/6176/2362 3270/6175/2362
f 3289/6174/2363 3284/6173/2363 3267/6183/2363 3281/6192/2363
f 3281/6192/2364 3267/6183/2364 3266/6148/2364 3280/6147/2364
f 3288/6189/2365 3289/6174/2365 3281/6192/2365 3273/6190/2365
f 3273/6190/2366 3281/6192/2366 3280/6147/2366 3272/6177/2366
f 3266/6148/2367 3274/6178/2367 3258/6155/2367 3260/6149/2367
f 3292/6193/2310 3300/6194/2310 3285/6184/2310 3283/6180/2310
f 3335/6195/2310 3314/6196/2310 3308/6197/2310 3313/6198/2310
f 3294/6199/2310 3302/6200/2310 3287/6188/2310 3286/6185/2310
f 3300/6194/2310 3294/6199/2310 3286/6185/2310 3285/6184/2310
f 3296/6201/2310 3304/6171/2310 3289/6174/2310 3288/6189/2310
f 3302/6200/2310 3296/6201/2310 3288/6189/2310 3287/6188/2310
f 3298/6202/2310 3292/6193/2310 3283/6180/2310 3282/6179/2310
f 3306/6203/2368 3307/6204/2368 3293/6205/2368 3299/6206/2368
f 3299/6206/2369 3293/6205/2369 3292/6193/2369 3298/6202/2369
f 3308/6197/2370 3306/6203/2370 3299/6206/2370 3291/6207/2370
f 3291/6207/2371 3299/6206/2371 3298/6202/2371 3290/6172/2371
f 3309/6208/2372 3310/6209/2372 3295/6210/2372 3301/6211/2372
f 3301/6211/2373 3295/6210/2373 3294/6199/2373 3300/6194/2373
f 3307/6204/2374 3309/6208/2374 3301/6211/2374 3293/6205/2374
f 3293/6205/2375 3301/6211/2375 3300/6194/2375 3292/6193/2375
f 3311/6212/2376 3312/6213/2376 3297/6214/2376 3303/6215/2376
f 3303/6215/2377 3297/6214/2377 3296/6201/2377 3302/6200/2377
f 3310/6209/2378 3311/6212/2378 3303/6215/2378 3295/6210/2378
f 3295/6210/2379 3303/6215/2379 3302/6200/2379 3294/6199/2379
f 3313/6198/2380 3308/6197/2380 3291/6207/2380 3305/6216/2380
f 3305/6216/2381 3291/6207/2381 3290/6172/2381 3304/6171/2381
f 3312/6213/2382 3313/6198/2382 3305/6216/2382 3297/6214/2382
f 3297/6214/2383 3305/6216/2383 3304/6171/2383 3296/6201/2383
f 3290/6172/2310 3298/6202/2310 3282/6179/2310 3284/6173/2310
f 3318/6217/2310 3329/6218/2310 3309/6208/2310 3307/6204/2310
f 3317/6219/2310 3327/6220/2310 3315/6221/2310 3336/6222/2310 3323/6223/2310 3333/6224/2310 3320/6225/2310 3330/6226/2310
f 3321/6227/2310 3332/6228/2310 3311/6212/2310 3310/6209/2310
f 3329/6218/2310 3321/6227/2310 3310/6209/2310 3309/6208/2310
f 3324/6229/2310 3335/6195/2310 3313/6198/2310 3312/6213/2310
f 3332/6228/2310 3324/6229/2310 3312/6213/2310 3311/6212/2310
f 3326/6230/2310 3318/6217/2310 3307/6204/2310 3306/6203/2310
f 3327/6220/2384 3317/6219/2384 3319/6231/2384 3328/6232/2384
f 3328/6232/2385 3319/6231/2385 3318/6217/2385 3326/6230/2385
f 3315/6221/2386 3327/6220/2386 3328/6232/2386 3316/6233/2386
f 3316/6233/2387 3328/6232/2387 3326/6230/2387 3314/6196/2387
f 3330/6226/2388 3320/6225/2388 3322/6234/2388 3331/6235/2388
f 3331/6235/2389 3322/6234/2389 3321/6227/2389 3329/6218/2389
f 3317/6219/2390 3330/6226/2390 3331/6235/2390 3319/6231/2390
f 3319/6231/2391 3331/6235/2391 3329/6218/2391 3318/6217/2391
f 3333/6224/2392 3323/6223/2392 3325/6236/2392 3334/6237/2392
f 3334/6237/2393 3325/6236/2393 3324/6229/2393 3332/6228/2393
f 3320/6225/2394 3333/6224/2394 3334/6237/2394 3322/6234/2394
f 3322/6234/2395 3334/6237/2395 3332/6228/2395 3321/6227/2395
f 3336/6222/2396 3315/6221/2396 3316/6233/2396 3337/6238/2396
f 3337/6238/2397 3316/6233/2397 3314/6196/2397 3335/6195/2397
f 3323/6223/2398 3336/6222/2398 3337/6238/2398 3325/6236/2398
f 3325/6236/2399 3337/6238/2399 3335/6195/2399 3324/6229/2399
f 3314/6196/2310 3326/6230/2310 3306/6203/2310 3308/6197/2310
usemtl Material.003
f 3991/6239/2400 4168/6240/2400 4170/6241/2400
f 3992/6242/2401 3993/6243/2401 4171/6244/2401 4172/6245/2401 3995/6246/2401
f 3995/6246/2402 4172/6245/2402 4173/6247/2402 3998/6248/2402 3997/6249/2402
f 3997/6249/2403 3998/6248/2403 4000/6250/2403 3999/6251/2403
f 3999/6251/2404 4000/6250/2404 4002/6252/2404 4175/6253/2404 4174/6254/2404
f 4001/6255/2405 4175/6253/2405 4176/6256/2405
f 4003/6257/2406 4166/6258/2406 4165/6259/2406 4006/6260/2406 4005/6261/2406
f 4005/6261/2407 4006/6260/2407 3994/6262/2407 4168/6263/2407 4169/6264/2407
f 4008/6265/2408 4007/6266/2408 3991/6267/2408 4170/6268/2408 3992/6269/2408
f 4010/6270/2409 4009/6271/2409 3993/6272/2409 3994/6273/2409
f 4011/6274/2410 4008/6265/2410 3992/6269/2410 3995/6275/2410
f 4009/6271/2411 3996/6276/2411 4171/6277/2411 3993/6272/2411
f 4012/6278/2412 4011/6274/2412 3995/6275/2412 3997/6279/2412
f 3996/6280/2413 4013/6281/2413 3998/6282/2413 4173/6283/2413
f 4014/6284/2414 4012/6278/2414 3997/6279/2414 3999/6285/2414
f 4013/6281/2415 4015/6286/2415 4000/6287/2415 3998/6282/2415
f 4016/6288/2416 4014/6284/2416 3999/6285/2416 4174/6289/2416 4001/6290/2416
f 4015/6286/2417 4017/6291/2417 4002/6292/2417 4000/6287/2417
f 4018/6293/2418 4016/6288/2418 4001/6290/2418 4176/6294/2418 4003/6295/2418
f 4017/6291/2419 4004/6296/2419 4167/6297/2419 4002/6292/2419
f 4019/6298/2420 4018/6293/2420 4003/6295/2420 4005/6299/2420
f 4004/6300/2421 4020/6301/2421 4006/6302/2421 4165/6303/2421
f 4007/6266/2422 4019/6298/2422 4005/6299/2422 4169/6304/2422 3991/6267/2422
f 4020/6301/2423 4010/6270/2423 3994/6273/2423 4006/6302/2423
f 4165/6259/2424 4166/6258/2424 4004/6305/2424
f 4166/6258/2425 4167/6306/2425 4004/6305/2425
f 4169/6264/2426 4168/6263/2426 3991/6307/2426
f 4170/6241/2427 4168/6240/2427 3994/6308/2427 3993/6243/2427 3992/6242/2427
f 4172/6245/2428 4171/6244/2428 3996/6309/2428
f 4173/6247/2429 4172/6245/2429 3996/6309/2429
f 4174/6254/2430 4175/6253/2430 4001/6255/2430
f 4176/6256/2431 4175/6253/2431 4002/6252/2431 4167/6306/2431 4166/6258/2431 4003/6257/2431
usemtl Material.002
f 4051/6310/2432 4023/6311/2432 4010/6270/2432 4020/6301/2432
f 4021/6312/2433 4049/6313/2433 4019/6298/2433 4007/6266/2433
f 4069/6314/2434 4097/6315/2434 4067/6316/2434 4054/6317/2434
f 4099/6318/2435 4071/6319/2435 4055/6320/2435 4068/6321/2435
f 4027/6322/2436 4031/6323/2436 3996/6280/2436 4009/6271/2436
f 4033/6324/2437 4029/6325/2437 4011/6274/2437 4012/6278/2437
f 4031/6323/2438 4035/6326/2438 4013/6281/2438 3996/6280/2438
f 4037/6327/2439 4033/6324/2439 4012/6278/2439 4014/6284/2439
f 4035/6326/2440 4039/6328/2440 4015/6286/2440 4013/6281/2440
f 4041/6329/2441 4037/6327/2441 4014/6284/2441 4016/6288/2441
f 4039/6328/2442 4043/6330/2442 4017/6291/2442 4015/6286/2442
f 4045/6331/2443 4041/6329/2443 4016/6288/2443 4018/6293/2443
f 4043/6330/2444 4047/6332/2444 4004/6300/2444 4017/6291/2444
f 4049/6313/2445 4045/6331/2445 4018/6293/2445 4019/6298/2445
f 4047/6332/2446 4051/6310/2446 4020/6301/2446 4004/6300/2446
f 4023/6311/2447 4027/6322/2447 4009/6271/2447 4010/6270/2447
f 4029/6325/2448 4025/6333/2448 4008/6265/2448 4011/6274/2448
f 4021/6312/2449 4025/6333/2449 4026/6334/2449 4022/6335/2449
f 4022/6335/2450 4026/6334/2450 4053/6336/2450 4054/6317/2450
f 4027/6322/2451 4023/6311/2451 4024/6337/2451 4028/6338/2451
f 4028/6338/2452 4024/6337/2452 4055/6320/2452 4056/6339/2452
f 4025/6333/2453 4029/6325/2453 4030/6340/2453 4026/6334/2453
f 4026/6334/2454 4030/6340/2454 4057/6341/2454 4053/6336/2454
f 4031/6323/2455 4027/6322/2455 4028/6338/2455 4032/6342/2455
f 4032/6342/2456 4028/6338/2456 4056/6339/2456 4058/6343/2456
f 4029/6325/2457 4033/6324/2457 4034/6344/2457 4030/6340/2457
f 4030/6340/2458 4034/6344/2458 4059/6345/2458 4057/6341/2458
f 4035/6326/2459 4031/6323/2459 4032/6342/2459 4036/6346/2459
f 4036/6346/2460 4032/6342/2460 4058/6343/2460 4060/6347/2460
f 4033/6324/2461 4037/6327/2461 4038/6348/2461 4034/6344/2461
f 4034/6344/2462 4038/6348/2462 4061/6349/2462 4059/6345/2462
f 4039/6328/2463 4035/6326/2463 4036/6346/2463 4040/6350/2463
f 4040/6350/2464 4036/6346/2464 4060/6347/2464 4062/6351/2464
f 4037/6327/2465 4041/6329/2465 4042/6352/2465 4038/6348/2465
f 4038/6348/2466 4042/6352/2466 4063/6353/2466 4061/6349/2466
f 4043/6330/2467 4039/6328/2467 4040/6350/2467 4044/6354/2467
f 4044/6354/2468 4040/6350/2468 4062/6351/2468 4064/6355/2468
f 4041/6329/2469 4045/6331/2469 4046/6356/2469 4042/6352/2469
f 4042/6352/2470 4046/6356/2470 4065/6357/2470 4063/6353/2470
f 4047/6332/2471 4043/6330/2471 4044/6354/2471 4048/6358/2471
f 4048/6358/2472 4044/6354/2472 4064/6355/2472 4066/6359/2472
f 4045/6331/2473 4049/6313/2473 4050/6360/2473 4046/6356/2473
f 4046/6356/2474 4050/6360/2474 4067/6316/2474 4065/6357/2474
f 4051/6310/2475 4047/6332/2475 4048/6358/2475 4052/6361/2475
f 4052/6361/2476 4048/6358/2476 4066/6359/2476 4068/6321/2476
f 4049/6313/2477 4021/6312/2477 4022/6335/2477 4050/6360/2477
f 4050/6360/2478 4022/6335/2478 4054/6317/2478 4067/6316/2478
f 4023/6311/2479 4051/6310/2479 4052/6361/2479 4024/6337/2479
f 4024/6337/2480 4052/6361/2480 4068/6321/2480 4055/6320/2480
f 4025/6333/2481 4021/6312/2481 4007/6266/2481 4008/6265/2481
f 4118/6362/2482 4159/6363/2482 4115/6364/2482 4102/6365/2482
f 4163/6366/2483 4120/6367/2483 4103/6368/2483 4116/6369/2483
f 4075/6370/2484 4079/6371/2484 4058/6343/2484 4056/6339/2484
f 4081/6372/2485 4077/6373/2485 4057/6341/2485 4059/6345/2485
f 4079/6371/2486 4083/6374/2486 4060/6347/2486 4058/6343/2486
f 4085/6375/2487 4081/6372/2487 4059/6345/2487 4061/6349/2487
f 4083/6374/2488 4087/6376/2488 4062/6351/2488 4060/6347/2488
f 4089/6377/2489 4085/6375/2489 4061/6349/2489 4063/6353/2489
f 4087/6376/2490 4091/6378/2490 4064/6355/2490 4062/6351/2490
f 4093/6379/2491 4089/6377/2491 4063/6353/2491 4065/6357/2491
f 4091/6378/2492 4095/6380/2492 4066/6359/2492 4064/6355/2492
f 4097/6315/2493 4093/6379/2493 4065/6357/2493 4067/6316/2493
f 4095/6380/2494 4099/6318/2494 4068/6321/2494 4066/6359/2494
f 4071/6319/2495 4075/6370/2495 4056/6339/2495 4055/6320/2495
f 4077/6373/2496 4073/6381/2496 4053/6336/2496 4057/6341/2496
f 4101/6382/2497 4102/6365/2497 4070/6383/2497 4074/6384/2497
f 4074/6384/2498 4070/6383/2498 4069/6314/2498 4073/6381/2498
f 4103/6368/2499 4104/6385/2499 4076/6386/2499 4072/6387/2499
f 4072/6387/2500 4076/6386/2500 4075/6370/2500 4071/6319/2500
f 4105/6388/2501 4101/6382/2501 4074/6384/2501 4078/6389/2501
f 4078/6389/2502 4074/6384/2502 4073/6381/2502 4077/6373/2502
f 4104/6385/2503 4106/6390/2503 4080/6391/2503 4076/6386/2503
f 4076/6386/2504 4080/6391/2504 4079/6371/2504 4075/6370/2504
f 4107/6392/2505 4105/6388/2505 4078/6389/2505 4082/6393/2505
f 4082/6393/2506 4078/6389/2506 4077/6373/2506 4081/6372/2506
f 4106/6390/2507 4108/6394/2507 4084/6395/2507 4080/6391/2507
f 4080/6391/2508 4084/6395/2508 4083/6374/2508 4079/6371/2508
f 4109/6396/2509 4107/6392/2509 4082/6393/2509 4086/6397/2509
f 4086/6397/2510 4082/6393/2510 4081/6372/2510 4085/6375/2510
f 4108/6394/2511 4110/6398/2511 4088/6399/2511 4084/6395/2511
f 4084/6395/2512 4088/6399/2512 4087/6376/2512 4083/6374/2512
f 4111/6400/2513 4109/6396/2513 4086/6397/2513 4090/6401/2513
f 4090/6401/2514 4086/6397/2514 4085/6375/2514 4089/6377/2514
f 4110/6398/2515 4112/6402/2515 4092/6403/2515 4088/6399/2515
f 4088/6399/2516 4092/6403/2516 4091/6378/2516 4087/6376/2516
f 4113/6404/2517 4111/6400/2517 4090/6401/2517 4094/6405/2517
f 4094/6405/2518 4090/6401/2518 4089/6377/2518 4093/6379/2518
f 4112/6402/2519 4114/6406/2519 4096/6407/2519 4092/6403/2519
f 4092/6403/2520 4096/6407/2520 4095/6380/2520 4091/6378/2520
f 4115/6364/2521 4113/6404/2521 4094/6405/2521 4098/6408/2521
f 4098/6408/2522 4094/6405/2522 4093/6379/2522 4097/6315/2522
f 4114/6406/2523 4116/6369/2523 4100/6409/2523 4096/6407/2523
f 4096/6407/2524 4100/6409/2524 4099/6318/2524 4095/6380/2524
f 4102/6365/2525 4115/6364/2525 4098/6408/2525 4070/6383/2525
f 4070/6383/2526 4098/6408/2526 4097/6315/2526 4069/6314/2526
f 4116/6369/2527 4103/6368/2527 4072/6387/2527 4100/6409/2527
f 4100/6409/2528 4072/6387/2528 4071/6319/2528 4099/6318/2528
f 4073/6381/2529 4069/6314/2529 4054/6317/2529 4053/6336/2529
f 4117/6410/2530 4124/6411/2530 4130/6412/2530 4136/6413/2530 4142/6414/2530 4148/6415/2530 4154/6416/2530 4160/6417/2530
f 4126/6418/2531 4121/6419/2531 4162/6420/2531 4156/6421/2531 4150/6422/2531 4144/6423/2531 4138/6424/2531 4132/6425/2531
f 4127/6426/2532 4133/6427/2532 4106/6390/2532 4104/6385/2532
f 4135/6428/2533 4129/6429/2533 4105/6388/2533 4107/6392/2533
f 4133/6427/2534 4139/6430/2534 4108/6394/2534 4106/6390/2534
f 4141/6431/2535 4135/6428/2535 4107/6392/2535 4109/6396/2535
f 4139/6430/2536 4145/6432/2536 4110/6398/2536 4108/6394/2536
f 4147/6433/2537 4141/6431/2537 4109/6396/2537 4111/6400/2537
f 4145/6432/2538 4151/6434/2538 4112/6402/2538 4110/6398/2538
f 4153/6435/2539 4147/6433/2539 4111/6400/2539 4113/6404/2539
f 4151/6434/2540 4157/6436/2540 4114/6406/2540 4112/6402/2540
f 4159/6363/2541 4153/6435/2541 4113/6404/2541 4115/6364/2541
f 4157/6436/2542 4163/6366/2542 4116/6369/2542 4114/6406/2542
f 4120/6367/2543 4127/6426/2543 4104/6385/2543 4103/6368/2543
f 4129/6429/2544 4123/6437/2544 4101/6382/2544 4105/6388/2544
f 4124/6411/2545 4117/6410/2545 4119/6438/2545 4125/6439/2545
f 4125/6439/2546 4119/6438/2546 4118/6362/2546 4123/6437/2546
f 4121/6419/2547 4126/6418/2547 4128/6440/2547 4122/6441/2547
f 4122/6441/2548 4128/6440/2548 4127/6426/2548 4120/6367/2548
f 4130/6412/2549 4124/6411/2549 4125/6439/2549 4131/6442/2549
f 4131/6442/2550 4125/6439/2550 4123/6437/2550 4129/6429/2550
f 4126/6418/2551 4132/6425/2551 4134/6443/2551 4128/6440/2551
f 4128/6440/2552 4134/6443/2552 4133/6427/2552 4127/6426/2552
f 4136/6413/2553 4130/6412/2553 4131/6442/2553 4137/6444/2553
f 4137/6444/2554 4131/6442/2554 4129/6429/2554 4135/6428/2554
f 4132/6425/2555 4138/6424/2555 4140/6445/2555 4134/6443/2555
f 4134/6443/2556 4140/6445/2556 4139/6430/2556 4133/6427/2556
f 4142/6414/2557 4136/6413/2557 4137/6444/2557 4143/6446/2557
f 4143/6446/2558 4137/6444/2558 4135/6428/2558 4141/6431/2558
f 4138/6424/2559 4144/6423/2559 4146/6447/2559 4140/6445/2559
f 4140/6445/2560 4146/6447/2560 4145/6432/2560 4139/6430/2560
f 4148/6415/2561 4142/6414/2561 4143/6446/2561 4149/6448/2561
f 4149/6448/2562 4143/6446/2562 4141/6431/2562 4147/6433/2562
f 4144/6423/2563 4150/6422/2563 4152/6449/2563 4146/6447/2563
f 4146/6447/2564 4152/6449/2564 4151/6434/2564 4145/6432/2564
f 4154/6416/2565 4148/6415/2565 4149/6448/2565 4155/6450/2565
f 4155/6450/2566 4149/6448/2566 4147/6433/2566 4153/6435/2566
f 4150/6422/2567 4156/6421/2567 4158/6451/2567 4152/6449/2567
f 4152/6449/2568 4158/6451/2568 4157/6436/2568 4151/6434/2568
f 4160/6417/2569 4154/6416/2569 4155/6450/2569 4161/6452/2569
f 4161/6452/2570 4155/6450/2570 4153/6435/2570 4159/6363/2570
f 4156/6421/2571 4162/6420/2571 4164/6453/2571 4158/6451/2571
f 4158/6451/2572 4164/6453/2572 4163/6366/2572 4157/6436/2572
f 4117/6410/2573 4160/6417/2573 4161/6452/2573 4119/6438/2573
f 4119/6438/2574 4161/6452/2574 4159/6363/2574 4118/6362/2574
f 4162/6420/2575 4121/6419/2575 4122/6441/2575 4164/6453/2575
f 4164/6453/2576 4122/6441/2576 4120/6367/2576 4163/6366/2576
f 4123/6437/2577 4118/6362/2577 4102/6365/2577 4101/6382/2577
